time_s,load_N,stress_MPa
0.000000,150.206703,45.062011
0.005000,169.279571,50.783871
0.010000,191.444392,57.433318
0.015000,208.518967,62.555690
0.020000,230.466329,69.139899
0.025000,265.717422,79.715227
0.030000,289.386325,86.815898
0.035000,306.381967,91.914590
0.040000,334.124958,100.237487
0.045000,349.726072,104.917822
0.050000,350.219996,105.065999
0.055000,354.085486,106.225646
0.060000,363.087499,108.926250
0.065000,365.854318,109.756296
0.070000,350.219437,105.065831
0.075000,340.589475,102.176843
0.080000,324.696468,97.408940
0.085000,303.631677,91.089503
0.090000,269.688055,80.906417
0.095000,262.481637,78.744491
0.100000,237.762543,71.328763
0.105000,235.046050,70.513815
0.110000,224.998366,67.499510
0.115000,215.455501,64.636650
0.120000,173.634164,52.090249
0.125000,155.498499,46.649550
0.130000,128.972194,38.691658
0.135000,105.049204,31.514761
0.140000,71.509828,21.452948
0.145000,66.186469,19.855941
0.150000,42.549082,12.764724
0.155000,18.198584,5.459575
0.160000,9.667567,2.900270
0.165000,1.763767,0.529130
0.170000,-5.699141,-1.709742
0.175000,1.029946,0.308984
0.180000,-2.346051,-0.703815
0.185000,-13.810044,-4.143013
0.190000,-5.404988,-1.621496
0.195000,-0.429335,-0.128801
0.200000,-10.005255,-3.001577
0.205000,5.568138,1.670441
0.210000,30.477724,9.143317
0.215000,33.021238,9.906371
0.220000,57.616518,17.284955
0.225000,88.757118,26.627135
0.230000,105.251113,31.575334
0.235000,134.133769,40.240131
0.240000,177.515455,53.254637
0.245000,186.732272,56.019682
0.250000,212.450325,63.735098
0.255000,248.267522,74.480257
0.260000,256.425605,76.927682
0.265000,280.673067,84.201920
0.270000,313.451283,94.035385
0.275000,340.384474,102.115342
0.280000,367.611253,110.283376
0.285000,381.883815,114.565145
0.290000,393.777500,118.133250
0.295000,403.666383,121.099915
0.300000,409.550197,122.865059
0.305000,395.742649,118.722795
0.310000,400.607677,120.182303
0.315000,398.353367,119.506010
0.320000,407.036446,122.110934
0.325000,409.862284,122.958685
0.330000,400.447952,120.134386
0.335000,387.541417,116.262425
0.340000,380.433000,114.129900
0.345000,341.013654,102.304096
0.350000,309.691046,92.907314
0.355000,299.185022,89.755506
0.360000,293.756208,88.126863
0.365000,271.086341,81.325902
0.370000,260.606954,78.182086
0.375000,237.160507,71.148152
0.380000,211.727117,63.518135
0.385000,190.037428,57.011228
0.390000,158.053517,47.416055
0.395000,136.351260,40.905378
0.400000,121.742344,36.522703
0.405000,104.246157,31.273847
0.410000,74.099834,22.229950
0.415000,54.654532,16.396360
0.420000,45.690437,13.707131
0.425000,30.866056,9.259817
0.430000,35.698315,10.709495
0.435000,40.128897,12.038669
0.440000,49.615988,14.884796
0.445000,58.962945,17.688884
0.450000,66.790698,20.037209
0.455000,75.868497,22.760549
0.460000,83.436273,25.030882
0.465000,103.787146,31.136144
0.470000,106.025717,31.807715
0.475000,131.581766,39.474530
0.480000,131.568401,39.470520
0.485000,138.749372,41.624812
0.490000,156.219570,46.865871
0.495000,184.696261,55.408878
0.500000,208.970961,62.691288
0.505000,266.161742,79.848523
0.510000,301.113685,90.334105
0.515000,323.087910,96.926373
0.520000,355.290616,106.587185
0.525000,379.753991,113.926197
0.530000,380.353526,114.106058
0.535000,403.160599,120.948180
0.540000,429.133273,128.739982
0.545000,444.338543,133.301563
0.550000,441.951213,132.585364
0.555000,449.546275,134.863882
0.560000,455.185799,136.555740
0.565000,441.682834,132.504850
0.570000,436.997681,131.099304
0.575000,432.691207,129.807362
0.580000,432.379797,129.713939
0.585000,422.054675,126.616403
0.590000,416.947587,125.084276
0.595000,393.443381,118.033014
0.600000,380.492144,114.147643
0.605000,336.004040,100.801212
0.610000,303.152017,90.945605
0.615000,281.910651,84.573195
0.620000,245.386542,73.615963
0.625000,228.479364,68.543809
0.630000,205.853790,61.756137
0.635000,196.705616,59.011685
0.640000,163.560054,49.068016
0.645000,164.492802,49.347841
0.650000,137.949340,41.384802
0.655000,120.649145,36.194744
0.660000,107.763221,32.328966
0.665000,111.655843,33.496753
0.670000,93.145449,27.943635
0.675000,80.998257,24.299477
0.680000,86.095307,25.828592
0.685000,65.470238,19.641072
0.690000,63.032266,18.909680
0.695000,62.660184,18.798055
0.700000,70.974557,21.292367
0.705000,75.429110,22.628733
0.710000,90.587316,27.176195
0.715000,86.595131,25.978539
0.720000,118.433028,35.529908
0.725000,137.196784,41.159035
0.730000,172.700968,51.810290
0.735000,200.755641,60.226692
0.740000,229.512338,68.853701
0.745000,241.706328,72.511899
0.750000,263.706012,79.111804
0.755000,281.280615,84.384185
0.760000,303.004328,90.901298
0.765000,330.197672,99.059301
0.770000,344.648366,103.394510
0.775000,364.011165,109.203349
0.780000,396.651130,118.995339
0.785000,411.584829,123.475449
0.790000,420.411976,126.123593
0.795000,446.325973,133.897792
0.800000,473.361143,142.008343
0.805000,454.808330,136.442499
0.810000,461.712967,138.513890
0.815000,465.133698,139.540109
0.820000,445.232785,133.569836
0.825000,433.630967,130.089290
0.830000,435.842153,130.752646
0.835000,425.983814,127.795144
0.840000,410.249923,123.074977
0.845000,410.763584,123.229075
0.850000,381.187224,114.356167
0.855000,358.984383,107.695315
0.860000,326.769436,98.030831
0.865000,299.110026,89.733008
0.870000,281.411889,84.423567
0.875000,256.519363,76.955809
0.880000,234.835338,70.450601
0.885000,218.655105,65.596532
0.890000,200.852559,60.255768
0.895000,163.252921,48.975876
0.900000,151.007644,45.302293
0.905000,126.759856,38.027957
0.910000,108.467807,32.540342
0.915000,97.243661,29.173098
0.920000,98.440913,29.532274
0.925000,89.409253,26.822776
0.930000,88.439154,26.531746
0.935000,81.784060,24.535218
0.940000,70.329896,21.098969
0.945000,71.430879,21.429264
0.950000,79.723006,23.916902
0.955000,84.530518,25.359155
0.960000,105.211693,31.563508
0.965000,137.009275,41.102783
0.970000,152.972758,45.891827
0.975000,171.671331,51.501399
0.980000,190.054803,57.016441
0.985000,220.251517,66.075455
0.990000,227.590110,68.277033
0.995000,252.171502,75.651451
1.000000,273.474121,82.042236
1.005000,308.820109,92.646033
1.010000,336.039063,100.811719
1.015000,381.399571,114.419871
1.020000,387.685422,116.305627
1.025000,391.036129,117.310839
1.030000,409.529909,122.858973
1.035000,403.156286,120.946886
1.040000,405.519832,121.655950
1.045000,433.064449,129.919335
1.050000,442.225069,132.667521
1.055000,424.602212,127.380664
1.060000,437.480809,131.244243
1.065000,437.461648,131.238494
1.070000,425.146358,127.543907
1.075000,431.866102,129.559830
1.080000,432.113589,129.634077
1.085000,405.319551,121.595865
1.090000,388.346941,116.504082
1.095000,364.815685,109.444705
1.100000,331.467013,99.440104
1.105000,320.640758,96.192227
1.110000,308.972895,92.691869
1.115000,289.103382,86.731015
1.120000,263.714123,79.114237
1.125000,245.944478,73.783343
1.130000,208.244571,62.473371
1.135000,176.366791,52.910037
1.140000,150.177409,45.053223
1.145000,128.479735,38.543920
1.150000,114.755136,34.426541
1.155000,105.473057,31.641917
1.160000,110.925394,33.277618
1.165000,82.799321,24.839796
1.170000,83.400308,25.020092
1.175000,69.915194,20.974558
1.180000,60.155451,18.046635
1.185000,28.515582,8.554675
1.190000,35.276168,10.582850
1.195000,36.557907,10.967372
1.200000,42.143338,12.643001
1.205000,51.424898,15.427469
1.210000,72.064747,21.619424
1.215000,99.004555,29.701366
1.220000,109.331168,32.799350
1.225000,110.982835,33.294850
1.230000,125.239045,37.571713
1.235000,133.767324,40.130197
1.240000,121.625539,36.487662
1.245000,141.439397,42.431819
1.250000,193.981909,58.194573
1.255000,224.158620,67.247586
1.260000,254.389016,76.316705
1.265000,295.943523,88.783057
1.270000,331.129520,99.338856
1.275000,342.095466,102.628640
1.280000,360.614793,108.184438
1.285000,385.913516,115.774055
1.290000,407.655053,122.296516
1.295000,416.292069,124.887621
1.300000,427.829467,128.348840
1.305000,434.542444,130.362733
1.310000,428.893556,128.668067
1.315000,431.787055,129.536116
1.320000,415.827208,124.748163
1.325000,413.010080,123.903024
1.330000,390.962534,117.288760
1.335000,385.190760,115.557228
1.340000,365.359921,109.607976
1.345000,342.117183,102.635155
1.350000,326.857424,98.057227
1.355000,326.564381,97.969314
1.360000,300.286559,90.085968
1.365000,281.682141,84.504642
1.370000,269.681524,80.904457
1.375000,208.969114,62.690734
1.380000,173.255314,51.976594
1.385000,150.829333,45.248800
1.390000,120.456405,36.136922
1.395000,85.102899,25.530870
1.400000,81.661785,24.498536
1.405000,57.886528,17.365958
1.410000,49.690128,14.907038
1.415000,35.933231,10.779969
1.420000,31.395459,9.418638
1.425000,35.522817,10.656845
1.430000,25.242782,7.572835
1.435000,8.452116,2.535635
1.440000,-9.784422,-2.935327
1.445000,4.929262,1.478778
1.450000,5.622483,1.686745
1.455000,25.605087,7.681526
1.460000,45.127344,13.538203
1.465000,74.257263,22.277179
1.470000,79.569354,23.870806
1.475000,88.134950,26.440485
1.480000,99.317848,29.795354
1.485000,116.063409,34.819023
1.490000,150.096706,45.029012
1.495000,176.419061,52.925718
1.500000,201.960123,60.588037
1.505000,222.943186,66.882956
1.510000,241.019651,72.305895
1.515000,264.550038,79.365011
1.520000,285.797300,85.739190
1.525000,306.922235,92.076671
1.530000,327.048009,98.114403
1.535000,339.353802,101.806141
1.540000,339.662593,101.898778
1.545000,353.598051,106.079415
1.550000,358.060684,107.418205
1.555000,364.153463,109.246039
1.560000,373.298402,111.989521
1.565000,373.600811,112.080243
1.570000,349.608296,104.882489
1.575000,343.506061,103.051818
1.580000,328.127912,98.438374
1.585000,323.756276,97.126883
1.590000,300.833395,90.250019
1.595000,299.880694,89.964208
1.600000,293.485639,88.045692
1.605000,275.483011,82.644903
1.610000,239.743953,71.923186
1.615000,222.428188,66.728456
1.620000,191.998136,57.599441
1.625000,145.660006,43.698002
1.630000,125.661597,37.698479
1.635000,120.798380,36.239514
1.640000,92.185832,27.655750
1.645000,66.723435,20.017030
1.650000,43.976363,13.192909
1.655000,22.358778,6.707633
1.660000,-22.065188,-6.619556
1.665000,-44.749611,-13.424883
1.670000,-46.120056,-13.836017
1.675000,-55.381018,-16.614305
1.680000,-56.659745,-16.997924
1.685000,-38.767433,-11.630230
1.690000,-28.967470,-8.690241
1.695000,-32.759410,-9.827823
1.700000,-4.780691,-1.434207
1.705000,-6.887876,-2.066363
1.710000,-12.854582,-3.856374
1.715000,-12.118856,-3.635657
1.720000,-0.144885,-0.043465
1.725000,14.297920,4.289376
1.730000,43.631284,13.089385
1.735000,62.442153,18.732646
1.740000,89.191028,26.757308
1.745000,108.375898,32.512769
1.750000,122.829669,36.848901
1.755000,137.460862,41.238259
1.760000,170.270122,51.081037
1.765000,202.261407,60.678422
1.770000,225.519810,67.655943
1.775000,242.958050,72.887415
1.780000,264.499273,79.349782
1.785000,278.200994,83.460298
1.790000,293.516422,88.054927
1.795000,321.874138,96.562241
1.800000,335.080450,100.524135
1.805000,339.026242,101.707873
1.810000,328.265594,98.479678
1.815000,326.252576,97.875773
1.820000,291.478682,87.443605
1.825000,268.141956,80.442587
1.830000,264.207300,79.262190
1.835000,270.170141,81.051042
1.840000,250.031198,75.009359
1.845000,233.661892,70.098568
1.850000,221.545106,66.463532
1.855000,187.009479,56.102844
1.860000,162.669916,48.800975
1.865000,156.989553,47.096866
1.870000,146.682861,44.004858
1.875000,117.305607,35.191682
1.880000,87.261626,26.178488
1.885000,56.008159,16.802448
1.890000,11.610643,3.483193
1.895000,-23.092815,-6.927844
1.900000,-38.159389,-11.447817
1.905000,-58.375706,-17.512712
1.910000,-67.239743,-20.171923
1.915000,-73.098832,-21.929650
1.920000,-68.315387,-20.494616
1.925000,-83.286520,-24.985956
1.930000,-77.206201,-23.161860
1.935000,-91.299441,-27.389832
1.940000,-103.897908,-31.169373
1.945000,-113.122702,-33.936811
1.950000,-114.458049,-34.337415
1.955000,-121.849979,-36.554994
1.960000,-103.304316,-30.991295
1.965000,-87.920405,-26.376121
1.970000,-67.236569,-20.170971
1.975000,-30.420981,-9.126294
1.980000,-12.471152,-3.741346
1.985000,-3.309286,-0.992786
1.990000,22.579828,6.773948
1.995000,47.732238,14.319672
2.000000,60.850511,18.255153
2.005000,107.103821,32.131146
2.010000,138.825867,41.647760
2.015000,150.704007,45.211202
2.020000,161.954412,48.586324
2.025000,191.735126,57.520538
2.030000,205.685414,61.705624
2.035000,205.130434,61.539130
2.040000,239.516388,71.854916
2.045000,262.987699,78.896310
2.050000,275.684700,82.705410
2.055000,274.305769,82.291731
2.060000,289.442810,86.832843
2.065000,268.818959,80.645688
2.070000,280.359060,84.107718
2.075000,261.146657,78.343997
2.080000,266.862176,80.058653
2.085000,251.148690,75.344607
2.090000,245.914729,73.774419
2.095000,194.269466,58.280840
2.100000,172.479714,51.743914
2.105000,145.672864,43.701859
2.110000,117.348959,35.204688
2.115000,99.974554,29.992366
2.120000,90.625355,27.187607
2.125000,59.531488,17.859447
2.130000,21.851579,6.555474
2.135000,2.799399,0.839820
2.140000,-30.775550,-9.232665
2.145000,-61.194171,-18.358251
2.150000,-81.364565,-24.409370
2.155000,-99.829819,-29.948946
2.160000,-122.246116,-36.673835
2.165000,-147.601043,-44.280313
2.170000,-156.460457,-46.938137
2.175000,-152.679720,-45.803916
2.180000,-169.370084,-50.811025
2.185000,-164.911964,-49.473589
2.190000,-160.423734,-48.127120
2.195000,-165.327032,-49.598110
2.200000,-159.926875,-47.978062
2.205000,-143.192863,-42.957859
2.210000,-119.727133,-35.918140
2.215000,-106.586600,-31.975980
2.220000,-79.058373,-23.717512
2.225000,-68.916739,-20.675022
2.230000,-50.152953,-15.045886
2.235000,-35.258547,-10.577564
2.240000,-6.909807,-2.072942
2.245000,18.967548,5.690265
2.250000,44.955935,13.486780
2.255000,66.859531,20.057859
2.260000,85.513755,25.654127
2.265000,110.566625,33.169987
2.270000,135.654533,40.696360
2.275000,149.518766,44.855630
2.280000,176.782481,53.034744
2.285000,180.566440,54.169932
2.290000,199.684684,59.905405
2.295000,195.033780,58.510134
2.300000,196.657661,58.997298
2.305000,202.333334,60.700000
2.310000,227.700309,68.310093
2.315000,209.901341,62.970402
2.320000,206.319594,61.895878
2.325000,208.206746,62.462024
2.330000,190.037320,57.011196
2.335000,171.776260,51.532878
2.340000,162.408930,48.722679
2.345000,147.817017,44.345105
2.350000,138.756644,41.626993
2.355000,120.231775,36.069533
2.360000,97.632623,29.289787
2.365000,72.143693,21.643108
2.370000,43.267833,12.980350
2.375000,-1.418051,-0.425415
2.380000,-5.809792,-1.742938
2.385000,-36.753883,-11.026165
2.390000,-51.156305,-15.346891
2.395000,-64.661023,-19.398307
2.400000,-70.121206,-21.036362
2.405000,-104.172392,-31.251718
2.410000,-103.734007,-31.120202
2.415000,-128.945513,-38.683654
2.420000,-153.431807,-46.029542
2.425000,-172.217701,-51.665310
2.430000,-189.693089,-56.907927
2.435000,-202.274534,-60.682360
2.440000,-187.533027,-56.259908
2.445000,-179.738299,-53.921490
2.450000,-176.631700,-52.989510
2.455000,-159.647634,-47.894290
2.460000,-142.485020,-42.745506
2.465000,-156.921542,-47.076462
2.470000,-127.894017,-38.368205
2.475000,-106.082801,-31.824840
2.480000,-73.763126,-22.128938
2.485000,-70.826985,-21.248095
2.490000,-26.693468,-8.008041
2.495000,-18.301373,-5.490412
2.500000,7.547923,2.264377
2.505000,35.383676,10.615103
2.510000,75.259016,22.577705
2.515000,98.242576,29.472773
2.520000,126.094554,37.828366
2.525000,140.016427,42.004928
2.530000,145.191430,43.557429
2.535000,155.642043,46.692613
2.540000,173.025766,51.907730
2.545000,191.427141,57.428142
2.550000,206.950140,62.085042
2.555000,215.927088,64.778126
2.560000,219.135163,65.740549
2.565000,230.265025,69.079508
2.570000,242.944843,72.883453
2.575000,244.731338,73.419401
2.580000,230.049818,69.014945
2.585000,217.914690,65.374407
2.590000,188.151978,56.445593
2.595000,150.281609,45.084483
2.600000,131.762634,39.528790
2.605000,108.557486,32.567246
2.610000,91.427979,27.428394
2.615000,71.808728,21.542619
2.620000,55.325381,16.597614
2.625000,29.523250,8.856975
2.630000,7.254202,2.176261
2.635000,-29.570120,-8.871036
2.640000,-54.234081,-16.270224
2.645000,-83.049909,-24.914973
2.650000,-100.611085,-30.183325
2.655000,-113.860229,-34.158069
2.660000,-134.037382,-40.211214
2.665000,-146.024110,-43.807233
2.670000,-164.125558,-49.237667
2.675000,-179.813188,-53.943956
2.680000,-188.007331,-56.402199
2.685000,-196.477529,-58.943259
2.690000,-195.890992,-58.767298
2.695000,-180.390916,-54.117275
2.700000,-170.065764,-51.019729
2.705000,-161.438292,-48.431488
2.710000,-135.293949,-40.588185
2.715000,-128.634391,-38.590317
2.720000,-114.355842,-34.306752
2.725000,-97.699624,-29.309887
2.730000,-71.895025,-21.568508
2.735000,-55.333525,-16.600057
2.740000,-21.259991,-6.377997
2.745000,7.213846,2.164154
2.750000,36.077579,10.823274
2.755000,57.415296,17.224589
2.760000,96.666079,28.999824
2.765000,105.888527,31.766558
2.770000,131.698631,39.509589
2.775000,156.537462,46.961239
2.780000,182.235453,54.670636
2.785000,198.650643,59.595193
2.790000,222.084576,66.625373
2.795000,229.017538,68.705261
2.800000,242.017094,72.605128
2.805000,250.051841,75.015552
2.810000,252.406381,75.721914
2.815000,246.149307,73.844792
2.820000,250.017356,75.005207
2.825000,248.676456,74.602937
2.830000,244.717488,73.415246
2.835000,233.498314,70.049494
2.840000,219.060443,65.718133
2.845000,205.784954,61.735486
2.850000,176.587738,52.976321
2.855000,127.741276,38.322383
2.860000,106.867829,32.060349
2.865000,84.218991,25.265697
2.870000,42.358052,12.707416
2.875000,14.120216,4.236065
2.880000,20.233006,6.069902
2.885000,-9.676157,-2.902847
2.890000,-18.703220,-5.610966
2.895000,-16.311306,-4.893392
2.900000,-18.915405,-5.674621
2.905000,-48.497254,-14.549176
2.910000,-63.870108,-19.161032
2.915000,-90.094531,-27.028359
2.920000,-120.932794,-36.279838
2.925000,-138.719597,-41.615879
2.930000,-140.157192,-42.047158
2.935000,-139.667790,-41.900337
2.940000,-120.791915,-36.237575
2.945000,-117.429605,-35.228881
2.950000,-114.190118,-34.257035
2.955000,-101.408260,-30.422478
2.960000,-84.658332,-25.397500
2.965000,-68.420505,-20.526151
2.970000,-40.999612,-12.299884
2.975000,-22.794549,-6.838365
2.980000,-3.654674,-1.096402
2.985000,7.269772,2.180932
2.990000,10.372522,3.111757
2.995000,37.418548,11.225564
3.000000,65.431123,19.629337
3.005000,90.985605,27.295681
3.010000,111.020501,33.306150
3.015000,146.032578,43.809773
3.020000,160.250571,48.075171
3.025000,175.926648,52.777995
3.030000,175.719810,52.715943
3.035000,204.769480,61.430844
3.040000,230.591402,69.177421
3.045000,251.503303,75.450991
3.050000,263.826069,79.147821
3.055000,288.969503,86.690851
3.060000,301.832301,90.549690
3.065000,273.557290,82.067187
3.070000,267.357050,80.207115
3.075000,271.261084,81.378325
3.080000,268.593223,80.577967
3.085000,265.051732,79.515519
3.090000,282.464206,84.739262
3.095000,269.784195,80.935259
3.100000,249.523082,74.856925
3.105000,230.180890,69.054267
3.110000,190.564645,57.169393
3.115000,158.310234,47.493070
3.120000,139.426969,41.828091
3.125000,128.646904,38.594071
3.130000,97.057463,29.117239
3.135000,77.364436,23.209331
3.140000,56.441635,16.932491
3.145000,38.270114,11.481034
3.150000,2.224020,0.667206
3.155000,-3.033440,-0.910032
3.160000,-26.503303,-7.950991
3.165000,-43.269533,-12.980860
3.170000,-66.624146,-19.987244
3.175000,-68.256094,-20.476828
3.180000,-76.812502,-23.043751
3.185000,-83.217129,-24.965139
3.190000,-87.961273,-26.388382
3.195000,-79.441884,-23.832565
3.200000,-83.663232,-25.098970
3.205000,-93.862093,-28.158628
3.210000,-60.279569,-18.083871
3.215000,-33.142171,-9.942651
3.220000,-13.594225,-4.078268
3.225000,8.330507,2.499152
3.230000,51.056291,15.316887
3.235000,64.665198,19.399559
3.240000,94.484420,28.345326
3.245000,109.031441,32.709432
3.250000,132.184769,39.655431
3.255000,151.775080,45.532524
3.260000,173.866869,52.160061
3.265000,195.506831,58.652049
3.270000,228.728951,68.618685
3.275000,250.508122,75.152437
3.280000,269.930824,80.979247
3.285000,291.058268,87.317480
3.290000,308.871010,92.661303
3.295000,314.957330,94.487199
3.300000,329.201998,98.760599
3.305000,345.684175,103.705253
3.310000,370.680668,111.204200
3.315000,380.476172,114.142852
3.320000,384.024950,115.207485
3.325000,384.173759,115.252128
3.330000,378.636541,113.590962
3.335000,348.763458,104.629037
3.340000,311.328593,93.398578
3.345000,295.695387,88.708616
3.350000,279.334878,83.800463
3.355000,240.357928,72.107378
3.360000,206.587529,61.976259
3.365000,180.146813,54.044044
3.370000,160.992536,48.297761
3.375000,127.374631,38.212389
3.380000,108.937457,32.681237
3.385000,100.262561,30.078768
3.390000,93.947670,28.184301
3.395000,64.343132,19.302940
3.400000,54.316261,16.294878
3.405000,30.095555,9.028666
3.410000,9.428081,2.828424
3.415000,-17.364907,-5.209472
3.420000,-16.614607,-4.984382
3.425000,-28.951859,-8.685558
3.430000,-32.878783,-9.863635
3.435000,-34.840673,-10.452202
3.440000,-27.309938,-8.192981
3.445000,-26.504913,-7.951474
3.450000,-31.702308,-9.510692
3.455000,-23.737045,-7.121113
3.460000,-10.742969,-3.222891
3.465000,27.149855,8.144956
3.470000,47.479350,14.243805
3.475000,79.797475,23.939243
3.480000,116.086900,34.826070
3.485000,159.383629,47.815089
3.490000,162.225715,48.667714
3.495000,177.400756,53.220227
3.500000,214.131816,64.239545
3.505000,238.529826,71.558948
3.510000,253.182900,75.954870
3.515000,275.941089,82.782327
3.520000,318.055349,95.416605
3.525000,344.302673,103.290802
3.530000,365.285285,109.585586
3.535000,383.634367,115.090310
3.540000,387.293242,116.187973
3.545000,390.145319,117.043596
3.550000,385.201674,115.560502
3.555000,391.427308,117.428192
3.560000,395.592059,118.677618
3.565000,410.106894,123.032068
3.570000,389.356039,116.806812
3.575000,388.623733,116.587120
3.580000,370.988810,111.296643
3.585000,351.796263,105.538879
3.590000,335.931219,100.779366
3.595000,330.527931,99.158379
3.600000,290.750029,87.225009
3.605000,286.198857,85.859657
3.610000,269.124629,80.737389
3.615000,259.942933,77.982880
3.620000,254.815498,76.444649
3.625000,249.372847,74.811854
3.630000,201.112648,60.333794
3.635000,168.219313,50.465794
3.640000,126.736070,38.020821
3.645000,85.100810,25.530243
3.650000,65.289321,19.586796
3.655000,45.271339,13.581402
3.660000,38.895332,11.668600
3.665000,22.624945,6.787483
3.670000,17.832966,5.349890
3.675000,7.981569,2.394471
3.680000,16.145079,4.843524
3.685000,10.567764,3.170329
3.690000,19.220562,5.766169
3.695000,15.971295,4.791389
3.700000,10.506134,3.151840
3.705000,22.892078,6.867624
3.710000,51.201666,15.360500
3.715000,86.980988,26.094296
3.720000,120.495704,36.148711
3.725000,159.796616,47.938985
3.730000,176.661013,52.998304
3.735000,196.990230,59.097069
3.740000,205.402518,61.620755
3.745000,219.759245,65.927773
3.750000,237.653137,71.295941
3.755000,269.663259,80.898978
3.760000,280.099195,84.029758
3.765000,304.545544,91.363663
3.770000,319.918485,95.975546
3.775000,341.230398,102.369119
3.780000,378.848731,113.654619
3.785000,399.716181,119.914854
3.790000,413.981327,124.194398
3.795000,439.750094,131.925028
3.800000,458.375276,137.512583
3.805000,438.183613,131.455084
3.810000,440.939506,132.281852
3.815000,450.895174,135.268552
3.820000,446.338759,133.901628
3.825000,436.086581,130.825974
3.830000,448.857768,134.657330
3.835000,433.659234,130.097770
3.840000,412.869618,123.860886
3.845000,390.006080,117.001824
3.850000,382.240642,114.672193
3.855000,333.618586,100.085576
3.860000,311.576222,93.472867
3.865000,283.407551,85.022265
3.870000,268.809509,80.642853
3.875000,237.266068,71.179820
3.880000,239.562238,71.868671
3.885000,208.237016,62.471105
3.890000,195.155186,58.546556
3.895000,165.333610,49.600083
3.900000,134.501602,40.350481
3.905000,108.844397,32.653319
3.910000,97.413100,29.223930
3.915000,60.552404,18.165721
3.920000,48.348936,14.504681
3.925000,32.948216,9.884465
3.930000,17.686961,5.306088
3.935000,25.355770,7.606731
3.940000,44.940566,13.482170
3.945000,64.209195,19.262758
3.950000,81.294319,24.388296
3.955000,83.909151,25.172745
3.960000,87.422208,26.226662
3.965000,92.758656,27.827597
3.970000,87.928772,26.378632
3.975000,112.766068,33.829820
3.980000,141.471957,42.441587
3.985000,154.812347,46.443704
3.990000,192.004469,57.601341
3.995000,225.891648,67.767494
4.000000,250.684609,75.205383
4.005000,282.103303,84.630991
4.010000,327.981102,98.394331
4.015000,346.920853,104.076256
4.020000,380.741534,114.222460
4.025000,402.796583,120.838975
4.030000,424.733011,127.419903
4.035000,440.434917,132.130475
4.040000,443.513250,133.053975
4.045000,444.668661,133.400598
4.050000,448.692071,134.607621
4.055000,453.703560,136.111068
4.060000,442.934053,132.880216
4.065000,467.880714,140.364214
4.070000,467.095191,140.128557
4.075000,453.432730,136.029819
4.080000,429.044562,128.713369
4.085000,425.742669,127.722801
4.090000,397.357554,119.207266
4.095000,373.740477,112.122143
4.100000,364.962591,109.488777
4.105000,352.434424,105.730327
4.110000,336.498036,100.949411
4.115000,307.647445,92.294233
4.120000,288.519114,86.555734
4.125000,270.640317,81.192095
4.130000,271.359848,81.407954
4.135000,234.286893,70.286068
4.140000,212.542379,63.762714
4.145000,183.457372,55.037212
4.150000,160.735821,48.220746
4.155000,111.655502,33.496651
4.160000,98.668105,29.600431
4.165000,87.393303,26.217991
4.170000,74.180958,22.254287
4.175000,50.989403,15.296821
4.180000,50.099974,15.029992
4.185000,33.989664,10.196899
4.190000,22.618247,6.785474
4.195000,30.236248,9.070874
4.200000,45.261146,13.578344
4.205000,56.749609,17.024883
4.210000,71.374243,21.412273
4.215000,93.893128,28.167938
4.220000,120.669927,36.200978
4.225000,143.164570,42.949371
4.230000,165.097580,49.529274
4.235000,194.776210,58.432863
4.240000,227.272608,68.181782
4.245000,240.763892,72.229168
4.250000,251.857971,75.557391
4.255000,270.954926,81.286478
4.260000,314.119282,94.235785
4.265000,334.514734,100.354420
4.270000,370.932299,111.279690
4.275000,397.433786,119.230136
4.280000,430.474279,129.142284
4.285000,431.023733,129.307120
4.290000,442.510436,132.753131
4.295000,464.961340,139.488402
4.300000,483.903017,145.170905
4.305000,478.348187,143.504456
4.310000,485.332844,145.599853
4.315000,488.895059,146.668518
4.320000,475.222787,142.566836
4.325000,458.598933,137.579680
4.330000,439.094210,131.728263
4.335000,425.088004,127.526401
4.340000,407.480438,122.244131
4.345000,381.111832,114.333550
4.350000,375.827964,112.748389
4.355000,370.697585,111.209276
4.360000,356.314125,106.894237
4.365000,323.087132,96.926140
4.370000,304.064721,91.219416
4.375000,284.806437,85.441931
4.380000,262.951846,78.885554
4.385000,233.358094,70.007428
4.390000,219.054676,65.716403
4.395000,203.215749,60.964725
4.400000,157.345507,47.203652
4.405000,130.434683,39.130405
4.410000,114.398709,34.319613
4.415000,103.850357,31.155107
4.420000,73.439739,22.031922
4.425000,73.545371,22.063611
4.430000,65.430753,19.629226
4.435000,59.021674,17.706502
4.440000,51.460318,15.438095
4.445000,48.412196,14.523659
4.450000,51.459747,15.437924
4.455000,69.365932,20.809780
4.460000,72.176428,21.652928
4.465000,85.468878,25.640663
4.470000,116.505592,34.951678
4.475000,126.851484,38.055445
4.480000,141.876319,42.562896
4.485000,163.223022,48.966907
4.490000,197.472708,59.241812
4.495000,234.676603,70.402981
4.500000,283.819765,85.145929
4.505000,305.002788,91.500836
4.510000,343.399115,103.019735
4.515000,358.490847,107.547254
4.520000,362.836366,108.850910
4.525000,379.543732,113.863120
4.530000,389.384830,116.815449
4.535000,408.379284,122.513785
4.540000,421.054702,126.316411
4.545000,442.870150,132.861045
4.550000,440.487936,132.146381
4.555000,451.154231,135.346269
4.560000,447.317051,134.195115
4.565000,452.828893,135.848668
4.570000,437.923286,131.376986
4.575000,433.300358,129.990108
4.580000,424.471566,127.341470
4.585000,392.285087,117.685526
4.590000,378.028630,113.408589
4.595000,365.329158,109.598747
4.600000,342.437124,102.731137
4.605000,325.123414,97.537024
4.610000,326.923724,98.077117
4.615000,291.337296,87.401189
4.620000,254.570889,76.371267
4.625000,225.953891,67.786167
4.630000,208.989290,62.696787
4.635000,164.060397,49.218119
4.640000,152.487896,45.746369
4.645000,129.416569,38.824971
4.650000,100.022339,30.006702
4.655000,80.340788,24.102236
4.660000,72.565992,21.769798
4.665000,36.956817,11.087045
4.670000,26.185134,7.855540
4.675000,32.271381,9.681414
4.680000,24.552977,7.365893
4.685000,17.829009,5.348703
4.690000,30.541084,9.162325
4.695000,41.325274,12.397582
4.700000,34.013947,10.204184
4.705000,35.605781,10.681734
4.710000,49.903992,14.971198
4.715000,56.159247,16.847774
4.720000,62.728238,18.818471
4.725000,86.794152,26.038246
4.730000,104.413982,31.324195
4.735000,121.880691,36.564207
4.740000,145.652934,43.695880
4.745000,182.167805,54.650341
4.750000,207.403522,62.221057
4.755000,238.301987,71.490596
4.760000,276.096956,82.829087
4.765000,307.082670,92.124801
4.770000,338.044801,101.413440
4.775000,349.909503,104.972851
4.780000,367.615444,110.284633
4.785000,371.611697,111.483509
4.790000,395.468713,118.640614
4.795000,401.959412,120.587823
4.800000,401.124472,120.337342
4.805000,392.098914,117.629674
4.810000,402.049135,120.614741
4.815000,392.460741,117.738222
4.820000,380.537131,114.161139
4.825000,388.289496,116.486849
4.830000,389.363792,116.809137
4.835000,376.098569,112.829571
4.840000,353.315397,105.994619
4.845000,337.366579,101.209974
4.850000,299.420589,89.826177
4.855000,278.556117,83.566835
4.860000,241.243286,72.372986
4.865000,224.555551,67.366665
4.870000,188.740451,56.622135
4.875000,173.541020,52.062306
4.880000,145.294290,43.588287
4.885000,120.501369,36.150411
4.890000,80.537235,24.161171
4.895000,45.994702,13.798410
4.900000,30.575096,9.172529
4.905000,11.094174,3.328252
4.910000,8.262001,2.478600
4.915000,-1.448237,-0.434471
4.920000,6.255813,1.876744
4.925000,-3.751653,-1.125496
4.930000,-15.839120,-4.751736
4.935000,-23.704547,-7.111364
4.940000,-15.226712,-4.568014
4.945000,-24.317467,-7.295240
4.950000,-21.290536,-6.387161
4.955000,-13.711426,-4.113428
4.960000,-6.665293,-1.999588
4.965000,-8.700909,-2.610273
4.970000,18.318995,5.495698
4.975000,35.288731,10.586619
4.980000,60.351294,18.105388
4.985000,74.680830,22.404249
4.990000,107.510805,32.253242
4.995000,125.959976,37.787993
5.000000,149.733492,44.920047
5.005000,186.136749,55.841025
5.010000,219.249324,65.774797
5.015000,253.350602,76.005181
5.020000,279.486440,83.845932
5.025000,297.630056,89.289017
5.030000,296.628367,88.988510
5.035000,313.213243,93.963973
5.040000,313.121984,93.936595
5.045000,316.817045,95.045113
5.050000,327.945057,98.383517
5.055000,321.655452,96.496636
5.060000,318.386737,95.516021
5.065000,299.029255,89.708777
5.070000,297.338400,89.201520
5.075000,286.453006,85.935902
5.080000,284.832667,85.449800
5.085000,271.664551,81.499365
5.090000,275.712344,82.713703
5.095000,242.974689,72.892407
5.100000,214.330048,64.299015
5.105000,189.208614,56.762584
5.110000,150.795570,45.238671
5.115000,115.886826,34.766048
5.120000,114.295266,34.288580
5.125000,93.663789,28.099137
5.130000,81.238447,24.371534
5.135000,60.831980,18.249594
5.140000,45.979610,13.793883
5.145000,6.878436,2.063531
5.150000,-7.441232,-2.232370
5.155000,-28.539187,-8.561756
5.160000,-21.790908,-6.537272
5.165000,-38.467482,-11.540245
5.170000,-48.089631,-14.426889
5.175000,-65.715671,-19.714701
5.180000,-72.913577,-21.874073
5.185000,-93.144679,-27.943404
5.190000,-89.107339,-26.732202
5.195000,-88.361296,-26.508389
5.200000,-61.454861,-18.436458
5.205000,-73.788592,-22.136578
5.210000,-63.138541,-18.941562
5.215000,-49.021255,-14.706377
5.220000,-35.321159,-10.596348
5.225000,-37.265969,-11.179791
5.230000,-3.351931,-1.005579
5.235000,9.683172,2.904951
5.240000,26.450364,7.935109
5.245000,72.436068,21.730820
5.250000,111.990242,33.597073
5.255000,129.306591,38.791977
5.260000,157.030281,47.109084
5.265000,175.732437,52.719731
5.270000,185.979677,55.793903
5.275000,190.468819,57.140646
5.280000,212.191667,63.657500
5.285000,242.475243,72.742573
5.290000,266.424302,79.927290
5.295000,266.534900,79.960470
5.300000,272.452828,81.735848
5.305000,270.870825,81.261248
5.310000,260.402558,78.120767
5.315000,234.700739,70.410222
5.320000,239.607517,71.882255
5.325000,236.334876,70.900463
5.330000,242.415063,72.724519
5.335000,249.937742,74.981323
5.340000,261.493278,78.447983
5.345000,228.189062,68.456719
5.350000,219.934031,65.980209
5.355000,203.249858,60.974957
5.360000,158.722830,47.616849
5.365000,116.948494,35.084548
5.370000,99.738414,29.921524
5.375000,54.042941,16.212882
5.380000,30.622793,9.186838
5.385000,-8.170123,-2.451037
5.390000,-34.127592,-10.238278
5.395000,-58.967706,-17.690312
5.400000,-70.007411,-21.002223
5.405000,-100.617452,-30.185236
5.410000,-97.209594,-29.162878
5.415000,-105.632940,-31.689882
5.420000,-107.279612,-32.183884
5.425000,-132.614692,-39.784408
5.430000,-140.974368,-42.292310
5.435000,-152.786023,-45.835807
5.440000,-150.784722,-45.235417
5.445000,-155.725680,-46.717704
5.450000,-140.411068,-42.123320
5.455000,-137.035368,-41.110610
5.460000,-113.614029,-34.084209
5.465000,-97.846479,-29.353944
5.470000,-88.580855,-26.574256
5.475000,-46.326007,-13.897802
5.480000,-2.221641,-0.666492
5.485000,1.769207,0.530762
5.490000,24.591911,7.377573
5.495000,74.099549,22.229865
5.500000,88.449186,26.534756
5.505000,96.150445,28.845133
5.510000,130.205255,39.061576
5.515000,146.705248,44.011574
5.520000,147.024771,44.107431
5.525000,156.928686,47.078606
5.530000,179.855376,53.956613
5.535000,194.920326,58.476098
5.540000,209.885120,62.965536
5.545000,213.478363,64.043509
5.550000,226.153081,67.845924
5.555000,218.715871,65.614761
5.560000,223.041104,66.912331
5.565000,234.352225,70.305667
5.570000,243.205723,72.961717
5.575000,240.860179,72.258054
5.580000,241.091488,72.327447
5.585000,230.396039,69.118812
5.590000,205.774433,61.732330
5.595000,182.695395,54.808618
5.600000,164.891798,49.467539
5.605000,131.686121,39.505836
5.610000,118.745643,35.623693
5.615000,95.692660,28.707798
5.620000,67.046645,20.113993
5.625000,31.556171,9.466851
5.630000,9.319645,2.795894
5.635000,-25.213803,-7.564141
5.640000,-55.524171,-16.657251
5.645000,-63.521449,-19.056435
5.650000,-87.455821,-26.236746
5.655000,-119.950527,-35.985158
5.660000,-144.641415,-43.392425
5.665000,-170.087703,-51.026311
5.670000,-191.991327,-57.597398
5.675000,-186.848485,-56.054545
5.680000,-170.059831,-51.017949
5.685000,-178.377690,-53.513307
5.690000,-168.714554,-50.614366
5.695000,-151.315358,-45.394607
5.700000,-151.280803,-45.384241
5.705000,-147.460134,-44.238040
5.710000,-116.476839,-34.943052
5.715000,-76.249306,-22.874792
5.720000,-63.157539,-18.947262
5.725000,-45.472500,-13.641750
5.730000,-21.685754,-6.505726
5.735000,-2.685459,-0.805638
5.740000,-3.525234,-1.057570
5.745000,2.111059,0.633318
5.750000,26.299792,7.889938
5.755000,40.779587,12.233876
5.760000,59.861466,17.958440
5.765000,89.268415,26.780525
5.770000,139.052309,41.715693
5.775000,152.901230,45.870369
5.780000,178.738171,53.621451
5.785000,195.000473,58.500142
5.790000,212.395322,63.718597
5.795000,214.053680,64.216104
5.800000,226.107772,67.832332
5.805000,226.691720,68.007516
5.810000,217.973303,65.391991
5.815000,207.020781,62.106234
5.820000,199.756869,59.927061
5.825000,197.776673,59.333002
5.830000,186.965689,56.089707
5.835000,185.007633,55.502290
5.840000,177.914998,53.374499
5.845000,160.479216,48.143765
5.850000,136.044712,40.813413
5.855000,120.999199,36.299760
5.860000,86.759538,26.027861
5.865000,53.471881,16.041564
5.870000,37.785632,11.335689
5.875000,0.044435,0.013331
5.880000,-25.627065,-7.688119
5.885000,-33.892667,-10.167800
5.890000,-51.448034,-15.434410
5.895000,-93.454972,-28.036492
5.900000,-97.508332,-29.252499
5.905000,-114.050971,-34.215291
5.910000,-133.497128,-40.049138
5.915000,-160.118823,-48.035647
5.920000,-166.753941,-50.026182
5.925000,-182.162912,-54.648874
5.930000,-192.551528,-57.765459
5.935000,-193.016510,-57.904953
5.940000,-172.648341,-51.794502
5.945000,-160.915913,-48.274774
5.950000,-151.558659,-45.467598
5.955000,-130.286946,-39.086084
5.960000,-110.350806,-33.105242
5.965000,-91.347948,-27.404384
5.970000,-69.927815,-20.978344
5.975000,-47.476311,-14.242893
5.980000,-34.751504,-10.425451
5.985000,-14.501269,-4.350381
5.990000,-10.315584,-3.094675
5.995000,5.247284,1.574185
6.000000,27.579335,8.273800
6.005000,51.443278,15.432983
6.010000,55.946746,16.784024
6.015000,84.016252,25.204876
6.020000,105.287466,31.586240
6.025000,138.240658,41.472197
6.030000,168.868304,50.660491
6.035000,199.765721,59.929716
6.040000,220.563288,66.168986
6.045000,226.616076,67.984823
6.050000,232.417461,69.725238
6.055000,229.216819,68.765046
6.060000,238.318193,71.495458
6.065000,254.319486,76.295846
6.070000,258.041174,77.412352
6.075000,237.090105,71.127032
6.080000,223.440371,67.032111
6.085000,195.340156,58.602047
6.090000,157.508195,47.252459
6.095000,151.546917,45.464075
6.100000,146.526831,43.958049
6.105000,120.595436,36.178631
6.110000,115.322653,34.596796
6.115000,111.663643,33.499093
6.120000,74.248389,22.274517
6.125000,42.546918,12.764075
6.130000,27.538112,8.261434
6.135000,0.519079,0.155724
6.140000,-27.717607,-8.315282
6.145000,-37.484288,-11.245286
6.150000,-42.951567,-12.885470
6.155000,-49.481586,-14.844476
6.160000,-57.407435,-17.222230
6.165000,-71.341470,-21.402441
6.170000,-104.480079,-31.344024
6.175000,-123.798724,-37.139617
6.180000,-136.333427,-40.900028
6.185000,-152.749929,-45.824979
6.190000,-150.050769,-45.015231
6.195000,-136.828816,-41.048645
6.200000,-136.224140,-40.867242
6.205000,-117.210214,-35.163064
6.210000,-95.984190,-28.795257
6.215000,-86.016072,-25.804822
6.220000,-57.778205,-17.333462
6.225000,-21.762378,-6.528714
6.230000,-8.617078,-2.585124
6.235000,-10.107674,-3.032302
6.240000,7.401166,2.220350
6.245000,21.794521,6.538356
6.250000,31.283226,9.384968
6.255000,56.014481,16.804344
6.260000,110.695661,33.208698
6.265000,136.926401,41.077920
6.270000,155.051853,46.515556
6.275000,201.188958,60.356687
6.280000,216.180486,64.854146
6.285000,214.819553,64.445866
6.290000,236.217353,70.865206
6.295000,261.662449,78.498735
6.300000,249.911682,74.973505
6.305000,266.967773,80.090332
6.310000,276.962363,83.088709
6.315000,268.565507,80.569652
6.320000,264.335606,79.300682
6.325000,270.797221,81.239166
6.330000,251.064496,75.319349
6.335000,246.422159,73.926648
6.340000,239.215062,71.764519
6.345000,244.114900,73.234470
6.350000,213.860296,64.158089
6.355000,209.736553,62.920966
6.360000,184.891250,55.467375
6.365000,161.688274,48.506482
6.370000,121.150655,36.345196
6.375000,109.865924,32.959777
6.380000,84.829113,25.448734
6.385000,64.178334,19.253500
6.390000,37.480290,11.244087
6.395000,5.663251,1.698975
6.400000,-17.629267,-5.288780
6.405000,-41.476931,-12.443079
6.410000,-49.116286,-14.734886
6.415000,-54.724970,-16.417491
6.420000,-53.033775,-15.910132
6.425000,-53.209439,-15.962832
6.430000,-61.766406,-18.529922
6.435000,-86.960604,-26.088181
6.440000,-98.715183,-29.614555
6.445000,-114.519557,-34.355867
6.450000,-106.639032,-31.991709
6.455000,-104.450755,-31.335226
6.460000,-69.567529,-20.870259
6.465000,-39.636275,-11.890882
6.470000,3.833730,1.150119
6.475000,19.534191,5.860257
6.480000,47.760644,14.328193
6.485000,60.094996,18.028499
6.490000,81.044499,24.313350
6.495000,94.466331,28.339899
6.500000,108.336235,32.500870
6.505000,135.038068,40.511420
6.510000,175.264652,52.579395
6.515000,185.936687,55.781006
6.520000,210.414886,63.124466
6.525000,229.700995,68.910298
6.530000,251.902967,75.570890
6.535000,264.035475,79.210643
6.540000,293.052250,87.915675
6.545000,310.368199,93.110460
6.550000,315.253556,94.576067
6.555000,329.964201,98.989260
6.560000,322.675326,96.802598
6.565000,329.224710,98.767413
6.570000,322.463772,96.739131
6.575000,309.365042,92.809513
6.580000,286.329756,85.898927
6.585000,281.935797,84.580739
6.590000,275.743805,82.723141
6.595000,260.509074,78.152722
6.600000,265.024138,79.507242
6.605000,239.687570,71.906271
6.610000,227.770795,68.331238
6.615000,207.033748,62.110124
6.620000,181.418987,54.425696
6.625000,153.659769,46.097931
6.630000,128.070086,38.421026
6.635000,100.144775,30.043432
6.640000,84.548721,25.364616
6.645000,68.460997,20.538299
6.650000,60.252597,18.075779
6.655000,59.319888,17.795966
6.660000,28.310765,8.493230
6.665000,3.753909,1.126173
6.670000,-22.828452,-6.848536
6.675000,-42.738391,-12.821517
6.680000,-49.959689,-14.987907
6.685000,-37.033715,-11.110114
6.690000,-43.269113,-12.980734
6.695000,-26.020314,-7.806094
6.700000,-23.051693,-6.915508
6.705000,-25.223195,-7.566959
6.710000,-18.567181,-5.570154
6.715000,-11.686937,-3.506081
6.720000,-6.924889,-2.077467
6.725000,9.516526,2.854958
6.730000,38.240327,11.472098
6.735000,46.775947,14.032784
6.740000,66.685592,20.005678
6.745000,89.857547,26.957264
6.750000,127.627708,38.288312
6.755000,160.995455,48.298637
6.760000,217.658977,65.297693
6.765000,241.457988,72.437396
6.770000,272.938734,81.881620
6.775000,301.096404,90.328921
6.780000,316.557089,94.967127
6.785000,316.181323,94.854397
6.790000,357.699615,107.309885
6.795000,373.628272,112.088481
6.800000,367.420465,110.226140
6.805000,365.959383,109.787815
6.810000,375.500169,112.650051
6.815000,365.357251,109.607175
6.820000,355.028551,106.508565
6.825000,351.231321,105.369396
6.830000,357.878042,107.363413
6.835000,348.786960,104.636088
6.840000,327.509151,98.252745
6.845000,327.336689,98.201007
6.850000,321.508226,96.452468
6.855000,282.821845,84.846554
6.860000,254.039962,76.211988
6.865000,239.674596,71.902379
6.870000,206.491823,61.947547
6.875000,160.785792,48.235738
6.880000,148.762510,44.628753
6.885000,133.643091,40.092927
6.890000,120.112790,36.033837
6.895000,85.475347,25.642604
6.900000,103.312646,30.993794
6.905000,78.228354,23.468506
6.910000,63.690570,19.107171
6.915000,47.169675,14.150903
6.920000,61.467143,18.440143
6.925000,33.513622,10.054086
6.930000,27.990231,8.397069
6.935000,23.190969,6.957291
6.940000,8.582285,2.574686
6.945000,-15.334003,-4.600201
6.950000,13.322560,3.996768
6.955000,38.495359,11.548608
6.960000,61.092568,18.327770
6.965000,75.244026,22.573208
6.970000,125.312791,37.593837
6.975000,135.701114,40.710334
6.980000,164.621346,49.386404
6.985000,173.569302,52.070791
6.990000,196.059903,58.817971
6.995000,208.496988,62.549096
7.000000,204.140624,61.242187
7.005000,204.066606,61.219982
7.010000,230.548582,69.164575
7.015000,257.023081,77.106924
7.020000,280.744384,84.223315
7.025000,319.586820,95.876046
7.030000,368.880407,110.664122
7.035000,396.591694,118.977508
7.040000,419.792576,125.937773
7.045000,443.738013,133.121404
7.050000,448.470066,134.541020
7.055000,437.420039,131.226012
7.060000,438.306411,131.491923
7.065000,429.562604,128.868781
7.070000,415.334890,124.600467
7.075000,405.575560,121.672668
7.080000,400.773083,120.231925
7.085000,395.252561,118.575768
7.090000,385.199544,115.559863
7.095000,372.830978,111.849293
7.100000,357.644877,107.293463
7.105000,327.072698,98.121809
7.110000,282.162421,84.648726
7.115000,276.684843,83.005453
7.120000,269.852550,80.955765
7.125000,256.567378,76.970213
7.130000,235.697224,70.709167
7.135000,227.274098,68.182229
7.140000,189.788600,56.936580
7.145000,155.280222,46.584067
7.150000,133.234888,39.970466
7.155000,122.539454,36.761836
7.160000,105.245779,31.573734
7.165000,89.193414,26.758024
7.170000,68.110788,20.433237
7.175000,43.421648,13.026494
7.180000,32.048858,9.614657
7.185000,13.301260,3.990378
7.190000,17.408092,5.222428
7.195000,16.749325,5.024798
7.200000,38.185809,11.455743
7.205000,55.194069,16.558221
7.210000,67.904019,20.371206
7.215000,77.901510,23.370453
7.220000,95.783470,28.735041
7.225000,120.862885,36.258865
7.230000,152.649895,45.794968
7.235000,194.095397,58.228619
7.240000,222.230260,66.669078
7.245000,266.695780,80.008734
7.250000,274.195810,82.258743
7.255000,298.115120,89.434536
7.260000,311.223596,93.367079
7.265000,316.153101,94.845930
7.270000,348.845247,104.653574
7.275000,395.258871,118.577661
7.280000,394.821855,118.446557
7.285000,419.067657,125.720297
7.290000,454.797940,136.439382
7.295000,446.940255,134.082077
7.300000,432.116960,129.635088
7.305000,441.577603,132.473281
7.310000,447.518550,134.255565
7.315000,451.407563,135.422269
7.320000,457.417239,137.225172
7.325000,464.046764,139.214029
7.330000,479.407891,143.822367
7.335000,458.189701,137.456910
7.340000,444.060884,133.218265
7.345000,402.274058,120.682217
7.350000,372.579265,111.773779
7.355000,343.517792,103.055338
7.360000,319.275544,95.782663
7.365000,297.849208,89.354762
7.370000,288.293793,86.488138
7.375000,265.165019,79.549506
7.380000,226.943005,68.082901
7.385000,205.948674,61.784602
7.390000,174.155449,52.246635
7.395000,158.180264,47.454079
7.400000,150.766252,45.229875
7.405000,129.787154,38.936146
7.410000,109.647170,32.894151
7.415000,101.227549,30.368265
7.420000,82.473903,24.742171
7.425000,76.400143,22.920043
7.430000,96.169827,28.850948
7.435000,107.165660,32.149698
7.440000,104.762050,31.428615
7.445000,107.456057,32.236817
7.450000,98.734130,29.620239
7.455000,79.585418,23.875625
7.460000,77.005030,23.101509
7.465000,88.963004,26.688901
7.470000,104.184677,31.255403
7.475000,136.399045,40.919713
7.480000,161.714702,48.514411
7.485000,190.925553,57.277666
7.490000,208.255621,62.476686
7.495000,249.516692,74.855008
7.500000,272.694714,81.808414
7.505000,315.259009,94.577703
7.510000,347.869036,104.360711
7.515000,393.392603,118.017781
7.520000,400.936622,120.280987
7.525000,423.776381,127.132914
7.530000,450.403218,135.120966
7.535000,451.363843,135.409153
7.540000,463.539966,139.061990
7.545000,491.120740,147.336222
7.550000,497.897240,149.369172
7.555000,488.509297,146.552789
7.560000,511.560204,153.468061
7.565000,496.654760,148.996428
7.570000,483.119094,144.935728
7.575000,466.245810,139.873743
7.580000,445.183612,133.555084
7.585000,417.619041,125.285712
7.590000,406.862630,122.058789
7.595000,387.332117,116.199635
7.600000,378.581367,113.574410
7.605000,351.080602,105.324181
7.610000,349.393877,104.818163
7.615000,335.907285,100.772185
7.620000,315.737804,94.721341
7.625000,283.775815,85.132744
7.630000,269.316786,80.795036
7.635000,232.641043,69.792313
7.640000,202.367543,60.710263
7.645000,159.624572,47.887371
7.650000,147.114324,44.134297
7.655000,152.077743,45.623323
7.660000,114.918012,34.475404
7.665000,104.599947,31.379984
7.670000,108.945459,32.683638
7.675000,92.348716,27.704615
7.680000,73.081335,21.924401
7.685000,74.989559,22.496868
7.690000,67.777450,20.333235
7.695000,79.511537,23.853461
7.700000,84.644839,25.393452
7.705000,78.779214,23.633764
7.710000,101.100466,30.330140
7.715000,110.431604,33.129481
7.720000,127.871752,38.361526
7.725000,140.925581,42.277674
7.730000,172.271189,51.681357
7.735000,183.279790,54.983937
7.740000,215.831779,64.749534
7.745000,226.428212,67.928464
7.750000,237.199650,71.159895
7.755000,254.523509,76.357053
7.760000,280.186397,84.055919
7.765000,294.381451,88.314435
7.770000,330.075681,99.022704
7.775000,362.778931,108.833679
7.780000,372.895872,111.868761
7.785000,410.136251,123.040875
7.790000,428.923677,128.677103
7.795000,440.456492,132.136948
7.800000,460.950395,138.285119
7.805000,468.049132,140.414739
7.810000,458.185183,137.455555
7.815000,466.716302,140.014891
7.820000,457.993434,137.398030
7.825000,448.447775,134.534332
7.830000,446.204882,133.861465
7.835000,433.061463,129.918439
7.840000,402.756229,120.826869
7.845000,393.029522,117.908856
7.850000,373.040044,111.912013
7.855000,341.431923,102.429577
7.860000,315.002619,94.500786
7.865000,301.133542,90.340063
7.870000,265.129374,79.538812
7.875000,238.145145,71.443543
7.880000,216.145165,64.843549
7.885000,194.847242,58.454173
7.890000,150.465686,45.139706
7.895000,110.993371,33.298011
7.900000,96.715937,29.014781
7.905000,78.141393,23.442418
7.910000,63.049601,18.914880
7.915000,71.279495,21.383848
7.920000,74.429544,22.328863
7.925000,57.973511,17.392053
7.930000,72.357491,21.707247
7.935000,70.794490,21.238347
7.940000,57.027571,17.108271
7.945000,60.016046,18.004814
7.950000,68.602629,20.580789
7.955000,52.452911,15.735873
7.960000,58.802027,17.640608
7.965000,74.257915,22.277374
7.970000,68.384592,20.515378
7.975000,82.084878,24.625463
7.980000,107.116674,32.135002
7.985000,124.744711,37.423413
7.990000,135.560805,40.668242
7.995000,172.581870,51.774561
8.000000,197.828282,59.348484
8.005000,225.143640,67.543092
8.010000,243.156929,72.947079
8.015000,284.844068,85.453221
8.020000,299.553322,89.865997
8.025000,318.303389,95.491017
8.030000,346.602477,103.980743
8.035000,366.486567,109.945970
8.040000,370.888038,111.266411
8.045000,400.846822,120.254047
8.050000,407.804588,122.341376
8.055000,399.899239,119.969772
8.060000,409.578548,122.873564
8.065000,421.419148,126.425745
8.070000,390.335491,117.100647
8.075000,379.440676,113.832203
8.080000,363.355532,109.006660
8.085000,339.514636,101.854391
8.090000,308.090377,92.427113
8.095000,301.105348,90.331604
8.100000,290.015024,87.004507
8.105000,268.765405,80.629622
8.110000,254.929526,76.478858
8.115000,240.321833,72.096550
8.120000,215.519807,64.655942
8.125000,188.007613,56.402284
8.130000,182.611234,54.783370
8.135000,158.524767,47.557430
8.140000,125.067848,37.520354
8.145000,106.735699,32.020710
8.150000,75.892548,22.767764
8.155000,44.271214,13.281364
8.160000,30.427731,9.128319
8.165000,13.112238,3.933671
8.170000,-1.243137,-0.372941
8.175000,5.033483,1.510045
8.180000,-8.580167,-2.574050
8.185000,-18.336401,-5.500920
8.190000,-21.090401,-6.327120
8.195000,-24.016593,-7.204978
8.200000,-32.150621,-9.645186
8.205000,-2.523033,-0.756910
8.210000,3.668267,1.100480
8.215000,21.458820,6.437646
8.220000,39.736668,11.921000
8.225000,60.845547,18.253664
8.230000,68.780205,20.634061
8.235000,95.183751,28.555125
8.240000,138.660304,41.598091
8.245000,168.433107,50.529932
8.250000,205.287606,61.586282
8.255000,226.202635,67.860790
8.260000,253.083259,75.924978
8.265000,247.837972,74.351392
8.270000,266.714693,80.014408
8.275000,274.666652,82.399996
8.280000,288.736966,86.621090
8.285000,282.736731,84.821019
8.290000,314.966712,94.490013
8.295000,323.858189,97.157457
8.300000,329.022703,98.706811
8.305000,334.042075,100.212622
8.310000,351.458737,105.437621
8.315000,346.540432,103.962129
8.320000,335.191015,100.557305
8.325000,323.870369,97.161111
8.330000,317.860014,95.358004
8.335000,307.618516,92.285555
8.340000,285.454620,85.636386
8.345000,272.707551,81.812265
8.350000,252.997553,75.899266
8.355000,227.869098,68.360730
8.360000,212.294675,63.688403
8.365000,181.827314,54.548194
8.370000,172.805203,51.841561
8.375000,160.037917,48.011375
8.380000,130.687350,39.206205
8.385000,101.708642,30.512593
8.390000,73.433809,22.030143
8.395000,23.544898,7.063469
8.400000,-15.854234,-4.756270
8.405000,-35.982238,-10.794671
8.410000,-63.163279,-18.948984
8.415000,-71.438528,-21.431558
8.420000,-70.007138,-21.002141
8.425000,-87.131036,-26.139311
8.430000,-87.249615,-26.174885
8.435000,-100.259904,-30.077971
8.440000,-102.534807,-30.760442
8.445000,-104.592206,-31.377662
8.450000,-91.619395,-27.485819
8.455000,-98.406852,-29.522056
8.460000,-84.101409,-25.230423
8.465000,-65.244670,-19.573401
8.470000,-41.123776,-12.337133
8.475000,-9.100117,-2.730035
8.480000,14.028801,4.208640
8.485000,37.384105,11.215231
8.490000,52.918051,15.875415
8.495000,75.387574,22.616272
8.500000,78.563727,23.569118
8.505000,120.419059,36.125718
8.510000,146.474001,43.942200
8.515000,170.390477,51.117143
8.520000,191.169929,57.350979
8.525000,235.876728,70.763018
8.530000,247.006988,74.102096
8.535000,275.448409,82.634523
8.540000,296.506169,88.951851
8.545000,314.683274,94.404982
8.550000,324.589438,97.376831
8.555000,326.263264,97.878979
8.560000,331.471352,99.441406
8.565000,330.687270,99.206181
8.570000,317.374837,95.212451
8.575000,292.777646,87.833294
8.580000,281.004058,84.301217
8.585000,262.602741,78.780822
8.590000,235.017122,70.505137
8.595000,221.327062,66.398119
8.600000,211.141776,63.342533
8.605000,193.477694,58.043308
8.610000,145.895996,43.768799
8.615000,130.706331,39.211899
8.620000,105.051521,31.515456
8.625000,70.125223,21.037567
8.630000,42.599024,12.779707
8.635000,15.599185,4.679756
8.640000,-3.040780,-0.912234
8.645000,-37.196443,-11.158933
8.650000,-46.266651,-13.879995
8.655000,-82.016162,-24.604849
8.660000,-75.572987,-22.671896
8.665000,-98.522748,-29.556824
8.670000,-99.776208,-29.932863
8.675000,-124.306244,-37.291873
8.680000,-121.658965,-36.497690
8.685000,-113.300118,-33.990035
8.690000,-118.932390,-35.679717
8.695000,-128.775073,-38.632522
8.700000,-118.210719,-35.463216
8.705000,-113.065659,-33.919698
8.710000,-110.242939,-33.072882
8.715000,-75.894479,-22.768344
8.720000,-59.533059,-17.859918
8.725000,-52.616367,-15.784910
8.730000,-14.686667,-4.406000
8.735000,6.556971,1.967091
8.740000,22.398736,6.719621
8.745000,61.144065,18.343220
8.750000,92.275292,27.682587
8.755000,105.822210,31.746663
8.760000,109.765209,32.929563
8.765000,114.952913,34.485874
8.770000,135.502551,40.650765
8.775000,157.508673,47.252602
8.780000,195.688381,58.706514
8.785000,223.798671,67.139601
8.790000,244.042275,73.212682
8.795000,253.943217,76.182965
8.800000,282.249510,84.674853
8.805000,273.431339,82.029402
8.810000,265.540117,79.662035
8.815000,272.931361,81.879408
8.820000,273.713394,82.114018
8.825000,248.427910,74.528373
8.830000,228.429046,68.528714
8.835000,233.531762,70.059529
8.840000,216.262985,64.878895
8.845000,178.595777,53.578733
8.850000,159.511261,47.853378
8.855000,137.817498,41.345249
8.860000,108.707827,32.612348
8.865000,83.965144,25.189543
8.870000,76.713223,23.013967
8.875000,59.766402,17.929921
8.880000,27.650405,8.295121
8.885000,3.287610,0.986283
8.890000,-14.869387,-4.460816
8.895000,-43.710558,-13.113167
8.900000,-62.903230,-18.870969
8.905000,-74.684117,-22.405235
8.910000,-103.270707,-30.981212
8.915000,-118.289889,-35.486967
8.920000,-143.072332,-42.921700
8.925000,-178.337340,-53.501202
8.930000,-172.477238,-51.743171
8.935000,-174.295108,-52.288532
8.940000,-184.657689,-55.397307
8.945000,-184.633701,-55.390110
8.950000,-172.169523,-51.650857
8.955000,-180.823007,-54.246902
8.960000,-166.249345,-49.874803
8.965000,-146.502469,-43.950741
8.970000,-136.922582,-41.076775
8.975000,-101.353355,-30.406007
8.980000,-80.745094,-24.223528
8.985000,-64.049338,-19.214801
8.990000,-38.074287,-11.422286
8.995000,4.017803,1.205341
9.000000,10.421040,3.126312
9.005000,59.355997,17.806799
9.010000,85.338601,25.601580
9.015000,105.457168,31.637151
9.020000,130.065363,39.019609
9.025000,174.550197,52.365059
9.030000,175.207187,52.562156
9.035000,207.067124,62.120137
9.040000,213.643768,64.093130
9.045000,232.859210,69.857763
9.050000,224.458696,67.337609
9.055000,231.211012,69.363304
9.060000,241.230837,72.369251
9.065000,249.481083,74.844325
9.070000,238.024051,71.407215
9.075000,255.618481,76.685544
9.080000,251.971920,75.591576
9.085000,217.996587,65.398976
9.090000,206.406759,61.922028
9.095000,178.724417,53.617325
9.100000,150.315150,45.094545
9.105000,135.729344,40.718803
9.110000,114.823073,34.446922
9.115000,79.920628,23.976188
9.120000,66.010114,19.803034
9.125000,31.936129,9.580839
9.130000,-10.683261,-3.204978
9.135000,-26.299003,-7.889701
9.140000,-61.559874,-18.467962
9.145000,-89.212109,-26.763633
9.150000,-113.804045,-34.141213
9.155000,-127.551236,-38.265371
9.160000,-146.850916,-44.055275
9.165000,-155.111909,-46.533573
9.170000,-159.038961,-47.711688
9.175000,-166.482123,-49.944637
9.180000,-175.720781,-52.716234
9.185000,-192.227328,-57.668198
9.190000,-191.823621,-57.547086
9.195000,-190.446198,-57.133859
9.200000,-190.403918,-57.121175
9.205000,-175.366374,-52.609912
9.210000,-143.749112,-43.124734
9.215000,-111.162573,-33.348772
9.220000,-84.260566,-25.278170
9.225000,-59.448942,-17.834683
9.230000,-47.308006,-14.192402
9.235000,-24.773856,-7.432157
9.240000,-6.520677,-1.956203
9.245000,14.820197,4.446059
9.250000,42.517295,12.755189
9.255000,86.012487,25.803746
9.260000,109.483409,32.845023
9.265000,136.828070,41.048421
9.270000,154.804139,46.441242
9.275000,179.327723,53.798317
9.280000,191.213775,57.364132
9.285000,203.688132,61.106440
9.290000,220.896632,66.268990
9.295000,225.138184,67.541455
9.300000,245.364061,73.609218
9.305000,249.182400,74.754720
9.310000,258.702822,77.610847
9.315000,250.366326,75.109898
9.320000,249.658176,74.897453
9.325000,246.111933,73.833580
9.330000,235.578863,70.673659
9.335000,205.726045,61.717813
9.340000,186.330306,55.899092
9.345000,168.940604,50.682181
9.350000,150.949920,45.284976
9.355000,134.260522,40.278157
9.360000,129.628246,38.888474
9.365000,103.849236,31.154771
9.370000,84.954584,25.486375
9.375000,48.446104,14.533831
9.380000,36.576148,10.972844
9.385000,-0.695523,-0.208657
9.390000,-11.284440,-3.385332
9.395000,-33.943431,-10.183029
9.400000,-68.218575,-20.465573
9.405000,-101.653251,-30.495975
9.410000,-114.888153,-34.466446
9.415000,-152.576409,-45.772923
9.420000,-161.792522,-48.537756
9.425000,-158.018251,-47.405475
9.430000,-167.086308,-50.125892
9.435000,-178.291609,-53.487483
9.440000,-147.297023,-44.189107
9.445000,-146.248595,-43.874579
9.450000,-135.619669,-40.685901
9.455000,-110.999432,-33.299830
9.460000,-91.768951,-27.530685
9.465000,-81.749340,-24.524802
9.470000,-68.005796,-20.401739
9.475000,-56.670959,-17.001288
9.480000,-46.806767,-14.042030
9.485000,-19.290011,-5.787003
9.490000,7.654393,2.296318
9.495000,35.897302,10.769191
9.500000,60.894924,18.268477
9.505000,85.103269,25.530981
9.510000,113.193300,33.957990
9.515000,121.695746,36.508724
9.520000,140.104264,42.031279
9.525000,162.825160,48.847548
9.530000,180.574324,54.172297
9.535000,194.808766,58.442630
9.540000,212.572161,63.771648
9.545000,245.460772,73.638232
9.550000,266.501312,79.950394
9.555000,281.625776,84.487733
9.560000,286.052374,85.815712
9.565000,309.232405,92.769721
9.570000,293.411966,88.023590
9.575000,276.621789,82.986537
9.580000,266.992165,80.097649
9.585000,258.567292,77.570188
9.590000,238.366756,71.510027
9.595000,219.251602,65.775480
9.600000,218.209377,65.462813
9.605000,188.349961,56.504988
9.610000,169.564296,50.869289
9.615000,127.222659,38.166798
9.620000,118.089380,35.426814
9.625000,74.440136,22.332041
9.630000,56.827592,17.048278
9.635000,34.868048,10.460415
9.640000,29.915517,8.974655
9.645000,-15.358377,-4.607513
9.650000,-35.799077,-10.739723
9.655000,-64.948422,-19.484527
9.660000,-87.533753,-26.260126
9.665000,-112.240671,-33.672201
9.670000,-117.320937,-35.196281
9.675000,-128.351022,-38.505306
9.680000,-125.596678,-37.679003
9.685000,-134.879774,-40.463932
9.690000,-128.896733,-38.669020
9.695000,-109.883518,-32.965055
9.700000,-112.655431,-33.796629
9.705000,-100.292273,-30.087682
9.710000,-84.603278,-25.380983
9.715000,-69.164167,-20.749250
9.720000,-70.738300,-21.221490
9.725000,-36.131879,-10.839564
9.730000,-21.329536,-6.398861
9.735000,11.305464,3.391639
9.740000,33.042970,9.912891
9.745000,65.036982,19.511095
9.750000,95.241889,28.572567
9.755000,127.663516,38.299055
9.760000,135.345555,40.603667
9.765000,164.223652,49.267096
9.770000,191.571521,57.471456
9.775000,209.612261,62.883678
9.780000,239.848848,71.954654
9.785000,280.257853,84.077356
9.790000,282.558133,84.767440
9.795000,287.148747,86.144624
9.800000,311.055132,93.316540
9.805000,321.826193,96.547858
9.810000,310.376308,93.112892
9.815000,310.729954,93.218986
9.820000,309.794835,92.938450
9.825000,288.253731,86.476119
9.830000,256.056204,76.816861
9.835000,251.187927,75.356378
9.840000,236.707567,71.012270
9.845000,216.013256,64.803977
9.850000,209.059232,62.717770
9.855000,196.147466,58.844240
9.860000,173.690949,52.107285
9.865000,166.171413,49.851424
9.870000,158.784870,47.635461
9.875000,124.791675,37.437503
9.880000,106.644435,31.993330
9.885000,77.044968,23.113491
9.890000,63.209937,18.962981
9.895000,40.285749,12.085725
9.900000,14.059602,4.217880
9.905000,-4.501322,-1.350397
9.910000,-8.269067,-2.480720
9.915000,-32.060132,-9.618040
9.920000,-33.608874,-10.082662
9.925000,-21.931372,-6.579412
9.930000,-31.404010,-9.421203
9.935000,-39.851936,-11.955581
9.940000,-52.816425,-15.844927
9.945000,-61.181934,-18.354580
9.950000,-63.580735,-19.074221
9.955000,-27.266089,-8.179827
9.960000,-12.544877,-3.763463
9.965000,-3.147483,-0.944245
9.970000,7.802276,2.340683
9.975000,27.974722,8.392417
9.980000,18.635005,5.590501
9.985000,34.772920,10.431876
9.990000,73.611441,22.083432
9.995000,107.524813,32.257444
10.000000,131.500887,39.450266
10.005000,160.632752,48.189826
10.010000,199.674051,59.902215
10.015000,223.299626,66.989888
10.020000,240.426840,72.128052
10.025000,253.048631,75.914589
10.030000,274.356186,82.306856
10.035000,291.590984,87.477295
10.040000,298.857924,89.657377
10.045000,315.510172,94.653052
10.050000,342.661517,102.798455
10.055000,353.304357,105.991307
10.060000,354.280737,106.284221
10.065000,359.410756,107.823227
10.070000,368.436300,110.530890
10.075000,366.377180,109.913154
10.080000,363.151072,108.945322
10.085000,336.209613,100.862884
10.090000,323.128951,96.938685
10.095000,304.380946,91.314284
10.100000,291.037065,87.311119
10.105000,271.429605,81.428882
10.110000,273.830793,82.149238
10.115000,254.555100,76.366530
10.120000,221.658391,66.497517
10.125000,183.996911,55.199073
10.130000,161.040579,48.312174
10.135000,115.256098,34.576829
10.140000,104.849788,31.454936
10.145000,95.309849,28.592955
10.150000,65.992006,19.797602
10.155000,33.496708,10.049012
10.160000,32.419931,9.725979
10.165000,5.975492,1.792648
10.170000,-34.596278,-10.378884
10.175000,-27.111914,-8.133574
10.180000,-20.202333,-6.060700
10.185000,-28.903178,-8.670953
10.190000,-5.700063,-1.710019
10.195000,18.583033,5.574910
10.200000,13.386570,4.015971
10.205000,23.246497,6.973949
10.210000,31.884502,9.565351
10.215000,24.687678,7.406303
10.220000,44.897819,13.469346
10.225000,66.876996,20.063099
10.230000,84.694868,25.408461
10.235000,130.116892,39.035068
10.240000,167.994188,50.398256
10.245000,197.012081,59.103624
10.250000,231.752957,69.525887
10.255000,265.306279,79.591884
10.260000,289.279071,86.783721
10.265000,307.127771,92.138331
10.270000,339.265320,101.779596
10.275000,349.614914,104.884474
10.280000,364.033115,109.209934
10.285000,359.519268,107.855780
10.290000,372.657309,111.797193
10.295000,375.023941,112.507182
10.300000,404.448777,121.334633
10.305000,408.380647,122.514194
10.310000,423.545996,127.063799
10.315000,424.362864,127.308859
10.320000,412.093032,123.627910
10.325000,385.650231,115.695069
10.330000,383.118475,114.935542
10.335000,358.035710,107.410713
10.340000,347.940526,104.382158
10.345000,337.727064,101.318119
10.350000,323.524625,97.057387
10.355000,294.636156,88.390847
10.360000,275.576145,82.672844
10.365000,266.652556,79.995767
10.370000,231.948127,69.584438
10.375000,225.468549,67.640565
10.380000,214.146973,64.244092
10.385000,198.487460,59.546238
10.390000,151.215737,45.364721
10.395000,148.400940,44.520282
10.400000,129.398295,38.819489
10.405000,98.593195,29.577958
10.410000,82.735588,24.820676
10.415000,86.448228,25.934468
10.420000,69.493180,20.847954
10.425000,63.200640,18.960192
10.430000,60.648753,18.194626
10.435000,65.004644,19.501393
10.440000,47.351933,14.205580
10.445000,65.340537,19.602161
10.450000,50.496183,15.148855
10.455000,47.383412,14.215024
10.460000,54.874651,16.462395
10.465000,79.257295,23.777189
10.470000,95.727498,28.718249
10.475000,118.923320,35.676996
10.480000,158.395185,47.518555
10.485000,187.569214,56.270764
10.490000,225.947897,67.784369
10.495000,235.466454,70.639936
10.500000,272.228552,81.668566
10.505000,302.201473,90.660442
10.510000,320.407176,96.122153
10.515000,332.867405,99.860222
10.520000,356.962686,107.088806
10.525000,363.150357,108.945107
10.530000,388.683964,116.605189
10.535000,397.769615,119.330884
10.540000,421.879952,126.563986
10.545000,441.975156,132.592547
10.550000,458.385142,137.515543
10.555000,449.369405,134.810821
10.560000,462.352753,138.705826
10.565000,457.318214,137.195464
10.570000,453.022723,135.906817
10.575000,450.350240,135.105072
10.580000,455.689491,136.706847
10.585000,441.456621,132.436986
10.590000,425.293617,127.588085
10.595000,390.105118,117.031535
10.600000,375.052769,112.515831
10.605000,347.611488,104.283446
10.610000,326.487576,97.946273
10.615000,310.473671,93.142101
10.620000,304.328847,91.298654
10.625000,251.059755,75.317927
10.630000,225.514639,67.654392
10.635000,192.945698,57.883710
10.640000,168.707771,50.612331
10.645000,160.760443,48.228133
10.650000,158.325125,47.497538
10.655000,139.628405,41.888522
10.660000,132.435122,39.730537
10.665000,112.303337,33.691001
10.670000,85.795104,25.738531
10.675000,91.332672,27.399801
10.680000,76.917974,23.075392
10.685000,88.668661,26.600598
10.690000,78.717036,23.615111
10.695000,79.221968,23.766590
10.700000,84.725596,25.417679
10.705000,107.852544,32.355763
10.710000,100.136438,30.040932
10.715000,116.991471,35.097441
10.720000,128.514321,38.554296
10.725000,138.423287,41.526986
10.730000,163.323763,48.997129
10.735000,183.437363,55.031209
10.740000,216.876488,65.062946
10.745000,250.318941,75.095682
10.750000,280.443437,84.133031
10.755000,300.236565,90.070969
10.760000,347.550045,104.265014
10.765000,371.756389,111.526917
10.770000,396.598093,118.979428
10.775000,417.975874,125.392762
10.780000,448.061504,134.418451
10.785000,438.017950,131.405385
10.790000,459.232876,137.769863
10.795000,462.475745,138.742723
10.800000,465.043863,139.513159
10.805000,449.254988,134.776496
10.810000,452.706808,135.812042
10.815000,439.439182,131.831755
10.820000,432.914935,129.874481
10.825000,432.891008,129.867302
10.830000,419.635265,125.890579
10.835000,433.939685,130.181906
10.840000,424.398496,127.319549
10.845000,410.700852,123.210256
10.850000,381.689506,114.506852
10.855000,365.922782,109.776835
10.860000,322.651854,96.795556
10.865000,292.172417,87.651725
10.870000,269.459924,80.837977
10.875000,248.566336,74.569901
10.880000,218.387396,65.516219
10.885000,200.525472,60.157642
10.890000,173.732688,52.119806
10.895000,152.111646,45.633494
10.900000,147.104994,44.131498
10.905000,143.921674,43.176502
10.910000,126.192517,37.857755
10.915000,105.407834,31.622350
10.920000,80.532480,24.159744
10.925000,42.686391,12.805917
10.930000,37.048116,11.114435
10.935000,30.074448,9.022334
10.940000,43.353675,13.006102
10.945000,52.612166,15.783650
10.950000,72.840162,21.852049
10.955000,87.239812,26.171944
10.960000,99.718333,29.915500
10.965000,110.980177,33.294053
10.970000,126.415785,37.924736
10.975000,151.741895,45.522568
10.980000,153.225486,45.967646
10.985000,172.053188,51.615956
10.990000,187.242409,56.172723
10.995000,206.762455,62.028737
11.000000,228.255241,68.476572
11.005000,281.726072,84.517822
11.010000,307.133599,92.140080
11.015000,349.359469,104.807841
11.020000,384.977165,115.493149
11.025000,393.205366,117.961610
11.030000,389.386390,116.815917
11.035000,412.264609,123.679383
11.040000,413.464981,124.039494
11.045000,438.566361,131.569908
11.050000,440.935204,132.280561
11.055000,451.989190,135.596757
11.060000,459.188825,137.756647
11.065000,459.604019,137.881206
11.070000,441.724141,132.517242
11.075000,457.255033,137.176510
11.080000,445.680391,133.704117
11.085000,433.755107,130.126532
11.090000,428.651048,128.595314
11.095000,393.474566,118.042370
11.100000,378.388208,113.516462
11.105000,373.636930,112.091079
11.110000,354.860059,106.458018
11.115000,332.971101,99.891330
11.120000,312.713004,93.813901
11.125000,274.285526,82.285658
11.130000,223.900630,67.170189
11.135000,186.080882,55.824265
11.140000,161.207442,48.362233
11.145000,142.693977,42.808193
11.150000,120.762994,36.228898
11.155000,91.998228,27.599468
11.160000,77.586240,23.275872
11.165000,55.149582,16.544875
11.170000,43.176436,12.952931
11.175000,28.537472,8.561242
11.180000,51.968043,15.590413
11.185000,39.717875,11.915362
11.190000,29.892628,8.967788
11.195000,31.498246,9.449474
11.200000,52.377247,15.713174
11.205000,62.619091,18.785727
11.210000,86.321123,25.896337
11.215000,103.009215,30.902764
11.220000,122.503412,36.751024
11.225000,140.026523,42.007957
11.230000,136.366866,40.910060
11.235000,167.285951,50.185785
11.240000,207.463401,62.239020
11.245000,235.329924,70.598977
11.250000,256.251173,76.875352
11.255000,293.800855,88.140256
11.260000,318.471352,95.541406
11.265000,321.795711,96.538713
11.270000,352.583852,105.775156
11.275000,364.786400,109.435920
11.280000,371.158638,111.347591
11.285000,375.892387,112.767716
11.290000,396.497983,118.949395
11.295000,390.387079,117.116124
11.300000,388.988132,116.696440
11.305000,392.964793,117.889438
11.310000,406.028636,121.808591
11.315000,422.555778,126.766733
11.320000,431.614029,129.484209
11.325000,446.732720,134.019816
11.330000,439.981314,131.994394
11.335000,414.731490,124.419447
11.340000,385.609949,115.682985
11.345000,353.639151,106.091745
11.350000,315.947427,94.784228
11.355000,298.714805,89.614442
11.360000,273.099467,81.929840
11.365000,237.491842,71.247553
11.370000,223.607225,67.082168
11.375000,203.392383,61.017715
11.380000,184.752066,55.425620
11.385000,161.629151,48.488745
11.390000,142.870256,42.861077
11.395000,117.090286,35.127086
11.400000,95.625839,28.687752
11.405000,61.764636,18.529391
11.410000,40.398530,12.119559
11.415000,33.029760,9.908928
11.420000,24.072177,7.221653
11.425000,25.478689,7.643607
11.430000,10.014984,3.004495
11.435000,5.915438,1.774631
11.440000,-4.423599,-1.327080
11.445000,-6.105156,-1.831547
11.450000,-14.801914,-4.440574
11.455000,2.842409,0.852723
11.460000,23.306561,6.991968
11.465000,41.762554,12.528766
11.470000,47.198488,14.159546
11.475000,79.788105,23.936431
11.480000,112.014070,33.604221
11.485000,122.820914,36.846274
11.490000,150.866307,45.259892
11.495000,177.916677,53.375003
11.500000,200.238903,60.071671
11.505000,214.511633,64.353490
11.510000,236.271453,70.881436
11.515000,249.439757,74.831927
11.520000,270.833687,81.250106
11.525000,283.482067,85.044620
11.530000,304.885650,91.465695
11.535000,327.693046,98.307914
11.540000,339.890281,101.967084
11.545000,327.727961,98.318388
11.550000,335.076865,100.523059
11.555000,323.647413,97.094224
11.560000,327.355282,98.206585
11.565000,339.745318,101.923595
11.570000,366.965894,110.089768
11.575000,355.748369,106.724511
11.580000,359.118299,107.735490
11.585000,342.883700,102.865110
11.590000,313.562080,94.068624
11.595000,288.387516,86.516255
11.600000,263.638100,79.091430
11.605000,252.253396,75.676019
11.610000,229.343704,68.803111
11.615000,216.375796,64.912739
11.620000,193.248257,57.974477
11.625000,175.023068,52.506920
11.630000,137.960174,41.388052
11.635000,115.987333,34.796200
11.640000,89.934054,26.980216
11.645000,69.996479,20.998944
11.650000,41.692061,12.507618
11.655000,16.332555,4.899766
11.660000,7.579203,2.273761
11.665000,-17.168055,-5.150416
11.670000,-34.645302,-10.393591
11.675000,-27.911507,-8.373452
11.680000,-20.345867,-6.103760
11.685000,-33.626889,-10.088067
11.690000,-35.711857,-10.713557
11.695000,-12.539192,-3.761758
11.700000,-15.998374,-4.799512
11.705000,-12.207877,-3.662363
11.710000,-6.875225,-2.062567
11.715000,-1.358327,-0.407498
11.720000,-14.794558,-4.438367
11.725000,3.545136,1.063541
11.730000,22.386662,6.715999
11.735000,43.439076,13.031723
11.740000,68.146095,20.443829
11.745000,90.842825,27.252848
11.750000,108.912974,32.673892
11.755000,118.079763,35.423929
11.760000,150.747971,45.224391
11.765000,192.117126,57.635138
11.770000,247.897884,74.369365
11.775000,277.645005,83.293502
11.780000,302.797225,90.839168
11.785000,304.721692,91.416508
11.790000,281.547725,84.464318
11.795000,265.156860,79.547058
11.800000,264.863671,79.459101
11.805000,282.500973,84.750292
11.810000,296.423637,88.927091
11.815000,327.655753,98.296726
11.820000,329.890426,98.967128
11.825000,329.264823,98.779447
11.830000,322.777878,96.833364
11.835000,296.190073,88.857022
11.840000,271.989098,81.596729
11.845000,240.909181,72.272754
11.850000,228.152912,68.445874
11.855000,204.678459,61.403538
11.860000,195.431338,58.629401
11.865000,164.559611,49.367883
11.870000,151.329198,45.398759
11.875000,110.389247,33.116774
11.880000,74.551435,22.365431
11.885000,41.318230,12.395469
11.890000,30.144938,9.043481
11.895000,1.846800,0.554040
11.900000,-11.671426,-3.501428
11.905000,-30.760306,-9.228092
11.910000,-49.809619,-14.942886
11.915000,-70.638708,-21.191612
11.920000,-84.111406,-25.233422
11.925000,-94.684785,-28.405436
11.930000,-106.030814,-31.809244
11.935000,-105.466907,-31.640072
11.940000,-108.698083,-32.609425
11.945000,-114.887817,-34.466345
11.950000,-108.880082,-32.664025
11.955000,-106.898235,-32.069470
11.960000,-92.689482,-27.806844
11.965000,-72.385725,-21.715717
11.970000,-57.513906,-17.254172
11.975000,-53.916011,-16.174803
11.980000,-29.299824,-8.789947
11.985000,-19.509432,-5.852830
11.990000,-9.370668,-2.811200
11.995000,33.545416,10.063625
12.000000,63.335377,19.000613
12.005000,94.688523,28.406557
12.010000,121.576046,36.472814
12.015000,156.463116,46.938935
12.020000,166.366416,49.909925
12.025000,188.390676,56.517203
12.030000,208.432988,62.529896
12.035000,228.558307,68.567492
12.040000,236.355995,70.906799
12.045000,244.912855,73.473857
12.050000,254.860078,76.458023
12.055000,258.366204,77.509861
12.060000,258.248947,77.474684
12.065000,254.920770,76.476231
12.070000,263.983647,79.195094
12.075000,275.434401,82.630320
12.080000,260.200788,78.060236
12.085000,252.060782,75.618235
12.090000,245.678142,73.703443
12.095000,202.826752,60.848026
12.100000,163.833359,49.150008
12.105000,138.624281,41.587284
12.110000,123.519576,37.055873
12.115000,93.827049,28.148115
12.120000,82.720561,24.816168
12.125000,54.176471,16.252941
12.130000,35.364017,10.609205
12.135000,-5.586337,-1.675901
12.140000,-28.576726,-8.573018
12.145000,-56.621286,-16.986386
12.150000,-78.579017,-23.573705
12.155000,-93.747453,-28.124236
12.160000,-91.388534,-27.416560
12.165000,-100.749982,-30.224995
12.170000,-100.504387,-30.151316
12.175000,-99.132791,-29.739837
12.180000,-104.077398,-31.223219
12.185000,-110.305097,-33.091529
12.190000,-107.924302,-32.377291
12.195000,-108.514229,-32.554269
12.200000,-110.281124,-33.084337
12.205000,-108.356308,-32.506892
12.210000,-107.742554,-32.322766
12.215000,-100.621634,-30.186490
12.220000,-89.319108,-26.795733
12.225000,-89.428377,-26.828513
12.230000,-75.584493,-22.675348
12.235000,-72.030463,-21.609139
12.240000,-49.739474,-14.921842
12.245000,-19.300065,-5.790020
12.250000,8.672880,2.601864
12.255000,44.109606,13.232882
12.260000,91.424925,27.427478
12.265000,115.045434,34.513630
12.270000,150.596363,45.178909
12.275000,199.710336,59.913101
12.280000,203.448862,61.034659
12.285000,221.550074,66.465022
12.290000,238.631983,71.589595
12.295000,240.305875,72.091763
12.300000,241.632736,72.489821
12.305000,251.362114,75.408634
12.310000,241.075959,72.322788
12.315000,230.544351,69.163305
12.320000,217.629248,65.288774
12.325000,202.748049,60.824415
12.330000,187.279611,56.183883
12.335000,171.201768,51.360530
12.340000,167.331404,50.199421
12.345000,155.278842,46.583653
12.350000,139.457559,41.837268
12.355000,114.441344,34.332403
12.360000,93.510367,28.053110
12.365000,60.269971,18.080991
12.370000,36.147081,10.844124
12.375000,3.057323,0.917197
12.380000,0.311643,0.093493
12.385000,-18.803517,-5.641055
12.390000,-38.348993,-11.504698
12.395000,-61.454396,-18.436319
12.400000,-72.523710,-21.757113
12.405000,-103.321449,-30.996435
12.410000,-111.265513,-33.379654
12.415000,-122.669784,-36.800935
12.420000,-133.820787,-40.146236
12.425000,-148.561301,-44.568390
12.430000,-147.026128,-44.107838
12.435000,-151.173552,-45.352065
12.440000,-147.422731,-44.226819
12.445000,-142.622590,-42.786777
12.450000,-129.808323,-38.942497
12.455000,-123.879123,-37.163737
12.460000,-109.973014,-32.991904
12.465000,-103.067027,-30.920108
12.470000,-105.551036,-31.665311
12.475000,-82.567954,-24.770386
12.480000,-61.493647,-18.448094
12.485000,-58.193672,-17.458102
12.490000,-35.706322,-10.711897
12.495000,-1.520534,-0.456160
12.500000,29.639398,8.891819
12.505000,57.830045,17.349014
12.510000,79.336302,23.800891
12.515000,109.204987,32.761496
12.520000,135.848860,40.754658
12.525000,155.635719,46.690716
12.530000,162.643636,48.793091
12.535000,174.479558,52.343867
12.540000,185.480009,55.644003
12.545000,198.076041,59.422812
12.550000,188.756107,56.626832
12.555000,186.405652,55.921696
12.560000,211.066599,63.319980
12.565000,224.059338,67.217801
12.570000,208.566779,62.570034
12.575000,215.177184,64.553155
12.580000,218.676099,65.602830
12.585000,222.129009,66.638703
12.590000,197.653065,59.295919
12.595000,194.425671,58.327701
12.600000,174.753250,52.425975
12.605000,162.522052,48.756616
12.610000,116.492144,34.947643
12.615000,95.036920,28.511076
12.620000,68.031224,20.409367
12.625000,20.072454,6.021736
12.630000,7.319516,2.195855
12.635000,-15.129292,-4.538788
12.640000,-49.280217,-14.784065
12.645000,-64.910553,-19.473166
12.650000,-83.975610,-25.192683
12.655000,-130.088703,-39.026611
12.660000,-148.151587,-44.445476
12.665000,-161.859156,-48.557747
12.670000,-175.742466,-52.722740
12.675000,-163.169548,-48.950864
12.680000,-162.007902,-48.602371
12.685000,-156.834806,-47.050442
12.690000,-147.473224,-44.241967
12.695000,-153.171615,-45.951485
12.700000,-153.666907,-46.100072
12.705000,-147.748849,-44.324655
12.710000,-130.649060,-39.194718
12.715000,-116.616768,-34.985031
12.720000,-90.168113,-27.050434
12.725000,-82.900438,-24.870131
12.730000,-52.754601,-15.826380
12.735000,-44.196252,-13.258875
12.740000,-17.812771,-5.343831
12.745000,6.271067,1.881320
12.750000,36.065250,10.819575
12.755000,68.126312,20.437894
12.760000,105.233787,31.570136
12.765000,119.263690,35.779107
12.770000,152.786753,45.836026
12.775000,178.660381,53.598114
12.780000,188.700367,56.610110
12.785000,201.685903,60.505771
12.790000,215.757484,64.727245
12.795000,215.620411,64.686123
12.800000,226.571124,67.971337
12.805000,248.143245,74.442973
12.810000,262.917372,78.875212
12.815000,267.495813,80.248744
12.820000,281.401707,84.420512
12.825000,276.739046,83.021714
12.830000,258.950200,77.685060
12.835000,242.585129,72.775539
12.840000,232.901469,69.870441
12.845000,222.826674,66.848002
12.850000,206.456328,61.936898
12.855000,173.322035,51.996611
12.860000,154.677099,46.403130
12.865000,125.871316,37.761395
12.870000,80.166496,24.049949
12.875000,29.950140,8.985042
12.880000,23.210645,6.963193
12.885000,-4.610271,-1.383081
12.890000,-18.053977,-5.416193
12.895000,-29.755778,-8.926733
12.900000,-12.730401,-3.819120
12.905000,-39.680595,-11.904179
12.910000,-55.134705,-16.540411
12.915000,-81.447105,-24.434132
12.920000,-103.403616,-31.021085
12.925000,-116.914968,-35.074491
12.930000,-118.848231,-35.654469
12.935000,-139.341156,-41.802347
12.940000,-129.669307,-38.900792
12.945000,-124.316599,-37.294980
12.950000,-132.229045,-39.668713
12.955000,-121.785979,-36.535794
12.960000,-101.396036,-30.418811
12.965000,-101.221915,-30.366574
12.970000,-90.582080,-27.174624
12.975000,-49.647718,-14.894315
12.980000,-43.149164,-12.944749
12.985000,-14.512326,-4.353698
12.990000,27.718029,8.315409
12.995000,67.297599,20.189280
13.000000,69.318942,20.795683
13.005000,104.850811,31.455243
13.010000,129.790777,38.937233
13.015000,156.129318,46.838795
13.020000,169.518343,50.855503
13.025000,192.162972,57.648892
13.030000,223.056429,66.916929
13.035000,248.918067,74.675420
13.040000,261.199549,78.359865
13.045000,274.554000,82.366200
13.050000,297.332531,89.199759
13.055000,297.408746,89.222624
13.060000,299.397956,89.819387
13.065000,287.431238,86.229371
13.070000,291.075656,87.322697
13.075000,281.299912,84.389974
13.080000,263.304059,78.991218
13.085000,247.235283,74.170585
13.090000,243.756295,73.126889
13.095000,223.366534,67.009960
13.100000,209.475955,62.842787
13.105000,186.822322,56.046697
13.110000,162.972214,48.891664
13.115000,143.291645,42.987493
13.120000,125.213982,37.564195
13.125000,106.633356,31.990007
13.130000,84.355092,25.306528
13.135000,49.100746,14.730224
13.140000,24.729827,7.418948
13.145000,4.431665,1.329500
13.150000,-7.365192,-2.209558
13.155000,-11.109862,-3.332959
13.160000,-22.162216,-6.648665
13.165000,-31.316619,-9.394986
13.170000,-52.746542,-15.823963
13.175000,-89.758320,-26.927496
13.180000,-78.982032,-23.694610
13.185000,-71.446172,-21.433852
13.190000,-71.086298,-21.325889
13.195000,-55.573607,-16.672082
13.200000,-21.850058,-6.555018
13.205000,-30.107370,-9.032211
13.210000,-9.773259,-2.931978
13.215000,-7.846438,-2.353931
13.220000,-5.194783,-1.558435
13.225000,12.179808,3.653942
13.230000,44.020688,13.206207
13.235000,62.201337,18.660401
13.240000,97.227640,29.168292
13.245000,135.480104,40.644031
13.250000,144.745202,43.423561
13.255000,171.439940,51.431982
13.260000,198.415946,59.524784
13.265000,225.662494,67.698748
13.270000,251.190180,75.357054
13.275000,287.408631,86.222589
13.280000,299.616653,89.884996
13.285000,318.627493,95.588248
13.290000,321.118490,96.335547
13.295000,335.417198,100.625159
13.300000,354.905791,106.471737
13.305000,354.092771,106.227831
13.310000,351.376786,105.413036
13.315000,368.993879,110.698164
13.320000,370.554611,111.166383
13.325000,352.937002,105.881101
13.330000,336.029392,100.808818
13.335000,330.105007,99.031502
13.340000,299.868059,89.960418
13.345000,269.549592,80.864878
13.350000,250.716800,75.215040
13.355000,241.214925,72.364478
13.360000,222.082038,66.624611
13.365000,233.978870,70.193661
13.370000,223.251220,66.975366
13.375000,200.710853,60.213256
13.380000,171.972031,51.591609
13.385000,136.806119,41.041836
13.390000,80.349860,24.104958
13.395000,48.269772,14.480932
13.400000,13.669325,4.100798
13.405000,-2.673375,-0.802013
13.410000,-15.272728,-4.581818
13.415000,-28.412560,-8.523768
13.420000,-46.487630,-13.946289
13.425000,-56.776182,-17.032855
13.430000,-53.000240,-15.900072
13.435000,-52.889121,-15.866736
13.440000,-35.567769,-10.670331
13.445000,-11.604474,-3.481342
13.450000,3.913152,1.173946
13.455000,15.990581,4.797174
13.460000,17.188404,5.156521
13.465000,43.105619,12.931686
13.470000,62.601561,18.780468
13.475000,84.051055,25.215317
13.480000,91.680893,27.504268
13.485000,130.057827,39.017348
13.490000,121.803535,36.541060
13.495000,131.757660,39.527298
13.500000,165.611885,49.683566
13.505000,201.661676,60.498503
13.510000,220.435468,66.130640
13.515000,267.955989,80.386797
13.520000,289.670665,86.901199
13.525000,308.224355,92.467307
13.530000,324.046113,97.213834
13.535000,339.440296,101.832089
13.540000,351.352728,105.405818
13.545000,364.862788,109.458836
13.550000,388.087185,116.426155
13.555000,394.674505,118.402351
13.560000,421.551423,126.465427
13.565000,410.119572,123.035872
13.570000,420.784897,126.235469
13.575000,390.744068,117.223220
13.580000,376.460257,112.938077
13.585000,350.728021,105.218406
13.590000,351.140959,105.342288
13.595000,319.904695,95.971409
13.600000,320.615739,96.184722
13.605000,304.746067,91.423820
13.610000,282.775656,84.832697
13.615000,257.484448,77.245334
13.620000,248.737241,74.621172
13.625000,200.782004,60.234601
13.630000,196.006165,58.801849
13.635000,175.735257,52.720577
13.640000,146.355465,43.906639
13.645000,111.623252,33.486976
13.650000,92.185249,27.655575
13.655000,49.925389,14.977617
13.660000,33.523647,10.057094
13.665000,20.357038,6.107111
13.670000,8.312244,2.493673
13.675000,9.311052,2.793316
13.680000,27.370400,8.211120
13.685000,18.112326,5.433698
13.690000,17.053496,5.116049
13.695000,40.939898,12.281970
13.700000,55.971473,16.791442
13.705000,53.926732,16.178020
13.710000,64.670850,19.401255
13.715000,72.544286,21.763286
13.720000,70.415502,21.124650
13.725000,83.069123,24.920737
13.730000,102.997091,30.899127
13.735000,134.260764,40.278229
13.740000,175.799437,52.739831
13.745000,212.429422,63.728826
13.750000,243.906505,73.171951
13.755000,263.465898,79.039769
13.760000,268.837582,80.651275
13.765000,284.924043,85.477213
13.770000,299.006207,89.701862
13.775000,313.993329,94.197999
13.780000,339.966671,101.990001
13.785000,365.198337,109.559501
13.790000,375.985434,112.795630
13.795000,395.649070,118.694721
13.800000,411.767148,123.530144
13.805000,415.678533,124.703560
13.810000,433.470082,130.041024
13.815000,441.298703,132.389611
13.820000,431.485814,129.445744
13.825000,425.322660,127.596798
13.830000,437.058849,131.117655
13.835000,416.239537,124.871861
13.840000,413.218916,123.965675
13.845000,415.856060,124.756818
13.850000,408.803236,122.640971
13.855000,366.587872,109.976362
13.860000,366.006861,109.802058
13.865000,334.335090,100.300527
13.870000,297.215744,89.164723
13.875000,258.916488,77.674946
13.880000,245.829833,73.748950
13.885000,206.021770,61.806531
13.890000,180.356914,54.107074
13.895000,170.488917,51.146675
13.900000,145.892796,43.767839
13.905000,113.922858,34.176857
13.910000,103.196235,30.958870
13.915000,95.998598,28.799580
13.920000,82.893748,24.868124
13.925000,71.354696,21.406409
13.930000,82.597599,24.779280
13.935000,77.444183,23.233255
13.940000,86.389499,25.916850
13.945000,71.263063,21.378919
13.950000,88.286779,26.486034
13.955000,87.105267,26.131580
13.960000,83.065238,24.919571
13.965000,78.433051,23.529915
13.970000,115.043778,34.513133
13.975000,129.303291,38.790987
13.980000,147.344145,44.203243
13.985000,190.118953,57.035686
13.990000,228.010736,68.403221
13.995000,251.924484,75.577345
14.000000,274.779823,82.433947
14.005000,305.507596,91.652279
14.010000,331.812365,99.543709
14.015000,342.864062,102.859219
14.020000,352.014789,105.604437
14.025000,386.468077,115.940423
14.030000,419.076596,125.722979
14.035000,419.090933,125.727280
14.040000,418.594244,125.578273
14.045000,425.348479,127.604544
14.050000,420.120808,126.036242
14.055000,413.008261,123.902478
14.060000,430.530634,129.159190
14.065000,450.359813,135.107944
14.070000,453.421910,136.026573
14.075000,456.702034,137.010610
14.080000,441.051775,132.315533
14.085000,423.828470,127.148541
14.090000,405.273140,121.581942
14.095000,415.282970,124.584891
14.100000,401.384971,120.415491
14.105000,381.329973,114.398992
14.110000,351.129910,105.338973
14.115000,328.985372,98.695612
14.120000,269.816960,80.945088
14.125000,232.466109,69.739833
14.130000,208.257181,62.477154
14.135000,198.705517,59.611655
14.140000,174.973354,52.492006
14.145000,159.133665,47.740100
14.150000,133.088430,39.926529
14.155000,110.258965,33.077689
14.160000,85.483024,25.644907
14.165000,72.420740,21.726222
14.170000,75.717518,22.715255
14.175000,72.149871,21.644961
14.180000,83.767214,25.130164
14.185000,83.173428,24.952028
14.190000,84.812974,25.443892
14.195000,62.765372,18.829612
14.200000,63.658404,19.097521
14.205000,70.285921,21.085776
14.210000,91.424331,27.427299
14.215000,107.778356,32.333507
14.220000,147.030034,44.109010
14.225000,173.322286,51.996686
14.230000,185.496961,55.649088
14.235000,191.596540,57.478962
14.240000,221.478917,66.443675
14.245000,242.631295,72.789388
14.250000,268.914707,80.674412
14.255000,294.142847,88.242854
14.260000,328.377227,98.513168
14.265000,346.848303,104.054491
14.270000,359.961746,107.988524
14.275000,396.545178,118.963553
14.280000,420.346348,126.103904
14.285000,432.926384,129.877915
14.290000,456.667307,137.000192
14.295000,483.349858,145.004957
14.300000,477.888033,143.366410
14.305000,486.079411,145.823823
14.310000,480.286928,144.086079
14.315000,463.034909,138.910473
14.320000,433.294990,129.988497
14.325000,437.188061,131.156418
14.330000,408.129354,122.438806
14.335000,409.691759,122.907528
14.340000,393.052225,117.915667
14.345000,385.741856,115.722557
14.350000,354.688219,106.406466
14.355000,350.412380,105.123714
14.360000,326.735099,98.020530
14.365000,323.258569,96.977571
14.370000,308.869933,92.660980
14.375000,291.985222,87.595567
14.380000,259.561644,77.868493
14.385000,235.255700,70.576710
14.390000,197.964564,59.389369
14.395000,168.197325,50.459197
14.400000,138.696896,41.609069
14.405000,123.149636,36.944891
14.410000,101.279631,30.383889
14.415000,87.996155,26.398846
14.420000,75.015649,22.504695
14.425000,60.086904,18.026071
14.430000,59.783053,17.934916
14.435000,40.990504,12.297151
14.440000,32.281106,9.684332
14.445000,51.359174,15.407752
14.450000,41.302811,12.390843
14.455000,38.444223,11.533267
14.460000,69.028798,20.708639
14.465000,74.936333,22.480900
14.470000,99.886253,29.965876
14.475000,119.572511,35.871753
14.480000,157.190343,47.157103
14.485000,186.238914,55.871674
14.490000,230.016209,69.004863
14.495000,231.477953,69.443386
14.500000,279.448806,83.834642
14.505000,285.175907,85.552772
14.510000,303.185468,90.955640
14.515000,310.096524,93.028957
14.520000,331.709460,99.512838
14.525000,357.325381,107.197614
14.530000,374.230046,112.269014
14.535000,381.314990,114.394497
14.540000,405.623236,121.686971
14.545000,408.443891,122.533167
14.550000,418.290852,125.487256
14.555000,435.425702,130.627711
14.560000,428.603185,128.580955
14.565000,426.145610,127.843683
14.570000,426.753844,128.026153
14.575000,405.149034,121.544710
14.580000,393.000032,117.900010
14.585000,386.548940,115.964682
14.590000,379.071878,113.721563
14.595000,361.630650,108.489195
14.600000,354.571638,106.371491
14.605000,331.573208,99.471962
14.610000,320.535757,96.160727
14.615000,283.759602,85.127880
14.620000,259.833741,77.950122
14.625000,216.837169,65.051151
14.630000,195.880981,58.764294
14.635000,170.995569,51.298671
14.640000,167.515760,50.254728
14.645000,158.272675,47.481803
14.650000,147.393963,44.218189
14.655000,120.833100,36.249930
14.660000,98.343787,29.503136
14.665000,65.495717,19.648715
14.670000,53.863467,16.159040
14.675000,49.248653,14.774596
14.680000,37.067825,11.120347
14.685000,24.374854,7.312456
14.690000,34.594644,10.378393
14.695000,27.553123,8.265937
14.700000,23.441602,7.032481
14.705000,47.914519,14.374356
14.710000,61.451255,18.435377
14.715000,62.068811,18.620643
14.720000,72.133650,21.640095
14.725000,76.666970,23.000091
14.730000,94.311627,28.293488
14.735000,109.475310,32.842593
14.740000,130.055581,39.016674
14.745000,151.464967,45.439490
14.750000,197.035648,59.110694
14.755000,213.629467,64.088840
14.760000,247.081948,74.124584
14.765000,261.063226,78.318968
14.770000,288.016442,86.404933
14.775000,290.567604,87.170281
14.780000,311.893262,93.567979
14.785000,330.859696,99.257909
14.790000,357.877683,107.363305
14.795000,385.976596,115.792979
14.800000,410.205410,123.061623
14.805000,417.707076,125.312123
14.810000,418.002349,125.400705
14.815000,415.538399,124.661520
14.820000,402.707992,120.812398
14.825000,399.983355,119.995007
14.830000,374.489879,112.346964
14.835000,368.612414,110.583724
14.840000,358.423800,107.527140
14.845000,340.107334,102.032200
14.850000,314.588234,94.376470
14.855000,292.749506,87.824852
14.860000,251.114018,75.334206
14.865000,236.620029,70.986009
14.870000,205.186610,61.555983
14.875000,163.954026,49.186208
14.880000,150.525640,45.157692
14.885000,131.237309,39.371193
14.890000,76.900705,23.070212
14.895000,32.726155,9.817846
14.900000,8.926624,2.677987
14.905000,-12.148385,-3.644516
14.910000,-27.943023,-8.382907
14.915000,-31.067543,-9.320263
14.920000,-23.685759,-7.105728
14.925000,-16.420198,-4.926059
14.930000,-42.781169,-12.834351
14.935000,-49.075524,-14.722657
14.940000,-54.828697,-16.448609
14.945000,-64.948119,-19.484436
14.950000,-69.014062,-20.704219
14.955000,-45.057525,-13.517258
14.960000,-33.806684,-10.142005
14.965000,-25.185914,-7.555774
14.970000,-3.121170,-0.936351
14.975000,35.606024,10.681807
14.980000,48.228925,14.468678
14.985000,58.458503,17.537551
14.990000,95.054052,28.516216
14.995000,127.232748,38.169824
15.000000,138.754128,41.626238
15.005000,162.168517,48.650555
15.010000,207.190494,62.157148
15.015000,221.462182,66.438655
15.020000,229.205616,68.761685
15.025000,240.701806,72.210542
15.030000,267.012863,80.103859
15.035000,280.805215,84.241564
15.040000,305.713319,91.713996
15.045000,325.584819,97.675446
15.050000,346.035338,103.810601
15.055000,352.677570,105.803271
15.060000,356.156272,106.846882
15.065000,338.811537,101.643461
15.070000,322.128417,96.638525
15.075000,313.504365,94.051309
15.080000,291.366973,87.410092
15.085000,268.569801,80.570940
15.090000,263.137372,78.941211
15.095000,253.520108,76.056032
15.100000,223.222135,66.966641
15.105000,223.167566,66.950270
15.110000,181.509253,54.452776
15.115000,164.372496,49.311749
15.120000,160.862808,48.258842
15.125000,138.511801,41.553540
15.130000,101.053879,30.316164
15.135000,101.334449,30.400335
15.140000,83.914168,25.174250
15.145000,32.232159,9.669648
15.150000,10.451144,3.135343
15.155000,-11.323724,-3.397117
15.160000,-30.934361,-9.280308
15.165000,-60.132968,-18.039890
15.170000,-58.526242,-17.557873
15.175000,-72.918418,-21.875526
15.180000,-78.351071,-23.505321
15.185000,-92.401463,-27.720439
15.190000,-100.050346,-30.015104
15.195000,-104.369324,-31.310797
15.200000,-96.939693,-29.081908
15.205000,-98.515263,-29.554579
15.210000,-69.537789,-20.861337
15.215000,-51.582649,-15.474795
15.220000,-45.363954,-13.609186
15.225000,-17.096178,-5.128854
15.230000,6.475180,1.942554
15.235000,19.682701,5.904810
15.240000,43.494654,13.048396
15.245000,80.225661,24.067698
15.250000,96.838091,29.051427
15.255000,122.284388,36.685316
15.260000,142.216696,42.665009
15.265000,181.509177,54.452753
15.270000,183.339006,55.001702
15.275000,202.719785,60.815935
15.280000,229.173606,68.752082
15.285000,236.646715,70.994014
15.290000,223.213209,66.963963
15.295000,269.521828,80.856549
15.300000,274.310281,82.293084
15.305000,292.756494,87.826948
15.310000,307.662422,92.298727
15.315000,318.293968,95.488191
15.320000,300.748107,90.224432
15.325000,301.625677,90.487703
15.330000,284.262837,85.278851
15.335000,270.447416,81.134225
15.340000,255.322512,76.596754
15.345000,234.828470,70.448541
15.350000,220.314464,66.094339
15.355000,195.316288,58.594886
15.360000,160.204012,48.061204
15.365000,129.198102,38.759431
15.370000,104.892169,31.467651
15.375000,63.163397,18.949019
15.380000,27.692584,8.307775
15.385000,2.540542,0.762163
15.390000,-19.196955,-5.759087
15.395000,-42.015052,-12.604516
15.400000,-51.104785,-15.331435
15.405000,-68.192195,-20.457659
15.410000,-61.952680,-18.585804
15.415000,-76.039753,-22.811926
15.420000,-66.779673,-20.033902
15.425000,-76.764516,-23.029355
15.430000,-79.893951,-23.968185
15.435000,-104.408412,-31.322524
15.440000,-127.160760,-38.148228
15.445000,-151.561144,-45.468343
15.450000,-152.654380,-45.796314
15.455000,-132.746558,-39.823968
15.460000,-128.428316,-38.528495
15.465000,-76.550065,-22.965020
15.470000,-60.845277,-18.253583
15.475000,-37.837479,-11.351244
15.480000,-53.032524,-15.909757
15.485000,-18.851042,-5.655313
15.490000,-13.647195,-4.094159
15.495000,17.815891,5.344767
15.500000,37.150814,11.145244
15.505000,72.737867,21.821360
15.510000,103.221090,30.966327
15.515000,134.771883,40.431565
15.520000,156.178189,46.853457
15.525000,184.100650,55.230195
15.530000,220.782210,66.234663
15.535000,229.617540,68.885262
15.540000,227.363702,68.209111
15.545000,223.020269,66.906081
15.550000,234.412558,70.323767
15.555000,236.963429,71.089029
15.560000,240.540161,72.162048
15.565000,247.371620,74.211486
15.570000,255.012588,76.503776
15.575000,237.632866,71.289860
15.580000,219.484826,65.845448
15.585000,200.461535,60.138461
15.590000,205.984800,61.795440
15.595000,189.871634,56.961490
15.600000,164.988113,49.496434
15.605000,135.582658,40.674797
15.610000,112.176455,33.652937
15.615000,76.275499,22.882650
15.620000,55.395227,16.618568
15.625000,32.990467,9.897140
15.630000,18.326124,5.497837
15.635000,-3.398066,-1.019420
15.640000,-42.313567,-12.694070
15.645000,-61.091078,-18.327323
15.650000,-77.957595,-23.387278
15.655000,-78.290893,-23.487268
15.660000,-99.461083,-29.838325
15.665000,-106.819522,-32.045857
15.670000,-122.616874,-36.785062
15.675000,-137.142248,-41.142674
15.680000,-174.628250,-52.388475
15.685000,-179.634977,-53.890493
15.690000,-178.035700,-53.410710
15.695000,-179.501346,-53.850404
15.700000,-172.337703,-51.701311
15.705000,-144.238465,-43.271539
15.710000,-116.871305,-35.061391
15.715000,-100.587510,-30.176253
15.720000,-86.171065,-25.851319
15.725000,-68.319553,-20.495866
15.730000,-50.957042,-15.287113
15.735000,-29.030002,-8.709001
15.740000,-7.443654,-2.233096
15.745000,20.419831,6.125949
15.750000,44.732926,13.419878
15.755000,53.927319,16.178196
15.760000,63.072894,18.921868
15.765000,92.450560,27.735168
15.770000,115.012438,34.503731
15.775000,151.405566,45.421670
15.780000,182.380313,54.714094
15.785000,214.391163,64.317349
15.790000,233.514520,70.054356
15.795000,249.906959,74.972088
15.800000,241.486434,72.445930
15.805000,245.741573,73.722472
15.810000,242.954410,72.886323
15.815000,224.438923,67.331677
15.820000,217.095986,65.128796
15.825000,223.887029,67.166109
15.830000,212.258388,63.677517
15.835000,214.899038,64.469712
15.840000,205.706142,61.711843
15.845000,183.114484,54.934345
15.850000,153.694172,46.108251
15.855000,130.709338,39.212801
15.860000,95.597446,28.679234
15.865000,74.258659,22.277598
15.870000,64.574754,19.372426
15.875000,46.356238,13.906871
15.880000,31.351363,9.405409
15.885000,1.669529,0.500859
15.890000,-33.576200,-10.072860
15.895000,-70.183154,-21.054946
15.900000,-102.913826,-30.874148
15.905000,-118.805932,-35.641780
15.910000,-134.312804,-40.293841
15.915000,-124.267792,-37.280338
15.920000,-129.590431,-38.877129
15.925000,-125.160506,-37.548152
15.930000,-136.976448,-41.092934
15.935000,-138.001244,-41.400373
15.940000,-145.880363,-43.764109
15.945000,-141.002514,-42.300754
15.950000,-146.883707,-44.065112
15.955000,-135.292915,-40.587874
15.960000,-103.631478,-31.089444
15.965000,-94.539597,-28.361879
15.970000,-86.489086,-25.946726
15.975000,-66.698624,-20.009587
15.980000,-60.715498,-18.214650
15.985000,-49.133457,-14.740037
15.990000,-23.717229,-7.115169
15.995000,5.729718,1.718915
16.000000,51.439214,15.431764
16.005000,108.522442,32.556733
16.010000,116.938973,35.081692
16.015000,149.149384,44.744815
16.020000,174.853724,52.456117
16.025000,184.892884,55.467865
16.030000,188.416321,56.524896
16.035000,212.960298,63.888089
16.040000,232.441615,69.732484
16.045000,244.918308,73.475492
16.050000,254.187966,76.256390
16.055000,267.043725,80.113117
16.060000,278.020345,83.406104
16.065000,269.465918,80.839775
16.070000,264.504426,79.351328
16.075000,270.042438,81.012731
16.080000,255.401910,76.620573
16.085000,235.925133,70.777540
16.090000,211.146409,63.343923
16.095000,189.117893,56.735368
16.100000,147.862857,44.358857
16.105000,123.991296,37.197389
16.110000,104.599156,31.379747
16.115000,71.731744,21.519523
16.120000,50.536215,15.160864
16.125000,39.646430,11.893929
16.130000,15.645890,4.693767
16.135000,-18.115214,-5.434564
16.140000,-14.833946,-4.450184
16.145000,-42.656189,-12.796857
16.150000,-78.252482,-23.475745
16.155000,-106.944443,-32.083333
16.160000,-115.969139,-34.790742
16.165000,-132.362838,-39.708851
16.170000,-128.902739,-38.670822
16.175000,-125.971339,-37.791402
16.180000,-132.440013,-39.732004
16.185000,-140.037693,-42.011308
16.190000,-154.386771,-46.316031
16.195000,-161.286430,-48.385929
16.200000,-170.198997,-51.059699
16.205000,-149.794872,-44.938462
16.210000,-126.552070,-37.965621
16.215000,-105.063055,-31.518916
16.220000,-82.017182,-24.605155
16.225000,-55.228196,-16.568459
16.230000,-45.788066,-13.736420
16.235000,-32.549822,-9.764947
16.240000,2.563567,0.769070
16.245000,32.579325,9.773797
16.250000,62.293792,18.688138
16.255000,109.430207,32.829062
16.260000,137.407927,41.222378
16.265000,164.950093,49.485028
16.270000,184.121206,55.236362
16.275000,206.198063,61.859419
16.280000,223.121033,66.936310
16.285000,237.561458,71.268437
16.290000,233.595228,70.078569
16.295000,231.084889,69.325467
16.300000,246.877535,74.063261
16.305000,247.205686,74.161706
16.310000,256.810868,77.043260
16.315000,261.902219,78.570666
16.320000,282.756574,84.826972
16.325000,271.954111,81.586233
16.330000,258.253799,77.476140
16.335000,257.653706,77.296112
16.340000,258.460023,77.538007
16.345000,233.400911,70.020273
16.350000,204.449562,61.334869
16.355000,185.171246,55.551374
16.360000,158.324044,47.497213
16.365000,124.158749,37.247625
16.370000,110.165012,33.049504
16.375000,89.044786,26.713436
16.380000,75.169959,22.550988
16.385000,41.551704,12.465511
16.390000,29.085278,8.725583
16.395000,-5.690812,-1.707244
16.400000,-6.728148,-2.018444
16.405000,-35.694166,-10.708250
16.410000,-58.148439,-17.444532
16.415000,-91.375134,-27.412540
16.420000,-106.719110,-32.015733
16.425000,-131.395393,-39.418618
16.430000,-121.839642,-36.551892
16.435000,-101.977689,-30.593307
16.440000,-89.883171,-26.964951
16.445000,-89.123745,-26.737123
16.450000,-74.590231,-22.377069
16.455000,-79.395775,-23.818732
16.460000,-65.330439,-19.599132
16.465000,-49.176080,-14.752824
16.470000,-18.741598,-5.622480
16.475000,-0.583664,-0.175099
16.480000,11.079713,3.323914
16.485000,17.067371,5.120211
16.490000,30.560781,9.168234
16.495000,55.349226,16.604768
16.500000,85.459616,25.637885
16.505000,121.281068,36.384320
16.510000,150.093051,45.027915
16.515000,196.528407,58.958522
16.520000,209.704005,62.911201
16.525000,223.883831,67.165149
16.530000,248.914761,74.674428
16.535000,264.718758,79.415627
16.540000,264.617515,79.385254
16.545000,289.743808,86.923142
16.550000,321.293685,96.388105
16.555000,316.235501,94.870650
16.560000,325.937646,97.781294
16.565000,330.808371,99.242511
16.570000,323.848697,97.154609
16.575000,303.361069,91.008321
16.580000,306.743196,92.022959
16.585000,303.939634,91.181890
16.590000,286.242488,85.872746
16.595000,269.822125,80.946638
16.600000,253.087104,75.926131
16.605000,236.586423,70.975927
16.610000,205.584089,61.675227
16.615000,194.537303,58.361191
16.620000,171.941185,51.582356
16.625000,149.394987,44.818496
16.630000,124.184639,37.255392
16.635000,93.984647,28.195394
16.640000,56.593269,16.977981
16.645000,26.666615,7.999984
16.650000,6.739232,2.021769
16.655000,-16.778895,-5.033669
16.660000,-33.308230,-9.992469
16.665000,-38.395647,-11.518694
16.670000,-36.764194,-11.029258
16.675000,-60.506848,-18.152054
16.680000,-46.396932,-13.919080
16.685000,-39.665010,-11.899503
16.690000,-41.281098,-12.384329
16.695000,-32.669626,-9.800888
16.700000,-10.649447,-3.194834
16.705000,-18.623419,-5.587026
16.710000,11.902373,3.570712
16.715000,20.038233,6.011470
16.720000,29.042074,8.712622
16.725000,55.738215,16.721464
16.730000,74.341780,22.302534
16.735000,79.817058,23.945117
16.740000,116.512580,34.953774
16.745000,162.297491,48.689247
16.750000,174.562069,52.368621
16.755000,208.920785,62.676236
16.760000,240.792429,72.237729
16.765000,263.347772,79.004332
16.770000,258.348242,77.504473
16.775000,291.070506,87.321152
16.780000,312.770947,93.831284
16.785000,329.363685,98.809106
16.790000,353.631748,106.089524
16.795000,384.559227,115.367768
16.800000,394.898938,118.469681
16.805000,403.863475,121.159042
16.810000,395.749899,118.724970
16.815000,386.712159,116.013648
16.820000,378.306831,113.492049
16.825000,366.672990,110.001897
16.830000,356.802671,107.040801
16.835000,347.964223,104.389267
16.840000,347.623254,104.286976
16.845000,346.953504,104.086051
16.850000,328.758787,98.627636
16.855000,311.036760,93.311028
16.860000,294.098805,88.229642
16.865000,269.094935,80.728481
16.870000,231.737839,69.521352
16.875000,211.453137,63.435941
16.880000,182.437147,54.731144
16.885000,161.686765,48.506030
16.890000,120.728372,36.218512
16.895000,100.956869,30.287061
16.900000,74.445516,22.333655
16.905000,62.182555,18.654766
16.910000,46.033812,13.810143
16.915000,49.045087,14.713526
16.920000,32.411952,9.723586
16.925000,38.064581,11.419374
16.930000,21.157564,6.347269
16.935000,22.840075,6.852023
16.940000,13.274524,3.982357
16.945000,19.093620,5.728086
16.950000,18.705370,5.611611
16.955000,43.791162,13.137349
16.960000,35.823767,10.747130
16.965000,55.923768,16.777130
16.970000,60.561219,18.168366
16.975000,89.942316,26.982695
16.980000,88.818693,26.645608
16.985000,120.607563,36.182269
16.990000,129.449190,38.834757
16.995000,180.114678,54.034403
17.000000,186.132898,55.839869
17.005000,228.804637,68.641391
17.010000,258.125365,77.437609
17.015000,281.904289,84.571287
17.020000,289.710472,86.913142
17.025000,327.416623,98.224987
17.030000,345.262832,103.578849
17.035000,375.143598,112.543079
17.040000,402.274974,120.682492
17.045000,417.986812,125.396044
17.050000,419.704300,125.911290
17.055000,431.017959,129.305388
17.060000,442.666203,132.799861
17.065000,449.290022,134.787007
17.070000,448.466013,134.539804
17.075000,441.166817,132.350045
17.080000,423.936996,127.181099
17.085000,409.159402,122.747820
17.090000,383.394043,115.018213
17.095000,358.125930,107.437779
17.100000,343.719345,103.115804
17.105000,325.916697,97.775009
17.110000,307.890301,92.367090
17.115000,274.725983,82.417795
17.120000,260.997274,78.299182
17.125000,243.150470,72.945141
17.130000,213.260803,63.978241
17.135000,168.505618,50.551685
17.140000,167.723460,50.317038
17.145000,155.848587,46.754576
17.150000,122.273863,36.682159
17.155000,99.940623,29.982187
17.160000,96.364246,28.909274
17.165000,91.002308,27.300692
17.170000,63.849454,19.154836
17.175000,44.912041,13.473612
17.180000,63.560533,19.068160
17.185000,51.681805,15.504542
17.190000,49.111378,14.733413
17.195000,55.211114,16.563334
17.200000,76.772879,23.031864
17.205000,71.390052,21.417016
17.210000,97.458124,29.237437
17.215000,115.288823,34.586647
17.220000,116.301288,34.890387
17.225000,131.733763,39.520129
17.230000,171.327724,51.398317
17.235000,179.874045,53.962214
17.240000,181.938629,54.581589
17.245000,224.276126,67.282838
17.250000,256.484070,76.945221
17.255000,267.064021,80.119206
17.260000,291.336349,87.400905
17.265000,324.116018,97.234806
17.270000,343.638790,103.091637
17.275000,368.853555,110.656067
17.280000,382.943315,114.882995
17.285000,402.106683,120.632005
17.290000,418.638641,125.591592
17.295000,445.262817,133.578845
17.300000,455.246033,136.573810
17.305000,467.527875,140.258362
17.310000,477.683859,143.305158
17.315000,482.476844,144.743053
17.320000,477.967130,143.390139
17.325000,473.157179,141.947154
17.330000,479.501468,143.850440
17.335000,474.220253,142.266076
17.340000,456.221389,136.866417
17.345000,427.340258,128.202077
17.350000,411.316872,123.395062
17.355000,380.202712,114.060814
17.360000,346.263545,103.879064
17.365000,311.178867,93.353660
17.370000,275.444162,82.633249
17.375000,246.372336,73.911701
17.380000,223.598230,67.079469
17.385000,206.359381,61.907814
17.390000,184.228724,55.268617
17.395000,184.688247,55.406474
17.400000,156.639760,46.991928
17.405000,134.434708,40.330412
17.410000,114.343724,34.303117
17.415000,103.643960,31.093188
17.420000,78.689952,23.606985
17.425000,57.297525,17.189258
17.430000,40.764158,12.229248
17.435000,20.005906,6.001772
17.440000,30.057585,9.017276
17.445000,38.549757,11.564927
17.450000,68.804481,20.641344
17.455000,88.337762,26.501329
17.460000,109.870368,32.961110
17.465000,123.983933,37.195180
17.470000,137.631665,41.289500
17.475000,154.602712,46.380814
17.480000,175.527625,52.658288
17.485000,195.460225,58.638068
17.490000,216.621788,64.986536
17.495000,244.875180,73.462554
17.500000,262.612975,78.783893
17.505000,292.310561,87.693168
17.510000,338.578897,101.573669
17.515000,359.479722,107.843917
17.520000,378.919986,113.675996
17.525000,384.555532,115.366660
17.530000,395.658696,118.697609
17.535000,395.588814,118.676644
17.540000,395.924310,118.777293
17.545000,413.047167,123.914150
17.550000,444.904544,133.471363
17.555000,446.197454,133.859236
17.560000,449.731572,134.919472
17.565000,459.156204,137.746861
17.570000,459.657185,137.897156
17.575000,436.389304,130.916791
17.580000,430.345545,129.103664
17.585000,436.660028,130.998009
17.590000,429.855976,128.956793
17.595000,410.109670,123.032901
17.600000,401.516933,120.455080
17.605000,373.204145,111.961244
17.610000,334.380767,100.314230
17.615000,313.094883,93.928465
17.620000,276.250517,82.875155
17.625000,254.831181,76.449354
17.630000,248.850022,74.655007
17.635000,232.718038,69.815411
17.640000,192.627498,57.788249
17.645000,169.980424,50.994127
17.650000,132.821354,39.846406
17.655000,111.758300,33.527490
17.660000,90.559340,27.167802
17.665000,93.742460,28.122738
17.670000,82.066891,24.620067
17.675000,76.035811,22.810743
17.680000,61.464305,18.439292
17.685000,53.860214,16.158064
17.690000,41.009614,12.302884
17.695000,51.920289,15.576087
17.700000,72.244930,21.673479
17.705000,82.278399,24.683520
17.710000,84.824158,25.447247
17.715000,89.078828,26.723648
17.720000,102.612817,30.783845
17.725000,117.662935,35.298881
17.730000,134.494192,40.348258
17.735000,161.628316,48.488495
17.740000,196.395419,58.918626
17.745000,228.363741,68.509122
17.750000,251.187857,75.356357
17.755000,278.802746,83.640824
17.760000,298.601045,89.580314
17.765000,322.519119,96.755736
17.770000,340.283817,102.085145
17.775000,353.310075,105.993022
17.780000,361.037318,108.311195
17.785000,382.795346,114.838604
17.790000,411.546084,123.463825
17.795000,423.270696,126.981209
17.800000,451.635231,135.490569
17.805000,466.293092,139.887928
17.810000,468.974230,140.692269
17.815000,447.600232,134.280070
17.820000,437.677758,131.303328
17.825000,430.590340,129.177102
17.830000,424.362364,127.308709
17.835000,419.944701,125.983410
17.840000,421.288514,126.386554
17.845000,407.948243,122.384473
17.850000,374.786994,112.436098
17.855000,351.216363,105.364909
17.860000,327.290243,98.187073
17.865000,300.711417,90.213425
17.870000,279.329952,83.798986
17.875000,256.404462,76.921339
17.880000,223.486325,67.045898
17.885000,190.605225,57.181567
17.890000,154.769174,46.430752
17.895000,135.382365,40.614710
17.900000,95.356237,28.606871
17.905000,79.642348,23.892704
17.910000,82.853797,24.856139
17.915000,72.096799,21.629040
17.920000,42.080462,12.624139
17.925000,48.698821,14.609646
17.930000,53.694717,16.108415
17.935000,29.342302,8.802691
17.940000,36.150873,10.845262
17.945000,48.338975,14.501692
17.950000,50.900958,15.270287
17.955000,74.182275,22.254683
17.960000,87.276068,26.182820
17.965000,91.969214,27.590764
17.970000,103.570393,31.071118
17.975000,128.071044,38.421313
17.980000,126.462830,37.938849
17.985000,153.902992,46.170897
17.990000,182.317281,54.695184
17.995000,198.550049,59.565015
18.000000,223.915645,67.174693
18.005000,242.318750,72.695625
18.010000,257.600907,77.280272
18.015000,267.565023,80.269507
18.020000,296.219195,88.865758
18.025000,306.413093,91.923928
18.030000,326.997272,98.099182
18.035000,333.897993,100.169398
18.040000,359.969824,107.990947
18.045000,376.687299,113.006190
18.050000,381.819005,114.545702
18.055000,382.383437,114.715031
18.060000,389.316743,116.795023
18.065000,395.185642,118.555693
18.070000,369.825017,110.947505
18.075000,368.793407,110.638022
18.080000,350.258557,105.077567
18.085000,340.558894,102.167668
18.090000,324.297266,97.289180
18.095000,321.268838,96.380651
18.100000,304.749124,91.424737
18.105000,289.043235,86.712970
18.110000,284.256607,85.276982
18.115000,259.866926,77.960078
18.120000,248.219360,74.465808
18.125000,210.377325,63.113197
18.130000,182.213338,54.664001
18.135000,149.613314,44.883994
18.140000,115.811078,34.743324
18.145000,80.945762,24.283729
18.150000,71.972874,21.591862
18.155000,50.321817,15.096545
18.160000,29.604048,8.881214
18.165000,15.469811,4.640943
18.170000,8.191120,2.457336
18.175000,-10.169345,-3.050803
18.180000,-3.350764,-1.005229
18.185000,-19.406213,-5.821864
18.190000,-13.006267,-3.901880
18.195000,-5.746476,-1.723943
18.200000,12.065568,3.619670
18.205000,20.240581,6.072174
18.210000,41.950685,12.585205
18.215000,26.329397,7.898819
18.220000,40.060411,12.018123
18.225000,48.819000,14.645700
18.230000,65.544627,19.663388
18.235000,79.819670,23.945901
18.240000,113.112359,33.933708
18.245000,125.681117,37.704335
18.250000,157.092162,47.127649
18.255000,191.620339,57.486102
18.260000,212.458507,63.737552
18.265000,239.121861,71.736558
18.270000,276.648578,82.994573
18.275000,284.402519,85.320756
18.280000,307.880309,92.364093
18.285000,329.336322,98.800897
18.290000,343.137007,102.941102
18.295000,350.369814,105.110944
18.300000,379.094662,113.728399
18.305000,356.144681,106.843404
18.310000,370.229455,111.068837
18.315000,373.915389,112.174617
18.320000,373.652963,112.095889
18.325000,349.685577,104.905673
18.330000,338.169219,101.450766
18.335000,316.482466,94.944740
18.340000,310.252461,93.075738
18.345000,296.805500,89.041650
18.350000,293.155060,87.946518
18.355000,288.997995,86.699399
18.360000,259.224980,77.767494
18.365000,222.630949,66.789285
18.370000,177.704307,53.311292
18.375000,131.073532,39.322060
18.380000,97.121481,29.136444
18.385000,52.869473,15.860842
18.390000,33.453618,10.036086
18.395000,11.731354,3.519406
18.400000,16.576785,4.973035
18.405000,4.369387,1.310816
18.410000,2.570682,0.771205
18.415000,-10.223724,-3.067117
18.420000,-33.014963,-9.904489
18.425000,-68.724418,-20.617325
18.430000,-97.094450,-29.128335
18.435000,-86.021776,-25.806533
18.440000,-86.902169,-26.070651
18.445000,-84.459928,-25.337978
18.450000,-74.981029,-22.494309
18.455000,-44.298790,-13.289637
18.460000,-40.828306,-12.248492
18.465000,-28.851485,-8.655446
18.470000,-10.211316,-3.063395
18.475000,3.434716,1.030415
18.480000,16.714638,5.014392
18.485000,41.755081,12.526524
18.490000,54.869312,16.460794
18.495000,76.351731,22.905519
18.500000,114.591328,34.377398
18.505000,130.380300,39.114090
18.510000,155.236313,46.570894
18.515000,186.631537,55.989461
18.520000,224.313436,67.294031
18.525000,249.262723,74.778817
18.530000,280.510838,84.153251
18.535000,294.242826,88.272848
18.540000,298.670396,89.601119
18.545000,297.116159,89.134848
18.550000,296.518526,88.955558
18.555000,308.493627,92.548088
18.560000,315.538585,94.661575
18.565000,340.387508,102.116252
18.570000,344.265650,103.279695
18.575000,333.472226,100.041668
18.580000,318.988576,95.696573
18.585000,294.894737,88.468421
18.590000,260.095093,78.028528
18.595000,231.037141,69.311142
18.600000,216.998629,65.099589
18.605000,178.178219,53.453466
18.610000,158.415891,47.524767
18.615000,122.697347,36.809204
18.620000,114.203061,34.260918
18.625000,72.009107,21.602732
18.630000,61.304786,18.391436
18.635000,18.864831,5.659449
18.640000,1.862644,0.558793
18.645000,-21.151406,-6.345422
18.650000,-41.508412,-12.452524
18.655000,-68.003509,-20.401053
18.660000,-77.235823,-23.170747
18.665000,-107.875840,-32.362752
18.670000,-127.851883,-38.355565
18.675000,-128.104552,-38.431366
18.680000,-144.651614,-43.395484
18.685000,-140.277299,-42.083190
18.690000,-129.055587,-38.716676
18.695000,-137.280870,-41.184261
18.700000,-135.312777,-40.593833
18.705000,-123.524046,-37.057214
18.710000,-98.535390,-29.560617
18.715000,-90.700466,-27.210140
18.720000,-60.419721,-18.125916
18.725000,-34.050997,-10.215299
18.730000,-24.060435,-7.218130
18.735000,-34.359609,-10.307883
18.740000,5.647490,1.694247
18.745000,19.748265,5.924479
18.750000,39.168680,11.750604
18.755000,88.389134,26.516740
18.760000,123.154821,36.946446
18.765000,133.250249,39.975075
18.770000,137.219733,41.165920
18.775000,156.229254,46.868776
18.780000,158.279917,47.483975
18.785000,180.208157,54.062447
18.790000,204.594561,61.378368
18.795000,226.721018,68.016305
18.800000,247.396115,74.218835
18.805000,269.020461,80.706138
18.810000,275.738930,82.721679
18.815000,263.709991,79.112997
18.820000,267.686621,80.305986
18.825000,242.590720,72.777216
18.830000,220.685890,66.205767
18.835000,192.140828,57.642248
18.840000,189.673290,56.901987
18.845000,176.924514,53.077354
18.850000,164.230458,49.269137
18.855000,141.663344,42.499003
18.860000,137.636115,41.290835
18.865000,111.160453,33.348136
18.870000,62.148191,18.644457
18.875000,28.442189,8.532657
18.880000,6.380746,1.914224
18.885000,-21.473363,-6.442009
18.890000,-49.836026,-14.950808
18.895000,-53.218779,-15.965634
18.900000,-75.156227,-22.546868
18.905000,-89.268327,-26.780498
18.910000,-118.295643,-35.488693
18.915000,-136.001778,-40.800533
18.920000,-152.550032,-45.765010
18.925000,-152.543081,-45.762924
18.930000,-168.870218,-50.661065
18.935000,-182.327745,-54.698324
18.940000,-172.992381,-51.897714
18.945000,-169.981717,-50.994515
18.950000,-165.786249,-49.735875
18.955000,-149.730543,-44.919163
18.960000,-115.029126,-34.508738
18.965000,-97.315784,-29.194735
18.970000,-79.526789,-23.858037
18.975000,-64.766267,-19.429880
18.980000,-57.268261,-17.180478
18.985000,-31.137404,-9.341221
18.990000,-12.448430,-3.734529
18.995000,27.613828,8.284148
19.000000,51.105029,15.331509
19.005000,69.757353,20.927206
19.010000,92.929475,27.878843
19.015000,113.704281,34.111284
19.020000,126.026412,37.807924
19.025000,149.924833,44.977450
19.030000,190.534464,57.160339
19.035000,199.456075,59.836823
19.040000,200.477130,60.143139
19.045000,219.944331,65.983299
19.050000,224.262976,67.278893
19.055000,221.373837,66.412151
19.060000,233.845010,70.153503
19.065000,253.713130,76.113939
19.070000,238.954426,71.686328
19.075000,221.889077,66.566723
19.080000,217.483473,65.245042
19.085000,195.694787,58.708436
19.090000,172.754953,51.826486
19.095000,148.141302,44.442391
19.100000,137.167531,41.150259
19.105000,104.489889,31.346967
19.110000,79.052119,23.715636
19.115000,62.249532,18.674860
19.120000,55.645041,16.693512
19.125000,30.952028,9.285608
19.130000,17.723931,5.317179
19.135000,-4.310800,-1.293240
19.140000,-38.904409,-11.671323
19.145000,-71.072986,-21.321896
19.150000,-69.471398,-20.841419
19.155000,-89.093184,-26.727955
19.160000,-103.674839,-31.102452
19.165000,-117.836140,-35.350842
19.170000,-128.412070,-38.523621
19.175000,-168.351090,-50.505327
19.180000,-176.415686,-52.924706
19.185000,-177.055280,-53.116584
19.190000,-156.741016,-47.022305
19.195000,-144.299001,-43.289700
19.200000,-118.777681,-35.633304
19.205000,-108.831183,-32.649355
19.210000,-110.982370,-33.294711
19.215000,-114.195207,-34.258562
19.220000,-101.564218,-30.469265
19.225000,-93.869031,-28.160709
19.230000,-65.492028,-19.647608
19.235000,-45.699393,-13.709818
19.240000,-34.613683,-10.384105
19.245000,-22.780719,-6.834216
19.250000,-4.584317,-1.375295
19.255000,2.220828,0.666248
19.260000,44.014850,13.204455
19.265000,80.737710,24.221313
19.270000,113.522636,34.056791
19.275000,157.541030,47.262309
19.280000,198.179463,59.453839
19.285000,202.523837,60.757151
19.290000,229.771880,68.931564
19.295000,243.465592,73.039677
19.300000,243.749284,73.124785
19.305000,243.745828,73.123748
19.310000,239.822195,71.946658
19.315000,223.211859,66.963558
19.320000,216.439278,64.931783
19.325000,215.371632,64.611490
19.330000,199.950340,59.985102
19.335000,198.584777,59.575433
19.340000,198.224052,59.467216
19.345000,193.557598,58.067279
19.350000,175.842714,52.752814
19.355000,168.148136,50.444441
19.360000,143.604089,43.081227
19.365000,109.918265,32.975479
19.370000,76.918139,23.075442
19.375000,43.733724,13.120117
19.380000,4.900386,1.470116
19.385000,-2.871380,-0.861414
19.390000,-25.458980,-7.637694
19.395000,-57.992718,-17.397815
19.400000,-72.414559,-21.724368
19.405000,-72.537174,-21.761152
19.410000,-101.805121,-30.541536
19.415000,-104.602107,-31.380632
19.420000,-111.961570,-33.588471
19.425000,-128.512657,-38.553797
19.430000,-154.429813,-46.328944
19.435000,-158.828175,-47.648452
19.440000,-153.435767,-46.030730
19.445000,-155.467160,-46.640148
19.450000,-131.621473,-39.486442
19.455000,-124.344302,-37.303291
19.460000,-112.378270,-33.713481
19.465000,-105.021293,-31.506388
19.470000,-72.934475,-21.880342
19.475000,-63.807307,-19.142192
19.480000,-47.102963,-14.130889
19.485000,-18.974546,-5.692364
19.490000,-9.309836,-2.792951
19.495000,31.522407,9.456722
19.500000,53.285832,15.985750
19.505000,93.726238,28.117871
19.510000,107.003720,32.101116
19.515000,135.924668,40.777401
19.520000,128.465464,38.539639
19.525000,159.934433,47.980330
19.530000,176.392547,52.917764
19.535000,207.980209,62.394063
19.540000,221.825218,66.547565
19.545000,240.980096,72.294029
19.550000,253.423089,76.026927
19.555000,254.743382,76.423015
19.560000,239.738281,71.921484
19.565000,249.232603,74.769781
19.570000,241.738677,72.521603
19.575000,222.454574,66.736372
19.580000,229.065769,68.719731
19.585000,225.627183,67.688155
19.590000,215.447898,64.634369
19.595000,202.748946,60.824684
19.600000,199.658521,59.897556
19.605000,182.588442,54.776533
19.610000,163.475530,49.042659
19.615000,131.697623,39.509287
19.620000,106.670138,32.001041
19.625000,72.134601,21.640380
19.630000,46.523942,13.957183
19.635000,14.920013,4.476004
19.640000,0.955555,0.286666
19.645000,-24.822526,-7.446758
19.650000,-53.616258,-16.084877
19.655000,-95.566725,-28.670018
19.660000,-83.442983,-25.032895
19.665000,-104.166169,-31.249851
19.670000,-102.800464,-30.840139
19.675000,-109.655289,-32.896587
19.680000,-92.135716,-27.640715
19.685000,-128.014187,-38.404256
19.690000,-127.330111,-38.199033
19.695000,-107.540192,-32.262058
19.700000,-97.989510,-29.396853
19.705000,-96.184416,-28.855325
19.710000,-60.917933,-18.275380
19.715000,-51.891004,-15.567301
19.720000,-51.194437,-15.358331
19.725000,-20.117929,-6.035379
19.730000,3.491364,1.047409
19.735000,24.797439,7.439232
19.740000,53.375827,16.012748
19.745000,81.389547,24.416864
19.750000,100.219627,30.065888
19.755000,136.381770,40.914531
19.760000,164.895219,49.468566
19.765000,190.647691,57.194307
19.770000,192.298294,57.689488
19.775000,219.812826,65.943848
19.780000,234.599753,70.379926
19.785000,239.699806,71.909942
19.790000,241.466698,72.440009
19.795000,265.052124,79.515637
19.800000,277.031325,83.109397
19.805000,269.770593,80.931178
19.810000,277.634880,83.290464
19.815000,296.446046,88.933814
19.820000,313.292258,93.987677
19.825000,300.559599,90.167880
19.830000,300.100567,90.030170
19.835000,288.361213,86.508364
19.840000,285.958674,85.787602
19.845000,268.579599,80.573880
19.850000,249.696062,74.908819
19.855000,219.207750,65.762325
19.860000,195.640819,58.692246
19.865000,164.437712,49.331313
19.870000,126.562835,37.968850
19.875000,110.493823,33.148147
19.880000,100.592430,30.177729
19.885000,85.687969,25.706391
19.890000,63.498376,19.049513
19.895000,51.640906,15.492272
19.900000,17.564912,5.269474
19.905000,-6.173844,-1.852153
19.910000,-5.875933,-1.762780
19.915000,-34.413659,-10.324098
19.920000,-53.181225,-15.954368
19.925000,-45.941192,-13.782358
19.930000,-49.734358,-14.920307
19.935000,-76.975932,-23.092779
19.940000,-76.775339,-23.032602
19.945000,-64.418528,-19.325558
19.950000,-57.413389,-17.224017
19.955000,-34.567824,-10.370347
19.960000,-14.413372,-4.324012
19.965000,20.423002,6.126901
19.970000,26.193325,7.857998
19.975000,39.860177,11.958053
19.980000,45.578201,13.673460
19.985000,70.394782,21.118434
19.990000,93.058177,27.917453
19.995000,135.681701,40.704510
20.000000,152.615884,45.784765
20.005000,194.372481,58.311744
20.010000,214.988867,64.496660
20.015000,225.794884,67.738465
20.020000,239.728419,71.918526
20.025000,258.283514,77.485054
20.030000,268.662063,80.598619
20.035000,293.096861,87.929058
20.040000,315.590844,94.677253
20.045000,334.472163,100.341649
20.050000,354.027468,106.208240
20.055000,361.394833,108.418450
20.060000,351.824115,105.547235
20.065000,354.891583,106.467475
20.070000,341.767906,102.530372
20.075000,335.561403,100.668421
20.080000,326.652593,97.995778
20.085000,328.723223,98.616967
20.090000,301.561205,90.468362
20.095000,279.782681,83.934804
20.100000,262.724662,78.817398
20.105000,247.172792,74.151837
20.110000,226.908907,68.072672
20.115000,224.443178,67.332953
20.120000,223.791212,67.137363
20.125000,206.212784,61.863835
20.130000,178.290616,53.487185
20.135000,143.581570,43.074471
20.140000,106.077046,31.823114
20.145000,70.295661,21.088698
20.150000,48.345309,14.503593
20.155000,32.002284,9.600685
20.160000,24.176162,7.252849
20.165000,16.838314,5.051494
20.170000,14.594888,4.378466
20.175000,5.947469,1.784241
20.180000,1.386468,0.415940
20.185000,1.736827,0.521048
20.190000,-0.350670,-0.105201
20.195000,-9.436116,-2.830835
20.200000,0.125893,0.037768
20.205000,11.372405,3.411722
20.210000,20.290083,6.087025
20.215000,37.138884,11.141665
20.220000,81.843449,24.553035
20.225000,92.226076,27.667823
20.230000,109.386784,32.816035
20.235000,137.020978,41.106293
20.240000,156.019512,46.805854
20.245000,164.416197,49.324859
20.250000,210.948618,63.284585
20.255000,246.231834,73.869550
20.260000,274.837034,82.451110
20.265000,313.692559,94.107768
20.270000,337.366428,101.209928
20.275000,352.842920,105.852876
20.280000,364.457195,109.337158
20.285000,374.184743,112.255423
20.290000,385.993519,115.798056
20.295000,405.406583,121.621975
20.300000,410.586491,123.175947
20.305000,424.427886,127.328366
20.310000,415.711527,124.713458
20.315000,425.380011,127.614003
20.320000,434.645760,130.393728
20.325000,437.363797,131.209139
20.330000,421.102860,126.330858
20.335000,419.324459,125.797338
20.340000,398.146501,119.443950
20.345000,355.236004,106.570801
20.350000,331.906670,99.572001
20.355000,309.928395,92.978519
20.360000,302.559179,90.767754
20.365000,288.226683,86.468005
20.370000,256.063437,76.819031
20.375000,228.397089,68.519127
20.380000,202.804001,60.841200
20.385000,160.018648,48.005594
20.390000,121.138335,36.341500
20.395000,113.754358,34.126307
20.400000,99.303397,29.791019
20.405000,74.186801,22.256040
20.410000,77.491728,23.247518
20.415000,84.618010,25.385403
20.420000,79.847643,23.954293
20.425000,67.490657,20.247197
20.430000,74.091607,22.227482
20.435000,53.912385,16.173715
20.440000,42.814203,12.844261
20.445000,45.014631,13.504389
20.450000,53.497904,16.049371
20.455000,84.145818,25.243745
20.460000,112.204068,33.661220
20.465000,126.821808,38.046543
20.470000,154.157804,46.247341
20.475000,157.606984,47.282095
20.480000,149.823919,44.947176
20.485000,164.420426,49.326128
20.490000,180.348370,54.104511
20.495000,198.753353,59.626006
20.500000,232.711270,69.813381
20.505000,281.499456,84.449837
20.510000,321.987784,96.596335
20.515000,357.917745,107.375324
20.520000,372.638397,111.791519
20.525000,401.945223,120.583567
20.530000,414.483064,124.344919
20.535000,411.587641,123.476292
20.540000,423.578733,127.073620
20.545000,445.004817,133.501445
20.550000,451.627106,135.488132
20.555000,464.524775,139.357433
20.560000,486.480439,145.944132
20.565000,477.638158,143.291447
20.570000,470.380502,141.114151
20.575000,456.252356,136.875707
20.580000,439.598528,131.879558
20.585000,411.363244,123.408973
20.590000,411.096976,123.329093
20.595000,396.509012,118.952704
20.600000,392.093886,117.628166
20.605000,365.567162,109.670149
20.610000,338.595206,101.578562
20.615000,321.905765,96.571729
20.620000,293.196256,87.958877
20.625000,271.814175,81.544253
20.630000,251.777539,75.533262
20.635000,244.565841,73.369752
20.640000,221.598285,66.479486
20.645000,203.372998,61.011899
20.650000,182.743125,54.822937
20.655000,148.452774,44.535832
20.660000,133.205071,39.961521
20.665000,102.226970,30.668091
20.670000,86.680522,26.004157
20.675000,66.640151,19.992045
20.680000,75.368278,22.610483
20.685000,78.826101,23.647830
20.690000,66.238484,19.871545
20.695000,71.107958,21.332387
20.700000,71.838897,21.551669
20.705000,87.915180,26.374554
20.710000,83.638734,25.091620
20.715000,117.140910,35.142273
20.720000,131.046765,39.314030
20.725000,161.710064,48.513019
20.730000,181.932419,54.579726
20.735000,205.077445,61.523234
20.740000,225.906013,67.771804
20.745000,242.587188,72.776156
20.750000,264.934749,79.480425
20.755000,288.904769,86.671431
20.760000,312.473173,93.741952
20.765000,345.080959,103.524288
20.770000,362.723168,108.816950
20.775000,366.805004,110.041501
20.780000,368.320099,110.496030
20.785000,386.186411,115.855923
20.790000,392.232981,117.669894
20.795000,420.375337,126.112601
20.800000,443.971510,133.191453
20.805000,467.177898,140.153369
20.810000,470.482244,141.144673
20.815000,460.269093,138.080728
20.820000,447.835566,134.350670
20.825000,459.050568,137.715170
20.830000,425.211572,127.563472
20.835000,415.479853,124.643956
20.840000,422.479894,126.743968
20.845000,419.084347,125.725304
20.850000,376.164010,112.849203
20.855000,373.751261,112.125378
20.860000,359.295914,107.788774
20.865000,333.348769,100.004631
20.870000,297.542997,89.262899
20.875000,285.113044,85.533913
20.880000,261.954867,78.586460
20.885000,239.102760,71.730828
20.890000,216.558686,64.967606
20.895000,198.155276,59.446583
20.900000,159.132095,47.739628
20.905000,140.779377,42.233813
20.910000,128.806287,38.641886
20.915000,108.236540,32.470962
20.920000,100.545784,30.163735
20.925000,121.915803,36.574741
20.930000,103.983063,31.194919
20.935000,93.635940,28.090782
20.940000,83.367141,25.010142
20.945000,84.839723,25.451917
20.950000,72.353145,21.705943
20.955000,101.784426,30.535328
20.960000,98.909928,29.672978
20.965000,113.683015,34.104905
20.970000,117.452571,35.235771
20.975000,139.692098,41.907629
20.980000,144.811896,43.443569
20.985000,178.087743,53.426323
20.990000,197.345201,59.203560
20.995000,231.550831,69.465249
21.000000,260.686901,78.206070
21.005000,287.670295,86.301088
21.010000,313.606343,94.081903
21.015000,349.931282,104.979385
21.020000,372.322020,111.696606
21.025000,372.344157,111.703247
21.030000,400.569532,120.170859
21.035000,413.708620,124.112586
21.040000,431.686601,129.505980
21.045000,430.075856,129.022757
21.050000,438.118576,131.435573
21.055000,418.885655,125.665696
21.060000,413.189400,123.956820
21.065000,413.185267,123.955580
21.070000,430.183665,129.055099
21.075000,436.408395,130.922518
21.080000,444.851906,133.455572
21.085000,445.341222,133.602367
21.090000,419.304135,125.791241
21.095000,400.220740,120.066222
21.100000,381.721065,114.516320
21.105000,341.418973,102.425692
21.110000,308.969408,92.690822
21.115000,297.801681,89.340504
21.120000,266.217676,79.865303
21.125000,238.300298,71.490090
21.130000,225.279596,67.583879
21.135000,199.205336,59.761601
21.140000,172.826966,51.848090
21.145000,150.500926,45.150278
21.150000,121.632449,36.489735
21.155000,81.604001,24.481200
21.160000,63.057344,18.917203
21.165000,22.910215,6.873065
21.170000,-2.301122,-0.690336
21.175000,2.315216,0.694565
21.180000,25.946069,7.783821
21.185000,11.350325,3.405098
21.190000,33.196519,9.958956
21.195000,53.900763,16.170229
21.200000,46.800143,14.040043
21.205000,55.526673,16.658002
21.210000,69.217904,20.765371
21.215000,66.792330,20.037699
21.220000,68.043925,20.413178
21.225000,84.015610,25.204683
21.230000,105.611299,31.683390
21.235000,129.908326,38.972498
21.240000,153.439659,46.031898
21.245000,181.226582,54.367975
21.250000,215.953030,64.785909
21.255000,230.469136,69.140741
21.260000,271.897274,81.569182
21.265000,298.485374,89.545612
21.270000,317.683706,95.305112
21.275000,332.460263,99.738079
21.280000,353.968953,106.190686
21.285000,355.943424,106.783027
21.290000,377.734974,113.320492
21.295000,413.779865,124.133959
21.300000,421.485078,126.445523
21.305000,426.867890,128.060367
21.310000,447.353549,134.206065
21.315000,439.011018,131.703305
21.320000,413.613134,124.083940
21.325000,402.327009,120.698103
21.330000,394.965458,118.489637
21.335000,375.211756,112.563527
21.340000,363.485623,109.045687
21.345000,352.443217,105.732965
21.350000,351.059809,105.317943
21.355000,332.630022,99.789007
21.360000,293.591567,88.077470
21.365000,269.824003,80.947201
21.370000,244.657498,73.397249
21.375000,214.156177,64.246853
21.380000,179.353580,53.806074
21.385000,159.716332,47.914899
21.390000,131.223254,39.366976
21.395000,92.410010,27.723003
21.400000,64.214339,19.264302
21.405000,40.847799,12.254340
21.410000,31.517768,9.455330
21.415000,11.173336,3.352001
21.420000,8.769287,2.630786
21.425000,-9.146572,-2.743972
21.430000,-20.198648,-6.059594
21.435000,-22.537281,-6.761184
21.440000,-19.108042,-5.732413
21.445000,-9.983902,-2.995171
21.450000,-5.931857,-1.779557
21.455000,11.546247,3.463874
21.460000,3.460714,1.038214
21.465000,17.038403,5.111521
21.470000,25.574208,7.672263
21.475000,57.454287,17.236286
21.480000,78.233239,23.469972
21.485000,111.978038,33.593411
21.490000,145.295064,43.588519
21.495000,174.419676,52.325903
21.500000,198.028125,59.408438
21.505000,226.685208,68.005562
21.510000,251.125104,75.337531
21.515000,264.863599,79.459080
21.520000,287.571743,86.271523
21.525000,300.039539,90.011862
21.530000,315.254442,94.576332
21.535000,340.725813,102.217744
21.540000,363.554484,109.066345
21.545000,368.879111,110.663733
21.550000,370.076566,111.022970
21.555000,371.663200,111.498960
21.560000,363.834886,109.150466
21.565000,364.722895,109.416869
21.570000,360.445733,108.133720
21.575000,361.676101,108.502830
21.580000,357.626731,107.288019
21.585000,341.593159,102.477948
21.590000,315.597268,94.679180
21.595000,314.023728,94.207118
21.600000,307.111595,92.133478
21.605000,283.931975,85.179593
21.610000,266.035032,79.810509
21.615000,234.553587,70.366076
21.620000,199.523148,59.856944
21.625000,161.892130,48.567639
21.630000,132.429223,39.728767
21.635000,100.343275,30.102982
21.640000,82.967451,24.890235
21.645000,53.180643,15.954193
21.650000,32.899020,9.869706
21.655000,22.054464,6.616339
21.660000,10.756452,3.226936
21.665000,-18.281026,-5.484308
21.670000,-37.788910,-11.336673
21.675000,-63.332308,-18.999692
21.680000,-88.446815,-26.534045
21.685000,-91.151349,-27.345405
21.690000,-75.844348,-22.753305
21.695000,-70.864258,-21.259277
21.700000,-50.975992,-15.292798
21.705000,-42.569766,-12.770930
21.710000,-47.404130,-14.221239
21.715000,-48.197739,-14.459322
21.720000,-34.208112,-10.262434
21.725000,-6.769432,-2.030830
21.730000,8.648267,2.594480
21.735000,51.514886,15.454466
21.740000,96.103008,28.830902
21.745000,125.053089,37.515927
21.750000,137.261341,41.178402
21.755000,167.014214,50.104264
21.760000,180.439329,54.131799
21.765000,197.859288,59.357786
21.770000,220.991280,66.297384
21.775000,249.431570,74.829471
21.780000,282.035585,84.610675
21.785000,301.054734,90.316420
21.790000,312.063617,93.619085
21.795000,322.492555,96.747767
21.800000,325.438831,97.631649
21.805000,312.214549,93.664365
21.810000,314.760271,94.428081
21.815000,312.693174,93.807952
21.820000,302.061712,90.618514
21.825000,309.144834,92.743450
21.830000,299.952488,89.985746
21.835000,276.598130,82.979439
21.840000,261.342130,78.402639
21.845000,234.492379,70.347714
21.850000,190.569470,57.170841
21.855000,163.883037,49.164911
21.860000,139.314092,41.794228
21.865000,111.084728,33.325418
21.870000,103.373807,31.012142
21.875000,92.386600,27.715980
21.880000,84.879941,25.463982
21.885000,76.339000,22.901700
21.890000,57.169979,17.150994
21.895000,27.118769,8.135631
21.900000,4.974207,1.492262
21.905000,-25.739013,-7.721704
21.910000,-58.316907,-17.495072
21.915000,-66.581949,-19.974585
21.920000,-69.659929,-20.897979
21.925000,-87.066647,-26.119994
21.930000,-84.408295,-25.322488
21.935000,-76.628929,-22.988679
21.940000,-100.718952,-30.215686
21.945000,-105.601018,-31.680305
21.950000,-111.507534,-33.452260
21.955000,-108.268381,-32.480514
21.960000,-109.517891,-32.855367
21.965000,-73.977358,-22.193207
21.970000,-52.847687,-15.854306
21.975000,-31.512969,-9.453891
21.980000,-12.375525,-3.712657
21.985000,5.091476,1.527443
21.990000,17.514437,5.254331
21.995000,41.487556,12.446267
22.000000,74.223247,22.266974
22.005000,83.099894,24.929968
22.010000,113.862767,34.158830
22.015000,140.588248,42.176475
22.020000,160.489748,48.146924
22.025000,187.967255,56.390177
22.030000,211.582970,63.474891
22.035000,234.764681,70.429404
22.040000,239.387590,71.816277
22.045000,249.738169,74.921451
22.050000,252.104925,75.631478
22.055000,273.268333,81.980500
22.060000,266.775896,80.032769
22.065000,272.623416,81.787025
22.070000,257.748578,77.324573
22.075000,236.161559,70.848468
22.080000,225.052811,67.515843
22.085000,216.326696,64.898009
22.090000,186.344314,55.903294
22.095000,170.905246,51.271574
22.100000,162.202179,48.660654
22.105000,148.217281,44.465184
22.110000,133.515169,40.054551
22.115000,128.197068,38.459120
22.120000,95.296386,28.588916
22.125000,68.558073,20.567422
22.130000,34.137440,10.241232
22.135000,3.534919,1.060476
22.140000,-24.124837,-7.237451
22.145000,-35.147099,-10.544130
22.150000,-42.217760,-12.665328
22.155000,-54.270005,-16.281001
22.160000,-76.044423,-22.813327
22.165000,-102.642424,-30.792727
22.170000,-97.118288,-29.135486
22.175000,-125.496465,-37.648940
22.180000,-134.625010,-40.387503
22.185000,-122.391995,-36.717599
22.190000,-122.730701,-36.819210
22.195000,-134.303059,-40.290918
22.200000,-127.028817,-38.108645
22.205000,-123.837925,-37.151377
22.210000,-125.037699,-37.511310
22.215000,-87.753539,-26.326062
22.220000,-68.738418,-20.621525
22.225000,-47.241194,-14.172358
22.230000,-21.703916,-6.511175
22.235000,-4.262295,-1.278688
22.240000,0.605182,0.181555
22.245000,37.932779,11.379834
22.250000,55.983931,16.795179
22.255000,67.625938,20.287781
22.260000,94.324345,28.297303
22.265000,112.189111,33.656733
22.270000,99.659562,29.897869
22.275000,135.405437,40.621631
22.280000,151.930255,45.579076
22.285000,163.991299,49.197390
22.290000,183.787642,55.136293
22.295000,204.474555,61.342366
22.300000,196.262813,58.878844
22.305000,209.659886,62.897966
22.310000,235.915253,70.774576
22.315000,244.392557,73.317767
22.320000,254.688704,76.406611
22.325000,244.619275,73.385782
22.330000,233.532235,70.059670
22.335000,192.433705,57.730111
22.340000,177.615478,53.284643
22.345000,152.291849,45.687555
22.350000,144.966772,43.490032
22.355000,122.934539,36.880362
22.360000,104.706068,31.411820
22.365000,62.180769,18.654231
22.370000,43.690624,13.107187
22.375000,6.985103,2.095531
22.380000,-27.078097,-8.123429
22.385000,-49.711103,-14.913331
22.390000,-67.314282,-20.194285
22.395000,-92.811365,-27.843409
22.400000,-95.087806,-28.526342
22.405000,-103.210885,-30.963265
22.410000,-116.642718,-34.992815
22.415000,-125.756339,-37.726902
22.420000,-133.260861,-39.978258
22.425000,-165.521788,-49.656536
22.430000,-170.975915,-51.292774
22.435000,-183.306848,-54.992055
22.440000,-193.489701,-58.046910
22.445000,-197.289831,-59.186949
22.450000,-179.487211,-53.846163
22.455000,-168.613426,-50.584028
22.460000,-140.335509,-42.100653
22.465000,-134.394416,-40.318325
22.470000,-117.887783,-35.366335
22.475000,-79.828844,-23.948653
22.480000,-56.395988,-16.918796
22.485000,-30.942350,-9.282705
22.490000,12.337555,3.701267
22.495000,26.089326,7.826798
22.500000,26.484335,7.945300
22.505000,50.309491,15.092847
22.510000,71.096891,21.329067
22.515000,88.344228,26.503269
22.520000,120.443605,36.133082
22.525000,152.790126,45.837038
22.530000,152.506455,45.751937
22.535000,159.298197,47.789459
22.540000,192.939092,57.881728
22.545000,224.761026,67.428308
22.550000,231.150252,69.345076
22.555000,266.162384,79.848715
22.560000,268.033031,80.409909
22.565000,248.738882,74.621665
22.570000,210.344443,63.103333
22.575000,212.774564,63.832369
22.580000,186.049100,55.814730
22.585000,197.044034,59.113210
22.590000,191.603076,57.480923
22.595000,194.022396,58.206719
22.600000,152.774582,45.832374
22.605000,146.782563,44.034769
22.610000,102.667328,30.800198
22.615000,75.081494,22.524448
22.620000,31.502808,9.450842
22.625000,28.559051,8.567715
22.630000,-0.325350,-0.097605
22.635000,-26.657182,-7.997155
22.640000,-48.217525,-14.465257
22.645000,-49.845923,-14.953777
22.650000,-70.443060,-21.132918
22.655000,-96.542811,-28.962843
22.660000,-94.770285,-28.431086
22.665000,-111.869535,-33.560860
22.670000,-131.604085,-39.481226
22.675000,-151.921410,-45.576423
22.680000,-178.929116,-53.678735
22.685000,-201.927951,-60.578385
22.690000,-191.536345,-57.460904
22.695000,-181.011845,-54.303553
22.700000,-177.163780,-53.149134
22.705000,-144.389530,-43.316859
22.710000,-141.544367,-42.463310
22.715000,-136.666492,-40.999948
22.720000,-116.933690,-35.080107
22.725000,-84.979557,-25.493867
22.730000,-72.291687,-21.687506
22.735000,-25.628306,-7.688492
22.740000,15.989396,4.796819
22.745000,33.550719,10.065216
22.750000,59.474885,17.842466
22.755000,78.801180,23.640354
22.760000,81.005347,24.301604
22.765000,95.378535,28.613561
22.770000,122.416249,36.724875
22.775000,139.856230,41.956869
22.780000,167.576997,50.273099
22.785000,198.699093,59.609728
22.790000,215.639851,64.691955
22.795000,241.741991,72.522597
22.800000,248.265040,74.479512
22.805000,246.586125,73.975838
22.810000,262.907722,78.872317
22.815000,261.877205,78.563162
22.820000,251.082879,75.324864
22.825000,248.678833,74.603650
22.830000,271.891236,81.567371
22.835000,250.867570,75.260271
22.840000,236.074214,70.822264
22.845000,199.277324,59.783197
22.850000,174.525468,52.357640
22.855000,129.931379,38.979414
22.860000,107.069280,32.120784
22.865000,82.569039,24.770712
22.870000,67.453755,20.236127
22.875000,61.606733,18.482020
22.880000,34.249439,10.274832
22.885000,6.958530,2.087559
22.890000,-17.052549,-5.115765
22.895000,-43.029874,-12.908962
22.900000,-72.752454,-21.825736
22.905000,-77.734532,-23.320360
22.910000,-92.877123,-27.863137
22.915000,-93.473172,-28.041952
22.920000,-94.104923,-28.231477
22.925000,-104.859541,-31.457862
22.930000,-123.041358,-36.912407
22.935000,-136.428258,-40.928477
22.940000,-155.930032,-46.779010
22.945000,-155.172643,-46.551793
22.950000,-153.977268,-46.193180
22.955000,-130.039495,-39.011848
22.960000,-122.780624,-36.834187
22.965000,-111.177506,-33.353252
22.970000,-105.157141,-31.547142
22.975000,-70.539403,-21.161821
22.980000,-59.123630,-17.737089
22.985000,-20.522920,-6.156876
22.990000,4.521491,1.356447
22.995000,51.919215,15.575764
23.000000,63.862747,19.158824
23.005000,96.149696,28.844909
23.010000,109.581676,32.874503
23.015000,152.598105,45.779432
23.020000,172.224240,51.667272
23.025000,202.091508,60.627452
23.030000,230.518753,69.155626
23.035000,263.411036,79.023311
23.040000,268.423500,80.527050
23.045000,284.081673,85.224502
23.050000,293.301717,87.990515
23.055000,288.668109,86.600433
23.060000,294.701725,88.410518
23.065000,292.992041,87.897612
23.070000,290.817500,87.245250
23.075000,289.635393,86.890618
23.080000,283.398773,85.019632
23.085000,287.009103,86.102731
23.090000,264.978024,79.493407
23.095000,241.210167,72.363050
23.100000,229.115084,68.734525
23.105000,205.519146,61.655744
23.110000,155.952338,46.785701
23.115000,156.611291,46.983387
23.120000,139.224827,41.767448
23.125000,91.920956,27.576287
23.130000,77.494490,23.248347
23.135000,58.502278,17.550683
23.140000,13.744630,4.123389
23.145000,-13.512012,-4.053604
23.150000,-27.935630,-8.380689
23.155000,-61.232621,-18.369786
23.160000,-72.086224,-21.625867
23.165000,-83.083064,-24.924919
23.170000,-92.403912,-27.721174
23.175000,-96.898281,-29.069484
23.180000,-87.283690,-26.185107
23.185000,-90.059104,-27.017731
23.190000,-91.593659,-27.478098
23.195000,-98.414131,-29.524239
23.200000,-92.858970,-27.857691
23.205000,-76.170347,-22.851104
23.210000,-52.517894,-15.755368
23.215000,-31.115164,-9.334549
23.220000,5.319625,1.595887
23.225000,18.449354,5.534806
23.230000,36.573809,10.972143
23.235000,50.535003,15.160501
23.240000,86.843708,26.053112
23.245000,110.069080,33.020724
23.250000,143.331707,42.999512
23.255000,164.019255,49.205777
23.260000,184.323846,55.297154
23.265000,202.575989,60.772797
23.270000,230.121076,69.036323
23.275000,287.544382,86.263314
23.280000,311.034681,93.310404
23.285000,338.620693,101.586208
23.290000,346.981658,104.094497
23.295000,360.019844,108.005953
23.300000,324.240531,97.272159
23.305000,319.538691,95.861607
23.310000,325.985890,97.795767
23.315000,325.570544,97.671163
23.320000,327.415487,98.224646
23.325000,344.359279,103.307784
23.330000,338.126215,101.437865
23.335000,319.830065,95.949020
23.340000,305.288234,91.586470
23.345000,265.631166,79.689350
23.350000,242.192736,72.657821
23.355000,231.680652,69.504196
23.360000,217.360636,65.208191
23.365000,207.318267,62.195480
23.370000,190.518236,57.155471
23.375000,165.919886,49.775966
23.380000,125.163715,37.549115
23.385000,98.865208,29.659562
23.390000,85.800757,25.740227
23.395000,79.313770,23.794131
23.400000,52.620157,15.786047
23.405000,43.520623,13.056187
23.410000,38.442313,11.532694
23.415000,27.318456,8.195537
23.420000,-6.295067,-1.888520
23.425000,-14.129859,-4.238958
23.430000,-14.699332,-4.409800
23.435000,-18.012116,-5.403635
23.440000,-37.979432,-11.393830
23.445000,-16.552535,-4.965760
23.450000,-8.187681,-2.456304
23.455000,19.358137,5.807441
23.460000,26.230214,7.869064
23.465000,47.739484,14.321845
23.470000,58.182133,17.454640
23.475000,89.519202,26.855761
23.480000,98.196168,29.458850
23.485000,109.861154,32.958346
23.490000,137.658756,41.297627
23.495000,155.349831,46.604949
23.500000,166.945995,50.083799
23.505000,177.235586,53.170676
23.510000,201.026620,60.307986
23.515000,218.722502,65.616751
23.520000,245.394271,73.618281
23.525000,277.973363,83.392009
23.530000,315.181531,94.554459
23.535000,342.158230,102.647469
23.540000,354.497120,106.349136
23.545000,381.974816,114.592445
23.550000,371.762473,111.528742
23.555000,357.130998,107.139299
23.560000,369.073772,110.722132
23.565000,384.362329,115.308699
23.570000,383.605814,115.081744
23.575000,392.904229,117.871269
23.580000,390.053620,117.016086
23.585000,369.027748,110.708324
23.590000,354.552700,106.365810
23.595000,324.372153,97.311646
23.600000,302.106034,90.631810
23.605000,280.817159,84.245148
23.610000,253.817138,76.145141
23.615000,233.127474,69.938242
23.620000,219.238194,65.771458
23.625000,191.448396,57.434519
23.630000,169.869197,50.960759
23.635000,150.987070,45.296121
23.640000,125.680014,37.704004
23.645000,90.859924,27.257977
23.650000,78.568946,23.570684
23.655000,51.595183,15.478555
23.660000,29.744496,8.923349
23.665000,14.879223,4.463767
23.670000,20.295157,6.088547
23.675000,4.021739,1.206522
23.680000,9.695400,2.908620
23.685000,23.953699,7.186110
23.690000,18.327586,5.498276
23.695000,10.794691,3.238407
23.700000,31.376757,9.413027
23.705000,49.281506,14.784452
23.710000,64.766894,19.430068
23.715000,89.901425,26.970428
23.720000,107.668044,32.300413
23.725000,122.739406,36.821822
23.730000,142.725870,42.817761
23.735000,146.454455,43.936337
23.740000,156.963759,47.089128
23.745000,194.883072,58.464922
23.750000,208.962833,62.688850
23.755000,243.301595,72.990479
23.760000,281.952096,84.585629
23.765000,313.328409,93.998523
23.770000,333.348139,100.004442
23.775000,371.898979,111.569694
23.780000,393.732125,118.119638
23.785000,406.171406,121.851422
23.790000,420.961108,126.288332
23.795000,427.500472,128.250142
23.800000,448.765123,134.629537
23.805000,453.616164,136.084849
23.810000,453.272395,135.981718
23.815000,453.135056,135.940517
23.820000,446.993731,134.098119
23.825000,426.431883,127.929565
23.830000,411.992854,123.597856
23.835000,426.395547,127.918664
23.840000,400.321507,120.096452
23.845000,397.706399,119.311920
23.850000,382.396723,114.719017
23.855000,354.475865,106.342759
23.860000,312.770661,93.831198
23.865000,300.180320,90.054096
23.870000,268.268831,80.480649
23.875000,248.383230,74.514969
23.880000,217.362335,65.208700
23.885000,205.017926,61.505378
23.890000,182.688909,54.806673
23.895000,172.187238,51.656172
23.900000,146.765838,44.029751
23.905000,150.046393,45.013918
23.910000,127.397060,38.219118
23.915000,124.874594,37.462378
23.920000,101.692910,30.507873
23.925000,82.983987,24.895196
23.930000,72.740078,21.822023
23.935000,71.249115,21.374734
23.940000,79.862898,23.958869
23.945000,66.958356,20.087507
23.950000,78.757345,23.627204
23.955000,91.580189,27.474057
23.960000,88.369046,26.510714
23.965000,84.903565,25.471070
23.970000,135.580237,40.674071
23.975000,168.292854,50.487856
23.980000,174.334474,52.300342
23.985000,218.947174,65.684152
23.990000,254.541601,76.362480
23.995000,268.839520,80.651856
24.000000,285.967352,85.790206
24.005000,320.355664,96.106699
24.010000,326.962058,98.088617
24.015000,337.548687,101.264606
24.020000,360.242146,108.072644
24.025000,379.836793,113.951038
24.030000,412.408424,123.722527
24.035000,434.194328,130.258298
24.040000,434.140972,130.242291
24.045000,437.960002,131.388001
24.050000,448.563043,134.568913
24.055000,443.300945,132.990284
24.060000,449.907194,134.972158
24.065000,462.786863,138.836059
24.070000,474.515321,142.354596
24.075000,460.933050,138.279915
24.080000,454.517458,136.355237
24.085000,439.762267,131.928680
24.090000,422.175898,126.652769
24.095000,404.497098,121.349130
24.100000,370.521483,111.156445
24.105000,336.945548,101.083664
24.110000,320.124361,96.037308
24.115000,303.102498,90.930749
24.120000,273.235638,81.970691
24.125000,267.580869,80.274261
24.130000,245.805571,73.741671
24.135000,235.061798,70.518539
24.140000,212.347465,63.704240
24.145000,182.412983,54.723895
24.150000,153.391744,46.017523
24.155000,131.724475,39.517343
24.160000,102.458481,30.737544
24.165000,93.992735,28.197821
24.170000,83.184523,24.955357
24.175000,77.004740,23.101422
24.180000,82.230792,24.669237
24.185000,60.230056,18.069017
24.190000,52.953745,15.886123
24.195000,54.028412,16.208524
24.200000,59.059975,17.717992
24.205000,63.977332,19.193200
24.210000,84.300631,25.290189
24.215000,95.290671,28.587201
24.220000,128.840599,38.652180
24.225000,160.800324,48.240097
24.230000,190.277938,57.083381
24.235000,218.644206,65.593262
24.240000,256.555140,76.966542
24.245000,272.917475,81.875242
24.250000,301.615049,90.484515
24.255000,335.876424,100.762927
24.260000,358.155688,107.446706
24.265000,376.218456,112.865537
24.270000,392.093530,117.628059
24.275000,375.262293,112.578688
24.280000,364.277002,109.283101
24.285000,383.211741,114.963522
24.290000,400.737025,120.221107
24.295000,408.397423,122.519227
24.300000,454.602514,136.380754
24.305000,482.031229,144.609369
24.310000,481.447500,144.434250
24.315000,487.486377,146.245913
24.320000,502.664153,150.799246
24.325000,490.741054,147.222316
24.330000,463.053093,138.915928
24.335000,465.679201,139.703760
24.340000,437.874222,131.362267
24.345000,403.296865,120.989059
24.350000,380.802178,114.240653
24.355000,362.777476,108.833243
24.360000,336.504211,100.951263
24.365000,319.756433,95.926930
24.370000,307.458723,92.237617
24.375000,285.699360,85.709808
24.380000,258.159281,77.447784
24.385000,223.199913,66.959974
24.390000,199.652925,59.895877
24.395000,163.461213,49.038364
24.400000,160.495096,48.148529
24.405000,145.075273,43.522582
24.410000,123.972032,37.191609
24.415000,110.891761,33.267528
24.420000,107.514338,32.254302
24.425000,74.160758,22.248227
24.430000,67.477157,20.243147
24.435000,71.889110,21.566733
24.440000,68.829535,20.648861
24.445000,71.535350,21.460605
24.450000,75.020487,22.506146
24.455000,88.983348,26.695004
24.460000,103.833349,31.150005
24.465000,117.433299,35.229990
24.470000,103.226620,30.967986
24.475000,117.253716,35.176115
24.480000,128.172426,38.451728
24.485000,141.669804,42.500941
24.490000,160.226642,48.067992
24.495000,216.308373,64.892512
24.500000,252.778162,75.833449
24.505000,282.367040,84.710112
24.510000,308.388476,92.516543
24.515000,344.229538,103.268862
24.520000,353.987195,106.196158
24.525000,371.984979,111.595494
24.530000,404.165682,121.249705
24.535000,423.221628,126.966488
24.540000,406.835749,122.050725
24.545000,426.101251,127.830375
24.550000,429.068471,128.720541
24.555000,421.133903,126.340171
24.560000,429.162672,128.748802
24.565000,448.499369,134.549811
24.570000,439.464225,131.839267
24.575000,442.669776,132.800933
24.580000,437.020044,131.106013
24.585000,416.554779,124.966434
24.590000,399.637660,119.891298
24.595000,385.768269,115.730481
24.600000,355.742845,106.722854
24.605000,326.553423,97.966027
24.610000,302.352459,90.705738
24.615000,267.581056,80.274317
24.620000,229.964212,68.989264
24.625000,217.164521,65.149356
24.630000,192.989687,57.896906
24.635000,167.054754,50.116426
24.640000,148.844361,44.653308
24.645000,135.493099,40.647930
24.650000,103.170818,30.951246
24.655000,85.360090,25.608027
24.660000,61.015964,18.304789
24.665000,53.879841,16.163952
24.670000,35.139995,10.541999
24.675000,33.069429,9.920829
24.680000,10.023411,3.007023
24.685000,3.888478,1.166543
24.690000,3.428917,1.028675
24.695000,9.982124,2.994637
24.700000,1.628819,0.488646
24.705000,28.268862,8.480659
24.710000,39.533302,11.859991
24.715000,46.005304,13.801591
24.720000,45.688131,13.706439
24.725000,65.810038,19.743011
24.730000,77.831179,23.349354
24.735000,112.247918,33.674375
24.740000,141.530721,42.459216
24.745000,176.086553,52.825966
24.750000,216.638107,64.991432
24.755000,241.157139,72.347142
24.760000,244.049292,73.214788
24.765000,240.872869,72.261861
24.770000,281.722674,84.516802
24.775000,288.328843,86.498653
24.780000,306.205902,91.861771
24.785000,332.826088,99.847826
24.790000,356.847513,107.054254
24.795000,366.407964,109.922389
24.800000,374.633510,112.390053
24.805000,399.326451,119.797935
24.810000,405.808182,121.742455
24.815000,394.682508,118.404752
24.820000,386.407506,115.922252
24.825000,376.818605,113.045581
24.830000,350.282718,105.084815
24.835000,351.238035,105.371411
24.840000,352.092008,105.627602
24.845000,336.357761,100.907328
24.850000,318.826458,95.647937
24.855000,292.413376,87.724013
24.860000,260.117468,78.035240
24.865000,232.438984,69.731695
24.870000,207.202189,62.160657
24.875000,188.756104,56.626831
24.880000,169.106226,50.731868
24.885000,144.152211,43.245663
24.890000,128.481920,38.544576
24.895000,92.616968,27.785090
24.900000,69.782806,20.934842
24.905000,46.998309,14.099493
24.910000,28.741729,8.622519
24.915000,0.743590,0.223077
24.920000,-9.452393,-2.835718
24.925000,-23.649641,-7.094892
24.930000,-35.505508,-10.651652
24.935000,-48.019491,-14.405847
24.940000,-45.788213,-13.736464
24.945000,-38.735677,-11.620703
24.950000,-42.678371,-12.803511
24.955000,-24.717414,-7.415224
24.960000,1.799884,0.539965
24.965000,22.572115,6.771634
24.970000,19.936154,5.980846
24.975000,44.941842,13.482553
24.980000,69.857129,20.957139
24.985000,76.981897,23.094569
24.990000,105.774949,31.732485
24.995000,147.169629,44.150889
25.000000,173.482939,52.044882
25.005000,187.014730,56.104419
25.010000,208.758844,62.627653
25.015000,220.605090,66.181527
25.020000,237.773147,71.331944
25.025000,258.679066,77.603720
25.030000,282.371001,84.711300
25.035000,300.141566,90.042470
25.040000,316.363422,94.909026
25.045000,329.949226,98.984768
25.050000,320.900995,96.270298
25.055000,316.527533,94.958260
25.060000,314.582315,94.374695
25.065000,311.320006,93.396002
25.070000,301.758734,90.527620
25.075000,305.342146,91.602644
25.080000,294.155099,88.246530
25.085000,292.725473,87.817642
25.090000,280.714610,84.214383
25.095000,251.483325,75.444998
25.100000,233.201556,69.960467
25.105000,208.868951,62.660685
25.110000,193.283383,57.985015
25.115000,162.434095,48.730229
25.120000,146.661403,43.998421
25.125000,121.068118,36.320435
25.130000,102.322839,30.696852
25.135000,62.479388,18.743816
25.140000,53.531793,16.059538
25.145000,34.682791,10.404837
25.150000,18.405871,5.521761
25.155000,8.594804,2.578441
25.160000,-17.002701,-5.100810
25.165000,-31.701956,-9.510587
25.170000,-41.172610,-12.351783
25.175000,-50.506294,-15.151888
25.180000,-73.739251,-22.121775
25.185000,-63.609781,-19.082934
25.190000,-74.871176,-22.461353
25.195000,-82.577710,-24.773313
25.200000,-66.773842,-20.032153
25.205000,-47.130792,-14.139238
25.210000,-44.525118,-13.357535
25.215000,-32.553811,-9.766143
25.220000,-4.813625,-1.444087
25.225000,4.290258,1.287077
25.230000,24.592260,7.377678
25.235000,57.952382,17.385715
25.240000,91.034405,27.310321
25.245000,97.536184,29.260855
25.250000,108.670499,32.601150
25.255000,120.567304,36.170191
25.260000,135.283266,40.584980
25.265000,157.964270,47.389281
25.270000,194.807620,58.442286
25.275000,210.553008,63.165902
25.280000,234.096766,70.229030
25.285000,257.769453,77.330836
25.290000,255.768784,76.730635
25.295000,260.908787,78.272636
25.300000,279.999696,83.999909
25.305000,273.071968,81.921591
25.310000,273.282547,81.984764
25.315000,279.332669,83.799801
25.320000,280.572220,84.171666
25.325000,263.132849,78.939855
25.330000,261.392782,78.417834
25.335000,237.365550,71.209665
25.340000,220.958889,66.287667
25.345000,198.876884,59.663065
25.350000,187.479424,56.243827
25.355000,185.860425,55.758127
25.360000,177.469368,53.240810
25.365000,144.948681,43.484604
25.370000,113.616259,34.084878
25.375000,100.389452,30.116836
25.380000,57.596773,17.279032
25.385000,32.662772,9.798832
25.390000,26.474535,7.942360
25.395000,3.802634,1.140790
25.400000,-34.113474,-10.234042
25.405000,-51.088207,-15.326462
25.410000,-87.035649,-26.110695
25.415000,-123.216441,-36.964932
25.420000,-134.985475,-40.495643
25.425000,-136.044769,-40.813431
25.430000,-147.319929,-44.195979
25.435000,-145.983809,-43.795143
25.440000,-142.650529,-42.795159
25.445000,-147.971633,-44.391490
25.450000,-137.423973,-41.227192
25.455000,-144.076734,-43.223020
25.460000,-136.294771,-40.888431
25.465000,-114.067834,-34.220350
25.470000,-97.842187,-29.352656
25.475000,-86.238142,-25.871443
25.480000,-36.978289,-11.093487
25.485000,-16.592462,-4.977739
25.490000,3.806616,1.141985
25.495000,30.081822,9.024547
25.500000,53.695174,16.108552
25.505000,68.786820,20.636046
25.510000,101.405267,30.421580
25.515000,133.906639,40.171992
25.520000,168.648750,50.594625
25.525000,195.939305,58.781791
25.530000,219.039798,65.711939
25.535000,224.302873,67.290862
25.540000,229.628229,68.888469
25.545000,241.284426,72.385328
25.550000,227.616827,68.285048
25.555000,238.886294,71.665888
25.560000,251.613207,75.483962
25.565000,251.913610,75.574083
25.570000,237.134045,71.140214
25.575000,242.499130,72.749739
25.580000,224.459067,67.337720
25.585000,208.689544,62.606863
25.590000,191.121154,57.336346
25.595000,163.646758,49.094027
25.600000,154.122383,46.236715
25.605000,121.125675,36.337702
25.610000,83.083221,24.924966
25.615000,50.408641,15.122592
25.620000,35.564984,10.669495
25.625000,3.511705,1.053512
25.630000,-20.382442,-6.114732
25.635000,-25.742709,-7.722813
25.640000,-50.033882,-15.010165
25.645000,-48.825795,-14.647738
25.650000,-70.410730,-21.123219
25.655000,-67.184601,-20.155380
25.660000,-95.140047,-28.542014
25.665000,-97.279179,-29.183754
25.670000,-135.037151,-40.511145
25.675000,-144.360361,-43.308108
25.680000,-161.165111,-48.349533
25.685000,-169.276026,-50.782808
25.690000,-183.992294,-55.197688
25.695000,-182.830276,-54.849083
25.700000,-193.536601,-58.060980
25.705000,-195.848985,-58.754696
25.710000,-178.951392,-53.685418
25.715000,-166.923941,-50.077182
25.720000,-139.874275,-41.962282
25.725000,-104.374371,-31.312311
25.730000,-88.073635,-26.422091
25.735000,-62.348026,-18.704408
25.740000,-27.051709,-8.115513
25.745000,-5.222135,-1.566641
25.750000,9.679973,2.903992
25.755000,51.562629,15.468789
25.760000,87.292743,26.187823
25.765000,116.391839,34.917552
25.770000,139.154315,41.746294
25.775000,181.717380,54.515214
25.780000,208.382984,62.514895
25.785000,215.467422,64.640227
25.790000,223.724715,67.117414
25.795000,246.902859,74.070858
25.800000,233.777238,70.133172
25.805000,229.213838,68.764151
25.810000,235.883592,70.765078
25.815000,231.166761,69.350028
25.820000,216.617837,64.985351
25.825000,204.163484,61.249045
25.830000,187.364831,56.209449
25.835000,158.923527,47.677058
25.840000,168.028687,50.408606
25.845000,164.745617,49.423685
25.850000,167.817610,50.345283
25.855000,153.403804,46.021141
25.860000,154.671346,46.401404
25.865000,122.773240,36.831972
25.870000,94.245521,28.273656
25.875000,66.768434,20.030530
25.880000,32.070344,9.621103
25.885000,2.931850,0.879555
25.890000,-35.306468,-10.591940
25.895000,-75.491222,-22.647367
25.900000,-113.051865,-33.915560
25.905000,-121.550317,-36.465095
25.910000,-133.603242,-40.080972
25.915000,-154.876257,-46.462877
25.920000,-143.400813,-43.020244
25.925000,-131.584160,-39.475248
25.930000,-144.108760,-43.232628
25.935000,-159.186660,-47.755998
25.940000,-148.619234,-44.585770
25.945000,-151.365243,-45.409573
25.950000,-159.707154,-47.912146
25.955000,-156.027074,-46.808122
25.960000,-137.224114,-41.167234
25.965000,-138.138549,-41.441565
25.970000,-127.399581,-38.219874
25.975000,-95.430927,-28.629278
25.980000,-62.639395,-18.791818
25.985000,-36.118445,-10.835534
25.990000,8.551975,2.565592
25.995000,38.243435,11.473030
26.000000,55.533696,16.660109
26.005000,71.865601,21.559680
26.010000,88.854711,26.656413
26.015000,108.572899,32.571870
26.020000,135.925303,40.777591
26.025000,169.369933,50.810980
26.030000,199.124974,59.737492
26.035000,212.505607,63.751682
26.040000,222.441765,66.732530
26.045000,223.405112,67.021534
26.050000,231.196507,69.358952
26.055000,237.208397,71.162519
26.060000,246.399445,73.919834
26.065000,246.590293,73.977088
26.070000,252.484612,75.745384
26.075000,237.935823,71.380747
26.080000,226.109457,67.832837
26.085000,215.791551,64.737465
26.090000,221.162191,66.348657
26.095000,196.157693,58.847308
26.100000,188.538193,56.561458
26.105000,178.225893,53.467768
26.110000,155.650213,46.695064
26.115000,125.910190,37.773057
26.120000,102.108887,30.632666
26.125000,57.493937,17.248181
26.130000,20.941263,6.282379
26.135000,-10.802182,-3.240655
26.140000,-37.055032,-11.116510
26.145000,-58.050388,-17.415116
26.150000,-67.455767,-20.236730
26.155000,-77.411342,-23.223403
26.160000,-111.659781,-33.497934
26.165000,-127.364759,-38.209428
26.170000,-153.329623,-45.998887
26.175000,-165.110320,-49.533096
26.180000,-184.305751,-55.291725
26.185000,-160.966011,-48.289803
26.190000,-151.834202,-45.550261
26.195000,-147.226762,-44.168029
26.200000,-140.071617,-42.021485
26.205000,-123.709010,-37.112703
26.210000,-126.847677,-38.054303
26.215000,-117.083275,-35.124983
26.220000,-85.204630,-25.561389
26.225000,-70.690216,-21.207065
26.230000,-53.865648,-16.159695
26.235000,10.471245,3.141374
26.240000,26.804035,8.041210
26.245000,37.587339,11.276202
26.250000,60.072645,18.021793
26.255000,88.784102,26.635230
26.260000,85.490776,25.647233
26.265000,112.716166,33.814850
26.270000,142.294369,42.688311
26.275000,176.113101,52.833930
26.280000,195.368254,58.610476
26.285000,205.598035,61.679411
26.290000,215.321307,64.596392
26.295000,233.580809,70.074243
26.300000,246.151388,73.845416
26.305000,261.018746,78.305624
26.310000,273.229843,81.968953
26.315000,280.800278,84.240083
26.320000,283.345638,85.003691
26.325000,287.521512,86.256453
26.330000,270.366042,81.109813
26.335000,265.620828,79.686248
26.340000,257.431425,77.229427
26.345000,231.818891,69.545667
26.350000,198.602895,59.580869
26.355000,184.583422,55.375027
26.360000,155.306918,46.592075
26.365000,131.099821,39.329946
26.370000,123.236726,36.971018
26.375000,106.659638,31.997891
26.380000,79.718097,23.915429
26.385000,61.296774,18.389032
26.390000,52.652430,15.795729
26.395000,13.852834,4.155850
26.400000,-13.631853,-4.089556
26.405000,-23.336286,-7.000886
26.410000,-39.848884,-11.954665
26.415000,-67.165702,-20.149711
26.420000,-68.046440,-20.413932
26.425000,-72.024753,-21.607426
26.430000,-74.112212,-22.233664
26.435000,-79.209775,-23.762933
26.440000,-81.850406,-24.555122
26.445000,-79.494271,-23.848281
26.450000,-81.470576,-24.441173
26.455000,-81.602196,-24.480659
26.460000,-75.740067,-22.722020
26.465000,-55.552791,-16.665837
26.470000,-23.245980,-6.973794
26.475000,14.027569,4.208271
26.480000,46.657614,13.997284
26.485000,71.787111,21.536133
26.490000,102.943146,30.882944
26.495000,109.342162,32.802649
26.500000,121.422198,36.426659
26.505000,152.128629,45.638589
26.510000,177.018134,53.105440
26.515000,196.560863,58.968259
26.520000,228.346687,68.504006
26.525000,249.850203,74.955061
26.530000,248.517158,74.555147
26.535000,278.760684,83.628205
26.540000,284.180486,85.254146
26.545000,303.492334,91.047700
26.550000,324.851843,97.455553
26.555000,328.176743,98.453023
26.560000,325.009614,97.502884
26.565000,327.276556,98.182967
26.570000,307.424187,92.227256
26.575000,283.553693,85.066108
26.580000,287.166643,86.149993
26.585000,278.561243,83.568373
26.590000,254.254546,76.276364
26.595000,243.329946,72.998984
26.600000,238.193415,71.458025
26.605000,207.750455,62.325137
26.610000,180.424206,54.127262
26.615000,183.578539,55.073562
26.620000,174.876057,52.462817
26.625000,133.816964,40.145089
26.630000,108.720424,32.616127
26.635000,95.584552,28.675366
26.640000,50.593487,15.178046
26.645000,16.437448,4.931234
26.650000,5.719354,1.715806
26.655000,2.786576,0.835973
26.660000,-36.523723,-10.957117
26.665000,-58.243767,-17.473130
26.670000,-76.999881,-23.099964
26.675000,-73.393580,-22.018074
26.680000,-84.224896,-25.267469
26.685000,-79.678237,-23.903471
26.690000,-56.984186,-17.095256
26.695000,-37.235684,-11.170705
26.700000,-39.938402,-11.981521
26.705000,-30.973879,-9.292164
26.710000,-0.579574,-0.173872
26.715000,21.041937,6.312581
26.720000,34.918993,10.475698
26.725000,61.627749,18.488325
26.730000,86.216183,25.864855
26.735000,103.512899,31.053870
26.740000,111.517569,33.455271
26.745000,138.139279,41.441784
26.750000,157.657450,47.297235
26.755000,182.277050,54.683115
26.760000,218.550834,65.565250
26.765000,254.781770,76.434531
26.770000,283.528556,85.058567
26.775000,295.639783,88.691935
26.780000,322.514667,96.754400
26.785000,328.655335,98.596600
26.790000,334.150070,100.245021
26.795000,333.571207,100.071362
26.800000,366.210215,109.863065
26.805000,375.706322,112.711897
26.810000,378.929311,113.678793
26.815000,377.383184,113.214955
26.820000,382.247894,114.674368
26.825000,363.716531,109.114959
26.830000,362.203617,108.661085
26.835000,345.224906,103.567472
26.840000,325.996560,97.798968
26.845000,307.716869,92.315061
26.850000,293.192874,87.957862
26.855000,260.833294,78.249988
26.860000,256.883684,77.065105
26.865000,265.277056,79.583117
26.870000,240.963919,72.289176
26.875000,212.503326,63.750998
26.880000,173.344662,52.003399
26.885000,145.631851,43.689555
26.890000,113.019893,33.905968
26.895000,91.979347,27.593804
26.900000,85.598495,25.679548
26.905000,81.583397,24.475019
26.910000,75.578172,22.673451
26.915000,57.664738,17.299422
26.920000,40.198021,12.059406
26.925000,17.414638,5.224392
26.930000,-0.346790,-0.104037
26.935000,-28.518083,-8.555425
26.940000,-28.061066,-8.418320
26.945000,-8.517587,-2.555276
26.950000,19.433393,5.830018
26.955000,41.478613,12.443584
26.960000,66.545304,19.963591
26.965000,71.260265,21.378079
26.970000,90.349165,27.104749
26.975000,98.129042,29.438713
26.980000,115.958039,34.787412
26.985000,147.023383,44.107015
26.990000,185.203784,55.561135
26.995000,187.941280,56.382384
27.000000,216.754159,65.026248
27.005000,248.582558,74.574767
27.010000,265.519315,79.655794
27.015000,282.477873,84.743362
27.020000,335.043081,100.512924
27.025000,363.481512,109.044454
27.030000,397.231843,119.169553
27.035000,409.240110,122.772033
27.040000,422.969468,126.890840
27.045000,429.184795,128.755438
27.050000,417.327113,125.198134
27.055000,404.048920,121.214676
27.060000,402.789783,120.836935
27.065000,423.680972,127.104292
27.070000,422.613904,126.784171
27.075000,430.519481,129.155844
27.080000,429.597443,128.879233
27.085000,429.395595,128.818679
27.090000,397.418314,119.225494
27.095000,377.434874,113.230462
27.100000,349.498250,104.849475
27.105000,337.127632,101.138290
27.110000,314.560695,94.368209
27.115000,287.623470,86.287041
27.120000,269.157336,80.747201
27.125000,249.371635,74.811491
27.130000,219.655273,65.896582
27.135000,196.327349,58.898205
27.140000,162.141512,48.642453
27.145000,134.114956,40.234487
27.150000,103.984385,31.195315
27.155000,89.539813,26.861944
27.160000,63.940019,19.182006
27.165000,52.930896,15.879269
27.170000,39.577889,11.873367
27.175000,45.162294,13.548688
27.180000,31.757747,9.527324
27.185000,31.944930,9.583479
27.190000,54.600459,16.380138
27.195000,44.189177,13.256753
27.200000,43.929554,13.178866
27.205000,46.618429,13.985529
27.210000,65.997925,19.799377
27.215000,81.058186,24.317456
27.220000,105.470487,31.641146
27.225000,133.617056,40.085117
27.230000,167.237277,50.171183
27.235000,179.842594,53.952778
27.240000,188.111687,56.433506
27.245000,215.316458,64.594937
27.250000,231.649200,69.494760
27.255000,254.132744,76.239823
27.260000,277.538257,83.261477
27.265000,317.012130,95.103639
27.270000,349.241296,104.772389
27.275000,374.308929,112.292679
27.280000,380.596006,114.178802
27.285000,413.737981,124.121394
27.290000,418.877260,125.663178
27.295000,429.984775,128.995432
27.300000,440.314508,132.094352
27.305000,463.862317,139.158695
27.310000,463.900398,139.170119
27.315000,480.132686,144.039806
27.320000,454.395018,136.318505
27.325000,441.074211,132.322263
27.330000,430.290297,129.087089
27.335000,409.920899,122.976270
27.340000,389.845529,116.953659
27.345000,381.687483,114.506245
27.350000,371.530743,111.459223
27.355000,339.390288,101.817086
27.360000,325.522294,97.656688
27.365000,297.434754,89.230426
27.370000,281.938846,84.581654
27.375000,253.345256,76.003577
27.380000,253.080421,75.924126
27.385000,232.254874,69.676462
27.390000,199.449306,59.834792
27.395000,185.209771,55.562931
27.400000,173.836463,52.150939
27.405000,147.249242,44.174773
27.410000,144.482584,43.344775
27.415000,130.150328,39.045098
27.420000,119.281037,35.784311
27.425000,112.751275,33.825383
27.430000,96.878727,29.063618
27.435000,81.537583,24.461275
27.440000,65.162946,19.548884
27.445000,55.365411,16.609623
27.450000,66.910207,20.073062
27.455000,61.959553,18.587866
27.460000,67.903028,20.370909
27.465000,109.071588,32.721476
27.470000,135.530160,40.659048
27.475000,153.689762,46.106929
27.480000,175.136200,52.540860
27.485000,202.527003,60.758101
27.490000,231.014469,69.304341
27.495000,240.588092,72.176427
27.500000,252.290215,75.687065
27.505000,306.532489,91.959747
27.510000,341.377752,102.413326
27.515000,362.676650,108.802995
27.520000,374.961719,112.488516
27.525000,395.394922,118.618477
27.530000,402.701690,120.810507
27.535000,406.825826,122.047748
27.540000,416.669386,125.000816
27.545000,474.258740,142.277622
27.550000,482.730434,144.819130
27.555000,478.016437,143.404931
27.560000,485.452729,145.635819
27.565000,483.317923,144.995377
27.570000,452.881143,135.864343
27.575000,447.499880,134.249964
27.580000,452.038728,135.611618
27.585000,439.720841,131.916252
27.590000,417.686056,125.305817
27.595000,401.712979,120.513894
27.600000,386.646296,115.993889
27.605000,355.288692,106.586608
27.610000,339.626767,101.888030
27.615000,331.330367,99.399110
27.620000,299.546081,89.863824
27.625000,272.983367,81.895010
27.630000,267.259524,80.177857
27.635000,245.598566,73.679570
27.640000,214.754576,64.426373
27.645000,206.835647,62.050694
27.650000,177.369665,53.210900
27.655000,130.241833,39.072550
27.660000,104.670847,31.401254
27.665000,91.989355,27.596806
27.670000,76.470664,22.941199
27.675000,72.056789,21.617037
27.680000,79.631657,23.889497
27.685000,67.564458,20.269338
27.690000,68.986781,20.696034
27.695000,74.284684,22.285405
27.700000,79.849768,23.954930
27.705000,92.579763,27.773929
27.710000,94.184204,28.255261
27.715000,98.430288,29.529086
27.720000,120.064189,36.019257
27.725000,153.516676,46.055003
27.730000,169.744335,50.923300
27.735000,205.330925,61.599278
27.740000,224.874360,67.462308
27.745000,240.399036,72.119711
27.750000,257.091111,77.127333
27.755000,267.780481,80.334144
27.760000,297.222195,89.166658
27.765000,334.641134,100.392340
27.770000,357.438864,107.231659
27.775000,362.841745,108.852523
27.780000,397.818204,119.345461
27.785000,397.982536,119.394761
27.790000,420.145568,126.043670
27.795000,429.207498,128.762249
27.800000,437.562894,131.268868
27.805000,449.625286,134.887586
27.810000,473.369351,142.010805
27.815000,455.628800,136.688640
27.820000,468.395103,140.518531
27.825000,462.779084,138.833725
27.830000,444.624391,133.387317
27.835000,432.088654,129.626596
27.840000,403.691861,121.107558
27.845000,376.197027,112.859108
27.850000,363.671092,109.101327
27.855000,339.134440,101.740332
27.860000,297.628477,89.288543
27.865000,293.845072,88.153522
27.870000,251.561488,75.468446
27.875000,218.534459,65.560338
27.880000,189.272963,56.781889
27.885000,162.651286,48.795386
27.890000,147.939448,44.381834
27.895000,122.699681,36.809904
27.900000,102.432577,30.729773
27.905000,83.353128,25.005938
27.910000,75.221337,22.566401
27.915000,53.421790,16.026537
27.920000,57.697165,17.309150
27.925000,51.258105,15.377432
27.930000,43.654349,13.096305
27.935000,39.934913,11.980474
27.940000,39.342031,11.802609
27.945000,40.685674,12.205702
27.950000,44.378939,13.313682
27.955000,39.371975,11.811592
27.960000,67.477134,20.243140
27.965000,82.409552,24.722866
27.970000,95.256873,28.577062
27.975000,120.584416,36.175325
27.980000,153.205642,45.961693
27.985000,149.886029,44.965809
27.990000,162.602577,48.780773
27.995000,182.482173,54.744652
28.000000,198.911460,59.673438
28.005000,215.575543,64.672663
28.010000,244.830458,73.449137
28.015000,275.059323,82.517797
28.020000,294.669329,88.400799
28.025000,320.111078,96.033323
28.030000,333.606619,100.081986
28.035000,350.685491,105.205647
28.040000,358.900650,107.670195
28.045000,364.185676,109.255703
28.050000,358.448760,107.534628
28.055000,383.579203,115.073761
28.060000,380.929365,114.278809
28.065000,384.825188,115.447556
28.070000,387.132416,116.139725
28.075000,398.711201,119.613360
28.080000,382.458331,114.737499
28.085000,363.775881,109.132764
28.090000,343.402589,103.020777
28.095000,325.928486,97.778546
28.100000,305.828377,91.748513
28.105000,282.702115,84.810634
28.110000,267.854637,80.356391
28.115000,250.504070,75.151221
28.120000,236.750684,71.025205
28.125000,211.457789,63.437337
28.130000,197.251278,59.175383
28.135000,178.307271,53.492181
28.140000,152.649356,45.794807
28.145000,126.560500,37.968150
28.150000,101.446421,30.433926
28.155000,73.229292,21.968788
28.160000,52.470241,15.741072
28.165000,49.710456,14.913137
28.170000,29.617853,8.885356
28.175000,14.168022,4.250407
28.180000,3.421808,1.026542
28.185000,-2.215654,-0.664696
28.190000,-20.589313,-6.176794
28.195000,-27.691240,-8.307372
28.200000,-36.489274,-10.946782
28.205000,-23.064053,-6.919216
28.210000,-24.645200,-7.393560
28.215000,-10.867943,-3.260383
28.220000,15.395174,4.618552
28.225000,58.708966,17.612690
28.230000,89.806314,26.941894
28.235000,127.211338,38.163401
28.240000,143.484399,43.045320
28.245000,156.518023,46.955407
28.250000,164.911083,49.473325
28.255000,175.818109,52.745433
28.260000,179.873777,53.962133
28.265000,207.673324,62.301997
28.270000,238.578735,71.573621
28.275000,270.151191,81.045357
28.280000,285.382094,85.614628
28.285000,318.820776,95.646233
28.290000,325.965946,97.789784
28.295000,333.322365,99.996709
28.300000,322.098444,96.629533
28.305000,330.881587,99.264476
28.310000,344.473399,103.342020
28.315000,350.533438,105.160031
28.320000,352.894002,105.868201
28.325000,351.849953,105.554986
28.330000,351.934396,105.580319
28.335000,320.177573,96.053272
28.340000,309.396811,92.819043
28.345000,289.004781,86.701434
28.350000,268.701999,80.610600
28.355000,243.132549,72.939765
28.360000,225.536065,67.660819
28.365000,195.535456,58.660637
28.370000,172.493942,51.748183
28.375000,153.800241,46.140072
28.380000,116.359379,34.907814
28.385000,94.168281,28.250484
28.390000,64.488435,19.346530
28.395000,37.544356,11.263307
28.400000,10.045914,3.013774
28.405000,-19.318877,-5.795663
28.410000,-46.746812,-14.024044
28.415000,-63.351225,-19.005368
28.420000,-76.972169,-23.091651
28.425000,-72.516409,-21.754923
28.430000,-81.470756,-24.441227
28.435000,-79.315776,-23.794733
28.440000,-94.159287,-28.247786
28.445000,-100.603867,-30.181160
28.450000,-108.994345,-32.698304
28.455000,-105.359822,-31.607947
28.460000,-110.250645,-33.075193
28.465000,-77.657573,-23.297272
28.470000,-52.570359,-15.771108
28.475000,-31.164043,-9.349213
28.480000,0.547586,0.164276
28.485000,54.283575,16.285072
28.490000,74.564644,22.369393
28.495000,90.636565,27.190970
28.500000,128.963459,38.689038
28.505000,164.300419,49.290126
28.510000,167.698695,50.309608
28.515000,201.349981,60.404994
28.520000,231.162526,69.348758
28.525000,243.026920,72.908076
28.530000,258.287186,77.486156
28.535000,269.168335,80.750500
28.540000,281.111198,84.333359
28.545000,292.197152,87.659146
28.550000,287.182748,86.154824
28.555000,284.411260,85.323378
28.560000,302.397849,90.719355
28.565000,290.646148,87.193844
28.570000,285.563453,85.669036
28.575000,291.610699,87.483210
28.580000,288.481534,86.544460
28.585000,255.517562,76.655269
28.590000,247.805242,74.341573
28.595000,236.748937,71.024681
28.600000,218.099852,65.429956
28.605000,207.812898,62.343869
28.610000,199.230884,59.769265
28.615000,175.482997,52.644899
28.620000,155.046447,46.513934
28.625000,119.753750,35.926125
28.630000,94.682090,28.404627
28.635000,80.017836,24.005351
28.640000,55.229219,16.568766
28.645000,33.562211,10.068663
28.650000,20.558845,6.167653
28.655000,-20.662544,-6.198763
28.660000,-43.560149,-13.068045
28.665000,-62.896781,-18.869034
28.670000,-87.320196,-26.196059
28.675000,-103.052385,-30.915715
28.680000,-92.277286,-27.683186
28.685000,-101.000108,-30.300032
28.690000,-110.065869,-33.019761
28.695000,-107.220832,-32.166250
28.700000,-97.252181,-29.175654
28.705000,-105.555813,-31.666744
28.710000,-102.210191,-30.663057
28.715000,-85.799525,-25.739857
28.720000,-78.198659,-23.459598
28.725000,-62.730171,-18.819051
28.730000,-28.410118,-8.523035
28.735000,12.103139,3.630942
28.740000,47.793705,14.338112
28.745000,84.689450,25.406835
28.750000,115.307875,34.592362
28.755000,142.118895,42.635669
28.760000,147.849258,44.354778
28.765000,166.946879,50.084064
28.770000,183.301000,54.990300
28.775000,193.561857,58.068557
28.780000,197.835134,59.350540
28.785000,213.250567,63.975170
28.790000,219.579510,65.873853
28.795000,218.490133,65.547040
28.800000,232.219495,69.665848
28.805000,241.213379,72.364014
28.810000,248.543177,74.562953
28.815000,252.696445,75.808933
28.820000,264.534315,79.360294
28.825000,248.697113,74.609134
28.830000,238.101310,71.430393
28.835000,211.619065,63.485719
28.840000,175.730180,52.719054
28.845000,136.564770,40.969431
28.850000,133.600911,40.080273
28.855000,98.002490,29.400747
28.860000,91.299842,27.389953
28.865000,96.376051,28.912815
28.870000,82.962010,24.888603
28.875000,58.043718,17.413115
28.880000,61.779924,18.533977
28.885000,40.316494,12.094948
28.890000,23.024595,6.907379
28.895000,8.383983,2.515195
28.900000,-32.238040,-9.671412
28.905000,-62.715958,-18.814787
28.910000,-91.528408,-27.458522
28.915000,-136.192803,-40.857841
28.920000,-163.965107,-49.189532
28.925000,-149.356578,-44.806973
28.930000,-164.577513,-49.373254
28.935000,-164.829472,-49.448842
28.940000,-160.159498,-48.047850
28.945000,-146.135214,-43.840564
28.950000,-160.714620,-48.214386
28.955000,-150.832988,-45.249896
28.960000,-148.634985,-44.590495
28.965000,-140.261524,-42.078457
28.970000,-130.508373,-39.152512
28.975000,-107.283376,-32.185013
28.980000,-66.552813,-19.965844
28.985000,-26.068503,-7.820551
28.990000,23.358287,7.007486
28.995000,57.523942,17.257183
29.000000,79.222420,23.766726
29.005000,76.757290,23.027187
29.010000,92.710188,27.813057
29.015000,84.553410,25.366023
29.020000,100.702430,30.210729
29.025000,135.346991,40.604097
29.030000,167.657428,50.297228
29.035000,193.596770,58.079031
29.040000,222.207710,66.662313
29.045000,225.459065,67.637720
29.050000,217.617175,65.285152
29.055000,217.837936,65.351381
29.060000,221.392163,66.417649
29.065000,240.050494,72.015148
29.070000,241.796620,72.538986
29.075000,236.328499,70.898550
29.080000,228.920121,68.676036
29.085000,204.222950,61.266885
29.090000,163.553599,49.066080
29.095000,152.886618,45.865985
29.100000,139.172048,41.751614
29.105000,122.095236,36.628571
29.110000,92.397654,27.719296
29.115000,77.450442,23.235133
29.120000,38.025139,11.407542
29.125000,17.288700,5.186610
29.130000,-19.092603,-5.727781
29.135000,-36.368047,-10.910414
29.140000,-62.985511,-18.895653
29.145000,-76.496774,-22.949032
29.150000,-113.509683,-34.052905
29.155000,-138.861118,-41.658335
29.160000,-140.000269,-42.000081
29.165000,-149.120075,-44.736023
29.170000,-154.413170,-46.323951
29.175000,-138.369359,-41.510808
29.180000,-131.243727,-39.373118
29.185000,-143.788443,-43.136533
29.190000,-145.610687,-43.683206
29.195000,-135.023363,-40.507009
29.200000,-141.478720,-42.443616
29.205000,-128.826497,-38.647949
29.210000,-123.093290,-36.927987
29.215000,-106.153448,-31.846034
29.220000,-89.031138,-26.709341
29.225000,-90.180559,-27.054168
29.230000,-72.385077,-21.715523
29.235000,-50.812406,-15.243722
29.240000,-31.408260,-9.422478
29.245000,-31.687384,-9.506215
29.250000,16.021651,4.806495
29.255000,35.544145,10.663244
29.260000,61.939890,18.581967
29.265000,84.405752,25.321725
29.270000,109.796435,32.938931
29.275000,121.809817,36.542945
29.280000,133.428503,40.028551
29.285000,145.143986,43.543196
29.290000,161.673472,48.502042
29.295000,187.364025,56.209208
29.300000,200.900110,60.270033
29.305000,221.068590,66.320577
29.310000,249.157625,74.747287
29.315000,255.471404,76.641421
29.320000,242.906197,72.871859
29.325000,231.648903,69.494671
29.330000,218.583828,65.575149
29.335000,188.312182,56.493655
29.340000,165.597954,49.679386
29.345000,151.704023,45.511207
29.350000,150.821184,45.246355
29.355000,135.615275,40.684583
29.360000,112.010773,33.603232
29.365000,91.342194,27.402658
29.370000,72.198876,21.659663
29.375000,45.511809,13.653543
29.380000,24.360450,7.308135
29.385000,11.822252,3.546676
29.390000,-34.530469,-10.359141
29.395000,-52.439958,-15.731987
29.400000,-75.832387,-22.749716
29.405000,-82.731559,-24.819468
29.410000,-108.171989,-32.451597
29.415000,-111.212306,-33.363692
29.420000,-120.688826,-36.206648
29.425000,-142.671141,-42.801342
29.430000,-178.500751,-53.550225
29.435000,-186.286256,-55.885877
29.440000,-163.545834,-49.063750
29.445000,-154.927959,-46.478388
29.450000,-137.540479,-41.262144
29.455000,-121.758184,-36.527455
29.460000,-83.976437,-25.192931
29.465000,-86.411571,-25.923471
29.470000,-78.839925,-23.651977
29.475000,-76.194500,-22.858350
29.480000,-35.431747,-10.629524
29.485000,-28.630614,-8.589184
29.490000,12.369918,3.710975
29.495000,39.047702,11.714310
29.500000,75.799460,22.739838
29.505000,92.404374,27.721312
29.510000,99.090471,29.727141
29.515000,124.522339,37.356702
29.520000,154.538800,46.361640
29.525000,173.865744,52.159723
29.530000,192.445288,57.733586
29.535000,227.873687,68.362106
29.540000,247.984729,74.395419
29.545000,256.980896,77.094269
29.550000,270.462850,81.138855
29.555000,273.501501,82.050450
29.560000,262.997514,78.899254
29.565000,246.447526,73.934258
29.570000,241.204991,72.361497
29.575000,233.398492,70.019548
29.580000,229.634940,68.890482
29.585000,236.338877,70.901663
29.590000,230.649663,69.194899
29.595000,215.915224,64.774567
29.600000,204.665491,61.399647
29.605000,185.186999,55.556100
29.610000,157.099361,47.129808
29.615000,134.341879,40.302564
29.620000,94.507612,28.352284
29.625000,75.080922,22.524276
29.630000,39.084837,11.725451
29.635000,22.238507,6.671552
29.640000,-4.413606,-1.324082
29.645000,-3.556162,-1.066849
29.650000,-33.598598,-10.079579
29.655000,-49.280341,-14.784102
29.660000,-63.664585,-19.099376
29.665000,-76.129699,-22.838910
29.670000,-95.215736,-28.564721
29.675000,-103.158732,-30.947620
29.680000,-92.898976,-27.869693
29.685000,-97.144727,-29.143418
29.690000,-95.826514,-28.747954
29.695000,-105.074542,-31.522363
29.700000,-101.744802,-30.523440
29.705000,-98.692669,-29.607801
29.710000,-77.798361,-23.339508
29.715000,-60.819159,-18.245748
29.720000,-30.967534,-9.290260
29.725000,2.178068,0.653420
29.730000,22.645330,6.793599
29.735000,31.789564,9.536869
29.740000,54.863779,16.459134
29.745000,69.298793,20.789638
29.750000,93.472007,28.041602
29.755000,123.854686,37.156406
29.760000,147.512297,44.253689
29.765000,162.032086,48.609626
29.770000,199.481505,59.844451
29.775000,225.263980,67.579194
29.780000,237.120505,71.136151
29.785000,249.125581,74.737674
29.790000,277.435185,83.230556
29.795000,276.106078,82.831823
29.800000,257.438978,77.231693
29.805000,266.318878,79.895664
29.810000,273.503962,82.051189
29.815000,268.996294,80.698888
29.820000,275.282304,82.584691
29.825000,290.540501,87.162150
29.830000,284.163115,85.248935
29.835000,273.875023,82.162507
29.840000,258.751698,77.625510
29.845000,252.110063,75.633019
29.850000,238.859019,71.657706
29.855000,227.748599,68.324580
29.860000,216.489163,64.946749
29.865000,170.980084,51.294025
29.870000,134.344140,40.303242
29.875000,100.197450,30.059235
29.880000,70.651436,21.195431
29.885000,28.573312,8.571994
29.890000,43.560964,13.068289
29.895000,32.392819,9.717846
29.900000,9.851156,2.955347
29.905000,-8.720469,-2.616141
29.910000,-14.624755,-4.387426
29.915000,-45.721316,-13.716395
29.920000,-55.076450,-16.522935
29.925000,-61.858071,-18.557421
29.930000,-79.579518,-23.873855
29.935000,-83.908849,-25.172655
29.940000,-77.618579,-23.285574
29.945000,-86.026720,-25.808016
29.950000,-64.928791,-19.478637
29.955000,-51.970458,-15.591138
29.960000,-19.596446,-5.878934
29.965000,4.375774,1.312732
29.970000,23.813370,7.144011
29.975000,35.256740,10.577022
29.980000,75.774296,22.732289
29.985000,84.055188,25.216557
29.990000,92.385710,27.715713
29.995000,126.627384,37.988215
30.000000,167.716914,50.315074
30.005000,172.550606,51.765182
30.010000,204.331815,61.299544
30.015000,238.985642,71.695693
30.020000,261.019151,78.305745
30.025000,264.332227,79.299668
30.030000,294.196133,88.258840
30.035000,316.399598,94.919879
30.040000,337.002117,101.100635
30.045000,343.208696,102.962609
30.050000,369.184744,110.755423
30.055000,368.748684,110.624605
30.060000,370.035283,111.010585
30.065000,367.868891,110.360667
30.070000,383.423670,115.027101
30.075000,368.690291,110.607087
30.080000,379.402993,113.820898
30.085000,362.936664,108.880999
30.090000,355.614480,106.684344
30.095000,332.715455,99.814636
30.100000,328.830385,98.649116
30.105000,294.731048,88.419314
30.110000,282.872490,84.861747
30.115000,256.035505,76.810652
30.120000,231.133763,69.340129
30.125000,185.454439,55.636332
30.130000,170.640332,51.192099
30.135000,125.730998,37.719299
30.140000,88.281171,26.484351
30.145000,70.938016,21.281405
30.150000,42.919749,12.875925
30.155000,32.577204,9.773161
30.160000,26.068432,7.820529
30.165000,25.339009,7.601703
30.170000,9.230298,2.769089
30.175000,16.867821,5.060346
30.180000,-2.028873,-0.608662
30.185000,-4.847697,-1.454309
30.190000,-6.783617,-2.035085
30.195000,5.221833,1.566550
30.200000,18.232719,5.469816
30.205000,40.959068,12.287720
30.210000,59.973665,17.992100
30.215000,75.187571,22.556271
30.220000,71.591360,21.477408
30.225000,88.058823,26.417647
30.230000,106.831843,32.049553
30.235000,124.437740,37.331322
30.240000,157.408929,47.222679
30.245000,206.848159,62.054448
30.250000,228.540427,68.562128
30.255000,256.345356,76.903607
30.260000,287.707460,86.312238
30.265000,292.257559,87.677268
30.270000,301.884278,90.565283
30.275000,320.042393,96.012718
30.280000,336.158130,100.847439
30.285000,344.959532,103.487860
30.290000,371.061955,111.318586
30.295000,380.209005,114.062702
30.300000,393.385783,118.015735
30.305000,396.907849,119.072355
30.310000,415.707212,124.712163
30.315000,426.535888,127.960766
30.320000,433.338701,130.001610
30.325000,430.260569,129.078171
30.330000,422.250724,126.675217
30.335000,404.172207,121.251662
30.340000,396.317350,118.895205
30.345000,358.822777,107.646833
30.350000,337.033912,101.110174
30.355000,318.350583,95.505175
30.360000,304.647336,91.394201
30.365000,260.510411,78.153123
30.370000,259.374442,77.812333
30.375000,243.472232,73.041670
30.380000,213.197620,63.959286
30.385000,165.066872,49.520062
30.390000,147.898461,44.369538
30.395000,113.626980,34.088094
30.400000,91.561249,27.468375
30.405000,69.786095,20.935828
30.410000,82.921465,24.876439
30.415000,72.975306,21.892592
30.420000,64.837470,19.451241
30.425000,47.138246,14.141474
30.430000,39.744993,11.923498
30.435000,26.244531,7.873359
30.440000,37.809840,11.342952
30.445000,46.436736,13.931021
30.450000,64.870446,19.461134
30.455000,76.058770,22.817631
30.460000,88.242677,26.472803
30.465000,110.235008,33.070502
30.470000,118.626802,35.588040
30.475000,141.149963,42.344989
30.480000,179.987390,53.996217
30.485000,185.903081,55.770924
30.490000,180.569556,54.170867
30.495000,209.353804,62.806141
30.500000,232.980292,69.894088
30.505000,245.885927,73.765778
30.510000,284.908274,85.472482
30.515000,326.570995,97.971298
30.520000,358.681387,107.604416
30.525000,374.566500,112.369950
30.530000,395.393362,118.618009
30.535000,423.523347,127.057004
30.540000,426.998535,128.099561
30.545000,452.141021,135.642306
30.550000,457.453010,137.235903
30.555000,460.453539,138.136062
30.560000,460.337974,138.101392
30.565000,470.716152,141.214846
30.570000,438.862702,131.658811
30.575000,437.617898,131.285369
30.580000,424.471934,127.341580
30.585000,401.071020,120.321306
30.590000,389.491694,116.847508
30.595000,381.728975,114.518692
30.600000,363.925895,109.177769
30.605000,350.947878,105.284364
30.610000,350.777534,105.233260
30.615000,320.272927,96.081878
30.620000,293.534372,88.060312
30.625000,257.210969,77.163291
30.630000,228.347695,68.504308
30.635000,189.631108,56.889332
30.640000,166.877037,50.063111
30.645000,161.682846,48.504854
30.650000,151.017885,45.305365
30.655000,140.296987,42.089096
30.660000,125.022858,37.506857
30.665000,109.585256,32.875577
30.670000,92.397786,27.719336
30.675000,88.398005,26.519401
30.680000,87.698960,26.309688
30.685000,77.898995,23.369699
30.690000,65.082615,19.524784
30.695000,59.707177,17.912153
30.700000,62.213281,18.663984
30.705000,45.543516,13.663055
30.710000,58.448322,17.534497
30.715000,91.185606,27.355682
30.720000,110.560652,33.168196
30.725000,118.930167,35.679050
30.730000,174.282043,52.284613
30.735000,212.087234,63.626170
30.740000,230.499765,69.149930
30.745000,270.438205,81.131462
30.750000,315.003196,94.500959
30.755000,317.154836,95.146451
30.760000,352.334178,105.700253
30.765000,370.925300,111.277590
30.770000,381.088275,114.326482
30.775000,383.253947,114.976184
30.780000,412.366761,123.710028
30.785000,397.688057,119.306417
30.790000,419.968141,125.990442
30.795000,442.899497,132.869849
30.800000,462.673917,138.802175
30.805000,466.230282,139.869084
30.810000,492.297582,147.689275
30.815000,485.208986,145.562696
30.820000,481.161895,144.348569
30.825000,470.795458,141.238638
30.830000,465.385030,139.615509
30.835000,441.155051,132.346515
30.840000,434.559433,130.367830
30.845000,409.156154,122.746846
30.850000,385.914303,115.774291
30.855000,358.371598,107.511479
30.860000,338.852021,101.655606
30.865000,312.991749,93.897525
30.870000,279.345480,83.803644
30.875000,254.783577,76.435073
30.880000,228.602275,68.580682
30.885000,199.826751,59.948025
30.890000,178.086046,53.425814
30.895000,165.235421,49.570626
30.900000,144.274376,43.282313
30.905000,130.427220,39.128166
30.910000,102.537472,30.761242
30.915000,63.081176,18.924353
30.920000,49.605245,14.881573
30.925000,32.140836,9.642251
30.930000,17.948580,5.384574
30.935000,15.859816,4.757945
30.940000,43.700998,13.110299
30.945000,37.341705,11.202512
30.950000,58.739675,17.621903
30.955000,71.352303,21.405691
30.960000,82.900125,24.870038
30.965000,79.717300,23.915190
30.970000,109.949376,32.984813
30.975000,129.842930,38.952879
30.980000,160.799745,48.239924
30.985000,207.704338,62.311301
30.990000,245.992832,73.797850
30.995000,268.842940,80.652882
31.000000,289.446184,86.833855
31.005000,308.770733,92.631220
31.010000,315.585123,94.675537
31.015000,329.728876,98.918663
31.020000,365.730039,109.719012
31.025000,372.595897,111.778769
31.030000,392.690728,117.807218
31.035000,415.774218,124.732265
31.040000,438.431099,131.529330
31.045000,426.416923,127.925077
31.050000,448.542778,134.562833
31.055000,448.575676,134.572703
31.060000,439.082683,131.724805
31.065000,436.993700,131.098110
31.070000,437.751048,131.325314
31.075000,428.082593,128.424778
31.080000,427.442677,128.232803
31.085000,414.907550,124.472265
31.090000,403.469973,121.040992
31.095000,384.077514,115.223254
31.100000,371.974513,111.592354
31.105000,345.268138,103.580441
31.110000,332.343700,99.703110
31.115000,296.498709,88.949613
31.120000,269.903281,80.970984
31.125000,233.956949,70.187085
31.130000,209.095990,62.728797
31.135000,187.832082,56.349625
31.140000,179.756720,53.927016
31.145000,158.574634,47.572390
31.150000,144.231964,43.269589
31.155000,109.901767,32.970530
31.160000,68.349281,20.504784
31.165000,37.361075,11.208322
31.170000,23.251601,6.975480
31.175000,0.222222,0.066666
31.180000,-8.013732,-2.404120
31.185000,10.092719,3.027816
31.190000,9.866609,2.959983
31.195000,4.174537,1.252361
31.200000,40.607453,12.182236
31.205000,64.668442,19.400532
31.210000,69.201706,20.760512
31.215000,95.008901,28.502670
31.220000,118.770837,35.631251
31.225000,131.464542,39.439363
31.230000,138.213822,41.464147
31.235000,152.239381,45.671814
31.240000,168.804454,50.641336
31.245000,192.608363,57.782509
31.250000,215.424064,64.627219
31.255000,239.143826,71.743148
31.260000,267.562785,80.268835
31.265000,293.587990,88.076397
31.270000,326.041668,97.812501
31.275000,343.119068,102.935720
31.280000,377.119312,113.135793
31.285000,416.835857,125.050757
31.290000,425.028952,127.508686
31.295000,433.145269,129.943581
31.300000,440.324841,132.097452
31.305000,440.403437,132.121031
31.310000,422.723217,126.816965
31.315000,421.881026,126.564308
31.320000,411.271319,123.381396
31.325000,388.259327,116.477798
31.330000,376.170192,112.851058
31.335000,353.110030,105.933009
31.340000,344.124758,103.237427
31.345000,318.412259,95.523678
31.350000,323.557561,97.067268
31.355000,319.356448,95.806934
31.360000,316.815637,95.044691
31.365000,287.234947,86.170484
31.370000,269.593026,80.877908
31.375000,236.834715,71.050415
31.380000,198.664271,59.599281
31.385000,168.644737,50.593421
31.390000,139.701179,41.910354
31.395000,129.147402,38.744221
31.400000,90.796874,27.239062
31.405000,69.838062,20.951418
31.410000,33.372626,10.011788
31.415000,18.101663,5.430499
31.420000,0.467760,0.140328
31.425000,-7.026773,-2.108032
31.430000,-18.722613,-5.616784
31.435000,-2.832703,-0.849811
31.440000,0.761196,0.228359
31.445000,8.763431,2.629029
31.450000,-1.712434,-0.513730
31.455000,14.566779,4.370034
31.460000,23.360331,7.008099
31.465000,25.339242,7.601773
31.470000,21.225591,6.367677
31.475000,65.766330,19.729899
31.480000,72.869445,21.860833
31.485000,85.409827,25.622948
31.490000,125.291070,37.587321
31.495000,156.581913,46.974574
31.500000,177.368645,53.210594
31.505000,202.937346,60.881204
31.510000,233.958757,70.187627
31.515000,260.611826,78.183548
31.520000,287.480562,86.244169
31.525000,286.308140,85.892442
31.530000,316.667783,95.000335
31.535000,330.857736,99.257321
31.540000,328.678747,98.603624
31.545000,348.181469,104.454441
31.550000,359.913589,107.974077
31.555000,374.793269,112.437981
31.560000,371.326477,111.397943
31.565000,389.969745,116.990924
31.570000,374.255034,112.276510
31.575000,370.184759,111.055428
31.580000,345.646205,103.693861
31.585000,340.109949,102.032985
31.590000,316.001483,94.800445
31.595000,306.491289,91.947387
31.600000,289.465754,86.839726
31.605000,270.298665,81.089600
31.610000,249.672149,74.901645
31.615000,218.177107,65.453132
31.620000,176.466306,52.939892
31.625000,149.799693,44.939908
31.630000,125.651303,37.695391
31.635000,100.344694,30.103408
31.640000,70.885960,21.265788
31.645000,43.821288,13.146386
31.650000,38.966481,11.689944
31.655000,0.135873,0.040762
31.660000,-23.287409,-6.986223
31.665000,-38.997394,-11.699218
31.670000,-55.548491,-16.664547
31.675000,-74.809195,-22.442759
31.680000,-71.332184,-21.399655
31.685000,-65.421193,-19.626358
31.690000,-42.046513,-12.613954
31.695000,-27.548904,-8.264671
31.700000,-15.257138,-4.577141
31.705000,2.694460,0.808338
31.710000,-1.966085,-0.589826
31.715000,-13.326612,-3.997984
31.720000,17.060851,5.118255
31.725000,24.212284,7.263685
31.730000,35.767371,10.730211
31.735000,59.218794,17.765638
31.740000,87.825094,26.347528
31.745000,93.742746,28.122824
31.750000,126.559153,37.967746
31.755000,160.712483,48.213745
31.760000,183.615047,55.084514
31.765000,196.460853,58.938256
31.770000,223.287718,66.986315
31.775000,225.581864,67.674559
31.780000,228.736415,68.620925
31.785000,257.594183,77.278255
31.790000,300.722807,90.216842
31.795000,314.313984,94.294195
31.800000,325.825006,97.747502
31.805000,342.278821,102.683646
31.810000,316.652694,94.995808
31.815000,291.554503,87.466351
31.820000,296.454731,88.936419
31.825000,303.538604,91.061581
31.830000,276.013645,82.804093
31.835000,267.480805,80.244241
31.840000,263.983496,79.195049
31.845000,233.214322,69.964297
31.850000,202.138811,60.641643
31.855000,194.142566,58.242770
31.860000,179.028918,53.708675
31.865000,131.980858,39.594258
31.870000,113.074097,33.922229
31.875000,86.527085,25.958125
31.880000,49.149228,14.744768
31.885000,17.394633,5.218390
31.890000,9.761447,2.928434
31.895000,-26.837974,-8.051392
31.900000,-38.941871,-11.682561
31.905000,-53.457796,-16.037339
31.910000,-52.448802,-15.734641
31.915000,-73.288542,-21.986563
31.920000,-85.191966,-25.557590
31.925000,-116.085724,-34.825717
31.930000,-129.945400,-38.983620
31.935000,-136.953971,-41.086191
31.940000,-110.543236,-33.162971
31.945000,-113.134622,-33.940387
31.950000,-100.445316,-30.133595
31.955000,-80.733335,-24.220001
31.960000,-71.530751,-21.459225
31.965000,-87.435293,-26.230588
31.970000,-60.603899,-18.181170
31.975000,-46.734331,-14.020299
31.980000,-31.528621,-9.458586
31.985000,-6.366571,-1.909971
31.990000,34.989141,10.496742
31.995000,56.778213,17.033464
32.000000,91.662209,27.498663
32.005000,121.792119,36.537636
32.010000,147.202449,44.160735
32.015000,161.063381,48.319014
32.020000,178.257455,53.477236
32.025000,203.482271,61.044681
32.030000,226.059825,67.817948
32.035000,227.898825,68.369648
32.040000,227.287635,68.186290
32.045000,248.560809,74.568243
32.050000,257.035193,77.110558
32.055000,262.430613,78.729184
32.060000,271.125065,81.337519
32.065000,275.805165,82.741550
32.070000,264.309225,79.292767
32.075000,246.151655,73.845496
32.080000,220.877105,66.263132
32.085000,202.811814,60.843544
32.090000,188.545240,56.563572
32.095000,182.920961,54.876288
32.100000,161.225067,48.367520
32.105000,146.412734,43.923820
32.110000,122.713159,36.813948
32.115000,113.771429,34.131429
32.120000,81.583704,24.475111
32.125000,62.582082,18.774625
32.130000,43.660789,13.098237
32.135000,23.498683,7.049605
32.140000,-16.718448,-5.015534
32.145000,-30.010001,-9.003000
32.150000,-43.274824,-12.982447
32.155000,-56.026890,-16.808067
32.160000,-65.214637,-19.564391
32.165000,-70.681993,-21.204598
32.170000,-94.594729,-28.378419
32.175000,-118.766129,-35.629839
32.180000,-133.761974,-40.128592
32.185000,-146.161087,-43.848326
32.190000,-147.569608,-44.270882
32.195000,-146.143602,-43.843081
32.200000,-137.351950,-41.205585
32.205000,-142.339537,-42.701861
32.210000,-125.832479,-37.749744
32.215000,-106.738159,-32.021448
32.220000,-92.331649,-27.699495
32.225000,-64.432417,-19.329725
32.230000,-24.765310,-7.429593
32.235000,-14.774832,-4.432450
32.240000,-4.396432,-1.318929
32.245000,13.146243,3.943873
32.250000,43.464451,13.039335
32.255000,59.114683,17.734405
32.260000,86.262451,25.878735
32.265000,99.212960,29.763888
32.270000,128.940013,38.682004
32.275000,148.243044,44.472913
32.280000,162.710231,48.813069
32.285000,179.761439,53.928432
32.290000,212.350329,63.705099
32.295000,215.660839,64.698252
32.300000,216.980234,65.094070
32.305000,229.928711,68.978613
32.310000,229.863970,68.959191
32.315000,217.799646,65.339894
32.320000,226.047153,67.814146
32.325000,218.233739,65.470122
32.330000,202.007461,60.602238
32.335000,197.404771,59.221431
32.340000,190.665399,57.199620
32.345000,163.827303,49.148191
32.350000,139.657154,41.897146
32.355000,123.588156,37.076447
32.360000,107.831821,32.349546
32.365000,92.651358,27.795408
32.370000,68.337892,20.501368
32.375000,56.996863,17.099059
32.380000,34.139724,10.241917
32.385000,0.084249,0.025275
32.390000,-30.907047,-9.272114
32.395000,-40.536299,-12.160890
32.400000,-56.446031,-16.933809
32.405000,-90.389781,-27.116934
32.410000,-102.755860,-30.826758
32.415000,-122.676222,-36.802867
32.420000,-143.167170,-42.950151
32.425000,-157.654762,-47.296429
32.430000,-149.175836,-44.752751
32.435000,-165.280291,-49.584087
32.440000,-166.541816,-49.962545
32.445000,-160.060205,-48.018062
32.450000,-174.222852,-52.266856
32.455000,-164.711836,-49.413551
32.460000,-145.234752,-43.570425
32.465000,-127.008225,-38.102467
32.470000,-109.020742,-32.706223
32.475000,-64.190954,-19.257286
32.480000,-49.586200,-14.875860
32.485000,-29.127894,-8.738368
32.490000,7.233129,2.169939
32.495000,25.260430,7.578129
32.500000,31.846054,9.553816
32.505000,45.645806,13.693742
32.510000,81.733263,24.519979
32.515000,94.025610,28.207683
32.520000,124.501635,37.350490
32.525000,151.235921,45.370776
32.530000,180.571582,54.171475
32.535000,183.060401,54.918120
32.540000,189.573488,56.872046
32.545000,201.458210,60.437463
32.550000,210.477034,63.143110
32.555000,230.829186,69.248756
32.560000,234.307241,70.292172
32.565000,236.772438,71.031732
32.570000,222.275922,66.682776
32.575000,226.120067,67.836020
32.580000,194.370505,58.311151
32.585000,194.575429,58.372629
32.590000,195.242226,58.572668
32.595000,185.220092,55.566028
32.600000,160.906880,48.272064
32.605000,132.847109,39.854133
32.610000,101.188574,30.356572
32.615000,53.041136,15.912341
32.620000,31.093396,9.328019
32.625000,0.625674,0.187702
32.630000,-13.416042,-4.024812
32.635000,-27.270032,-8.181010
32.640000,-34.927450,-10.478235
32.645000,-62.847109,-18.854133
32.650000,-87.864671,-26.359401
32.655000,-112.435806,-33.730742
32.660000,-138.234225,-41.470267
32.665000,-138.701611,-41.610483
32.670000,-151.927257,-45.578177
32.675000,-153.423388,-46.027016
32.680000,-152.003172,-45.600952
32.685000,-146.941886,-44.082566
32.690000,-159.828376,-47.948513
32.695000,-152.497644,-45.749293
32.700000,-163.265287,-48.979586
32.705000,-153.319522,-45.995857
32.710000,-137.650461,-41.295138
32.715000,-127.851383,-38.355415
32.720000,-103.385775,-31.015733
32.725000,-73.267262,-21.980179
32.730000,-62.281580,-18.684474
32.735000,-45.191015,-13.557304
32.740000,-16.351532,-4.905460
32.745000,-0.726093,-0.217828
32.750000,25.721238,7.716371
32.755000,68.359129,20.507739
32.760000,85.504321,25.651296
32.765000,110.136757,33.041027
32.770000,136.377458,40.913237
32.775000,142.432734,42.729820
32.780000,158.922173,47.676652
32.785000,176.659095,52.997729
32.790000,182.656325,54.796897
32.795000,200.144852,60.043456
32.800000,224.775066,67.432520
32.805000,237.044354,71.113306
32.810000,254.182850,76.254855
32.815000,262.566051,78.769815
32.820000,244.637698,73.391309
32.825000,237.121589,71.136477
32.830000,231.486812,69.446044
32.835000,209.365923,62.809777
32.840000,187.768900,56.330670
32.845000,182.790693,54.837208
32.850000,173.897998,52.169399
32.855000,148.226229,44.467869
32.860000,133.364030,40.009209
32.865000,110.056587,33.016976
32.870000,84.655309,25.396593
32.875000,54.353548,16.306064
32.880000,27.810591,8.343177
32.885000,-17.785167,-5.335550
32.890000,-36.258677,-10.877603
32.895000,-66.652445,-19.995734
32.900000,-74.097978,-22.229393
32.905000,-80.188208,-24.056463
32.910000,-66.726545,-20.017964
32.915000,-72.416294,-21.724888
32.920000,-76.940132,-23.082040
32.925000,-88.775010,-26.632503
32.930000,-108.089902,-32.426971
32.935000,-118.862830,-35.658849
32.940000,-131.564937,-39.469481
32.945000,-128.376220,-38.512866
32.950000,-125.187961,-37.556388
32.955000,-99.479379,-29.843814
32.960000,-91.546550,-27.463965
32.965000,-50.951279,-15.285384
32.970000,-6.440034,-1.932010
32.975000,-0.017109,-0.005133
32.980000,7.849483,2.354845
32.985000,24.143408,7.243022
32.990000,30.012916,9.003875
32.995000,29.577920,8.873376
33.000000,65.171542,19.551463
33.005000,99.006897,29.702069
33.010000,139.564137,41.869241
33.015000,167.543620,50.263086
33.020000,195.459267,58.637780
33.025000,219.082108,65.724632
33.030000,232.765239,69.829572
33.035000,248.030260,74.409078
33.040000,261.745027,78.523508
33.045000,278.770706,83.631212
33.050000,277.699338,83.309802
33.055000,290.195463,87.058639
33.060000,303.612754,91.083826
33.065000,306.014653,91.804396
33.070000,288.706459,86.611938
33.075000,304.504722,91.351417
33.080000,287.388961,86.216688
33.085000,238.836813,71.651044
33.090000,221.913130,66.573939
33.095000,221.713956,66.514187
33.100000,195.740753,58.722226
33.105000,187.985930,56.395779
33.110000,194.852533,58.455760
33.115000,174.718149,52.415445
33.120000,130.665762,39.199729
33.125000,94.793649,28.438095
33.130000,62.382652,18.714796
33.135000,39.212985,11.763895
33.140000,7.270035,2.181011
33.145000,-3.602620,-1.080786
33.150000,-11.208980,-3.362694
33.155000,-46.026289,-13.807887
33.160000,-82.912028,-24.873608
33.165000,-90.291690,-27.087507
33.170000,-94.474604,-28.342381
33.175000,-110.149829,-33.044949
33.180000,-118.354138,-35.506241
33.185000,-104.825626,-31.447688
33.190000,-112.430583,-33.729175
33.195000,-105.008948,-31.502684
33.200000,-94.674750,-28.402425
33.205000,-64.080379,-19.224114
33.210000,-45.985236,-13.795571
33.215000,-23.771191,-7.131357
33.220000,-4.098853,-1.229656
33.225000,27.005403,8.101621
33.230000,50.369833,15.110950
33.235000,79.659499,23.897850
33.240000,103.867717,31.160315
33.245000,130.359059,39.107718
33.250000,148.830937,44.649281
33.255000,164.064118,49.219235
33.260000,178.707863,53.612359
33.265000,204.482656,61.344797
33.270000,216.706296,65.011889
33.275000,237.594337,71.278301
33.280000,274.295648,82.288695
33.285000,290.722979,87.216894
33.290000,311.800212,93.540064
33.295000,317.777656,95.333297
33.300000,328.312801,98.493840
33.305000,336.418734,100.925620
33.310000,349.628330,104.888499
33.315000,353.531718,106.059516
33.320000,358.971175,107.691352
33.325000,345.290384,103.587115
33.330000,327.295683,98.188705
33.335000,299.312929,89.793879
33.340000,272.147950,81.644385
33.345000,267.721655,80.316497
33.350000,249.954679,74.986404
33.355000,244.848345,73.454504
33.360000,222.532116,66.759635
33.365000,212.955677,63.886703
33.370000,172.666412,51.799924
33.375000,157.376741,47.213022
33.380000,110.969990,33.290997
33.385000,99.067049,29.720115
33.390000,71.659938,21.497981
33.395000,55.762375,16.728712
33.400000,38.351093,11.505328
33.405000,40.315873,12.094762
33.410000,19.234627,5.770388
33.415000,13.835151,4.150545
33.420000,7.098791,2.129637
33.425000,-5.326265,-1.597880
33.430000,-5.040048,-1.512015
33.435000,-19.591634,-5.877490
33.440000,-30.884859,-9.265458
33.445000,-41.646611,-12.493983
33.450000,-36.541782,-10.962535
33.455000,-45.384812,-13.615444
33.460000,15.211345,4.563404
33.465000,39.210563,11.763169
33.470000,86.071590,25.821477
33.475000,119.289054,35.786716
33.480000,139.909892,41.972968
33.485000,137.321385,41.196416
33.490000,172.773608,51.832082
33.495000,185.670895,55.701269
33.500000,203.180571,60.954171
33.505000,236.795664,71.038699
33.510000,246.817662,74.045298
33.515000,252.106442,75.631933
33.520000,277.189309,83.156793
33.525000,302.122795,90.636839
33.530000,311.263031,93.378909
33.535000,338.865224,101.659567
33.540000,360.137002,108.041101
33.545000,369.409273,110.822782
33.550000,380.862868,114.258861
33.555000,396.264767,118.879430
33.560000,404.316824,121.295047
33.565000,395.095316,118.528595
33.570000,385.812491,115.743747
33.575000,377.631798,113.289540
33.580000,355.907265,106.772180
33.585000,345.630666,103.689200
33.590000,337.838033,101.351410
33.595000,323.545372,97.063612
33.600000,307.763670,92.329101
33.605000,294.809771,88.442931
33.610000,264.111751,79.233525
33.615000,241.075645,72.322693
33.620000,224.262389,67.278717
33.625000,216.815307,65.044592
33.630000,181.247952,54.374386
33.635000,164.170129,49.251039
33.640000,144.658485,43.397545
33.645000,129.961153,38.988346
33.650000,84.935289,25.480587
33.655000,63.699351,19.109805
33.660000,58.096519,17.428956
33.665000,37.495954,11.248786
33.670000,18.258951,5.477685
33.675000,1.977036,0.593111
33.680000,7.532369,2.259711
33.685000,-9.207144,-2.762143
33.690000,7.133276,2.139983
33.695000,18.319606,5.495882
33.700000,31.540244,9.462073
33.705000,54.324966,16.297490
33.710000,68.254916,20.476475
33.715000,77.936394,23.380918
33.720000,90.494842,27.148453
33.725000,120.350141,36.105042
33.730000,133.497077,40.049123
33.735000,158.943529,47.683059
33.740000,184.475031,55.342509
33.745000,209.431617,62.829485
33.750000,224.024912,67.207474
33.755000,268.447972,80.534392
33.760000,291.280745,87.384224
33.765000,320.224553,96.067366
33.770000,344.614569,103.384371
33.775000,382.619697,114.785909
33.780000,371.675698,111.502709
33.785000,409.574265,122.872279
33.790000,417.355425,125.206628
33.795000,418.770295,125.631089
33.800000,420.050031,126.015009
33.805000,462.305135,138.691541
33.810000,453.871957,136.161587
33.815000,446.470582,133.941175
33.820000,450.117321,135.035196
33.825000,454.136455,136.240936
33.830000,416.458249,124.937475
33.835000,399.564793,119.869438
33.840000,392.901206,117.870362
33.845000,397.255545,119.176663
33.850000,365.602626,109.680788
33.855000,366.623203,109.986961
33.860000,340.562571,102.168771
33.865000,313.238510,93.971553
33.870000,279.924210,83.977263
33.875000,262.718215,78.815464
33.880000,214.056200,64.216860
33.885000,200.429183,60.128755
33.890000,188.602907,56.580872
33.895000,153.571396,46.071419
33.900000,129.711572,38.913472
33.905000,126.770369,38.031111
33.910000,101.154589,30.346377
33.915000,77.150139,23.145042
33.920000,65.102316,19.530695
33.925000,52.444731,15.733419
33.930000,33.983502,10.195051
33.935000,34.837679,10.451304
33.940000,28.075147,8.422544
33.945000,37.607875,11.282363
33.950000,45.787242,13.736172
33.955000,57.805233,17.341570
33.960000,77.444771,23.233431
33.965000,119.888962,35.966689
33.970000,147.423664,44.227099
33.975000,156.995906,47.098772
33.980000,196.936640,59.080992
33.985000,215.006625,64.501987
33.990000,223.460229,67.038069
33.995000,233.235680,69.970704
34.000000,269.451489,80.835447
34.005000,295.771715,88.731514
34.010000,323.359614,97.007884
34.015000,344.697774,103.409332
34.020000,367.144402,110.143321
34.025000,385.400308,115.620092
34.030000,398.671473,119.601442
34.035000,426.642342,127.992703
34.040000,436.565963,130.969789
34.045000,454.228976,136.268693
34.050000,463.971787,139.191536
34.055000,459.822617,137.946785
34.060000,451.538642,135.461593
34.065000,464.530594,139.359178
34.070000,450.357693,135.107308
34.075000,439.148001,131.744400
34.080000,445.547276,133.664183
34.085000,432.983547,129.895064
34.090000,418.151889,125.445567
34.095000,408.387890,122.516367
34.100000,394.384369,118.315311
34.105000,367.473225,110.241967
34.110000,338.412455,101.523736
34.115000,301.699848,90.509954
34.120000,281.112253,84.333676
34.125000,266.334021,79.900206
34.130000,229.540605,68.862182
34.135000,217.265869,65.179761
34.140000,207.806224,62.341867
34.145000,178.288603,53.486581
34.150000,150.004155,45.001247
34.155000,138.522038,41.556611
34.160000,117.990083,35.397025
34.165000,102.954298,30.886289
34.170000,87.371485,26.211445
34.175000,67.373491,20.212047
34.180000,69.592886,20.877866
34.185000,62.285806,18.685742
34.190000,60.266017,18.079805
34.195000,76.328131,22.898439
34.200000,105.324821,31.597446
34.205000,96.777973,29.033392
34.210000,116.525137,34.957541
34.215000,121.400998,36.420300
34.220000,141.603926,42.481178
34.225000,159.322852,47.796856
34.230000,179.010391,53.703117
34.235000,196.156619,58.846986
34.240000,224.181768,67.254531
34.245000,240.629023,72.188707
34.250000,255.242716,76.572815
34.255000,282.752010,84.825603
34.260000,296.413213,88.923964
34.265000,327.497091,98.249127
34.270000,358.997785,107.699335
34.275000,375.149732,112.544920
34.280000,391.076722,117.323017
34.285000,433.976434,130.192930
34.290000,451.976368,135.592910
34.295000,459.966671,137.990001
34.300000,465.282125,139.584638
34.305000,478.150979,143.445294
34.310000,464.595852,139.378756
34.315000,447.999286,134.399786
34.320000,454.359810,136.307943
34.325000,457.014053,137.104216
34.330000,455.141929,136.542579
34.335000,432.643817,129.793145
34.340000,417.944937,125.383481
34.345000,381.484409,114.445323
34.350000,362.855559,108.856668
34.355000,336.059965,100.817990
34.360000,318.786746,95.636024
34.365000,304.150921,91.245276
34.370000,287.068370,86.120511
34.375000,271.099544,81.329863
34.380000,246.138411,73.841523
34.385000,215.309928,64.592978
34.390000,188.384901,56.515470
34.395000,174.956659,52.486998
34.400000,137.200480,41.160144
34.405000,119.300523,35.790157
34.410000,106.784412,32.035324
34.415000,94.800882,28.440265
34.420000,72.669576,21.800873
34.425000,60.877855,18.263357
34.430000,51.917132,15.575140
34.435000,58.462657,17.538797
34.440000,63.346207,19.003862
34.445000,71.175757,21.352727
34.450000,90.034037,27.010211
34.455000,97.877792,29.363338
34.460000,99.110198,29.733059
34.465000,111.965729,33.589719
34.470000,112.061550,33.618465
34.475000,123.551496,37.065449
34.480000,132.145964,39.643789
34.485000,154.118998,46.235699
34.490000,164.495464,49.348639
34.495000,188.263812,56.479144
34.500000,217.684114,65.305234
34.505000,250.908734,75.272620
34.510000,274.999811,82.499943
34.515000,301.730617,90.519185
34.520000,327.453623,98.236087
34.525000,354.583279,106.374984
34.530000,375.126992,112.538098
34.535000,396.039162,118.811749
34.540000,401.834629,120.550389
34.545000,415.268951,124.580685
34.550000,410.047739,123.014322
34.555000,417.014674,125.104402
34.560000,413.264441,123.979332
34.565000,423.892394,127.167718
34.570000,435.940285,130.782085
34.575000,430.413605,129.124082
34.580000,421.697292,126.509188
34.585000,410.325939,123.097782
34.590000,413.560399,124.068120
34.595000,395.982992,118.794898
34.600000,381.230398,114.369119
34.605000,365.826120,109.747836
34.610000,339.756668,101.927000
34.615000,293.901662,88.170498
34.620000,257.360872,77.208262
34.625000,228.002814,68.400844
34.630000,189.815510,56.944653
34.635000,163.731633,49.119490
34.640000,144.219256,43.265777
34.645000,121.411812,36.423544
34.650000,81.832487,24.549746
34.655000,69.036738,20.711022
34.660000,67.046824,20.114047
34.665000,42.263704,12.679111
34.670000,28.682527,8.604758
34.675000,23.646817,7.094045
34.680000,22.284598,6.685379
34.685000,-0.525082,-0.157525
34.690000,-6.220979,-1.866294
34.695000,-8.389890,-2.516967
34.700000,26.921911,8.076573
34.705000,23.884126,7.165238
34.710000,33.866878,10.160063
34.715000,61.108065,18.332419
34.720000,81.614187,24.484256
34.725000,94.398317,28.319495
34.730000,109.462805,32.838841
34.735000,128.599331,38.579799
34.740000,145.396018,43.618806
34.745000,170.240349,51.072105
34.750000,184.096833,55.229050
34.755000,226.616761,67.985028
34.760000,251.061516,75.318455
34.765000,269.932691,80.979807
34.770000,287.633462,86.290038
34.775000,311.596565,93.478969
34.780000,325.141063,97.542319
34.785000,349.710022,104.913007
34.790000,361.896216,108.568865
34.795000,380.906367,114.271910
34.800000,389.966576,116.989973
34.805000,412.709385,123.812816
34.810000,416.714018,125.014205
34.815000,436.398624,130.919587
34.820000,415.779262,124.733779
34.825000,396.755143,119.026543
34.830000,359.847371,107.954211
34.835000,344.432984,103.329895
34.840000,308.988043,92.696413
34.845000,295.940036,88.782011
34.850000,279.339920,83.801976
34.855000,258.828283,77.648485
34.860000,243.823899,73.147170
34.865000,225.058258,67.517477
34.870000,203.540969,61.062291
34.875000,189.357193,56.807158
34.880000,169.189158,50.756747
34.885000,139.452940,41.835882
34.890000,114.967013,34.490104
34.895000,91.637330,27.491199
34.900000,62.263818,18.679146
34.905000,33.044030,9.913209
34.910000,22.500188,6.750057
34.915000,19.091373,5.727412
34.920000,14.427154,4.328146
34.925000,-4.285228,-1.285568
34.930000,-17.848683,-5.354605
34.935000,-34.516998,-10.355099
34.940000,-46.752571,-14.025771
34.945000,-47.280627,-14.184188
34.950000,-39.735007,-11.920502
34.955000,-21.508525,-6.452558
34.960000,4.809303,1.442791
34.965000,11.989833,3.596950
34.970000,29.916515,8.974955
34.975000,56.662821,16.998846
34.980000,68.695474,20.608642
34.985000,80.552680,24.165804
34.990000,104.192591,31.257777
34.995000,111.948513,33.584554
35.000000,114.290642,34.287193
35.005000,136.369393,40.910818
35.010000,160.977595,48.293278
35.015000,185.057339,55.517202
35.020000,216.226645,64.867993
35.025000,242.474001,72.742200
35.030000,270.464306,81.139292
35.035000,281.151423,84.345427
35.040000,285.722793,85.716838
35.045000,281.526719,84.458016
35.050000,301.427232,90.428170
35.055000,310.215683,93.064705
35.060000,307.056256,92.116877
35.065000,317.245759,95.173728
35.070000,331.196760,99.359028
35.075000,334.731326,100.419398
35.080000,316.254194,94.876258
35.085000,315.182443,94.554733
35.090000,316.700257,95.010077
35.095000,293.719054,88.115716
35.100000,270.402696,81.120809
35.105000,234.775405,70.432622
35.110000,217.464679,65.239404
35.115000,175.789330,52.736799
35.120000,134.786239,40.435872
35.125000,103.229971,30.968991
35.130000,105.559839,31.667952
35.135000,77.910219,23.373066
35.140000,62.414382,18.724314
35.145000,53.073928,15.922178
35.150000,18.803715,5.641114
35.155000,-13.475396,-4.042619
35.160000,-41.497375,-12.449213
35.165000,-63.559196,-19.067759
35.170000,-80.274119,-24.082236
35.175000,-84.345699,-25.303710
35.180000,-81.168248,-24.350474
35.185000,-82.557010,-24.767103
35.190000,-68.807525,-20.642258
35.195000,-46.019586,-13.805876
35.200000,-50.214195,-15.064258
35.205000,-53.348529,-16.004559
35.210000,-55.117704,-16.535311
35.215000,-68.528217,-20.558465
35.220000,-65.010832,-19.503250
35.225000,-45.473954,-13.642186
35.230000,-29.061296,-8.718389
35.235000,0.793512,0.238054
35.240000,39.084406,11.725322
35.245000,55.666717,16.700015
35.250000,84.706514,25.411954
35.255000,124.198314,37.259494
35.260000,153.693913,46.108174
35.265000,173.882556,52.164767
35.270000,205.853033,61.755910
35.275000,220.929031,66.278709
35.280000,233.781860,70.134558
35.285000,241.315096,72.394529
35.290000,259.592667,77.877800
35.295000,269.693283,80.907985
35.300000,277.725162,83.317549
35.305000,291.840588,87.552177
35.310000,289.839079,86.951724
35.315000,290.028763,87.008629
35.320000,281.148208,84.344463
35.325000,275.327768,82.598330
35.330000,245.851619,73.755486
35.335000,239.624596,71.887379
35.340000,214.565767,64.369730
35.345000,189.268885,56.780666
35.350000,180.299195,54.089758
35.355000,155.979288,46.793786
35.360000,134.705201,40.411560
35.365000,110.135438,33.040632
35.370000,75.455725,22.636717
35.375000,47.531294,14.259388
35.380000,22.682429,6.804729
35.385000,-22.438906,-6.731672
35.390000,-52.007149,-15.602145
35.395000,-62.645581,-18.793674
35.400000,-79.997630,-23.999289
35.405000,-94.060103,-28.218031
35.410000,-80.810747,-24.243224
35.415000,-80.221103,-24.066331
35.420000,-82.712919,-24.813876
35.425000,-89.445886,-26.833766
35.430000,-89.887792,-26.966338
35.435000,-109.801070,-32.940321
35.440000,-116.791305,-35.037391
35.445000,-115.386098,-34.615829
35.450000,-118.434728,-35.530418
35.455000,-114.624881,-34.387464
35.460000,-111.232677,-33.369803
35.465000,-96.976894,-29.093068
35.470000,-85.356817,-25.607045
35.475000,-78.860774,-23.658232
35.480000,-55.642392,-16.692718
35.485000,-15.556395,-4.666919
35.490000,1.454080,0.436224
35.495000,28.854081,8.656224
35.500000,69.463433,20.839030
35.505000,81.436908,24.431073
35.510000,97.382632,29.214789
35.515000,125.309980,37.592994
35.520000,148.452747,44.535824
35.525000,174.209029,52.262709
35.530000,189.456847,56.837054
35.535000,207.895383,62.368615
35.540000,223.885093,67.165528
35.545000,237.825854,71.347756
35.550000,248.685128,74.605538
35.555000,262.115606,78.634682
35.560000,262.281973,78.684592
35.565000,247.759797,74.327939
35.570000,240.865608,72.259682
35.575000,210.310160,63.093048
35.580000,217.267827,65.180348
35.585000,214.990824,64.497247
35.590000,211.891714,63.567514
35.595000,170.592144,51.177643
35.600000,155.855884,46.756765
35.605000,130.740183,39.222055
35.610000,88.955968,26.686790
35.615000,58.867384,17.660215
35.620000,50.073110,15.021933
35.625000,36.950801,11.085240
35.630000,7.770912,2.331274
35.635000,-3.956165,-1.186849
35.640000,-29.837371,-8.951211
35.645000,-52.095808,-15.628742
35.650000,-81.784405,-24.535321
35.655000,-97.995946,-29.398784
35.660000,-119.145606,-35.743682
35.665000,-122.621669,-36.786501
35.670000,-148.533321,-44.559996
35.675000,-147.571109,-44.271333
35.680000,-161.245691,-48.373707
35.685000,-154.379096,-46.313729
35.690000,-162.195751,-48.658725
35.695000,-139.172879,-41.751864
35.700000,-130.894979,-39.268494
35.705000,-124.962668,-37.488800
35.710000,-121.415825,-36.424748
35.715000,-108.915459,-32.674638
35.720000,-97.078572,-29.123572
35.725000,-102.571785,-30.771535
35.730000,-78.566034,-23.569810
35.735000,-58.658852,-17.597656
35.740000,-39.848894,-11.954668
35.745000,-18.557366,-5.567210
35.750000,6.932179,2.079654
35.755000,44.228815,13.268645
35.760000,74.239395,22.271818
35.765000,119.079234,35.723770
35.770000,136.292061,40.887618
35.775000,160.334064,48.100219
35.780000,170.743302,51.222991
35.785000,171.106653,51.331996
35.790000,172.661866,51.798560
35.795000,186.020733,55.806220
35.800000,201.765639,60.529692
35.805000,207.717080,62.315124
35.810000,224.349795,67.304939
35.815000,237.229241,71.168772
35.820000,244.593139,73.377942
35.825000,230.750084,69.225025
35.830000,227.225055,68.167517
35.835000,204.169850,61.250955
35.840000,175.376632,52.612990
35.845000,143.343336,43.003001
35.850000,127.681044,38.304313
35.855000,109.147564,32.744269
35.860000,92.649124,27.794737
35.865000,63.041986,18.912596
35.870000,43.851042,13.155313
35.875000,22.934382,6.880315
35.880000,-1.038053,-0.311416
35.885000,-30.530509,-9.159153
35.890000,-58.994157,-17.698247
35.895000,-72.580634,-21.774190
35.900000,-103.799444,-31.139833
35.905000,-137.302266,-41.190680
35.910000,-136.087353,-40.826206
35.915000,-140.911317,-42.273395
35.920000,-161.219629,-48.365889
35.925000,-163.295774,-48.988732
35.930000,-173.710901,-52.113270
35.935000,-190.278432,-57.083530
35.940000,-189.009225,-56.702768
35.945000,-172.026262,-51.607879
35.950000,-152.310732,-45.693220
35.955000,-140.058329,-42.017499
35.960000,-128.828598,-38.648579
35.965000,-109.395907,-32.818772
35.970000,-116.120711,-34.836213
35.975000,-107.602296,-32.280689
35.980000,-84.215064,-25.264519
35.985000,-64.197693,-19.259308
35.990000,-53.372573,-16.011772
35.995000,-11.297673,-3.389302
36.000000,4.480325,1.344098
36.005000,25.212707,7.563812
36.010000,53.870929,16.161279
36.015000,86.606117,25.981835
36.020000,96.096961,28.829088
36.025000,139.317330,41.795199
36.030000,163.828485,49.148546
36.035000,184.467050,55.340115
36.040000,196.111278,58.833383
36.045000,214.126135,64.237840
36.050000,207.451779,62.235534
36.055000,225.617351,67.685205
36.060000,232.853999,69.856200
36.065000,235.289192,70.586758
36.070000,245.767870,73.730361
36.075000,242.110618,72.633185
36.080000,229.238901,68.771670
36.085000,216.190298,64.857089
36.090000,195.763475,58.729042
36.095000,177.207250,53.162175
36.100000,152.185089,45.655527
36.105000,131.664834,39.499450
36.110000,102.314905,30.694471
36.115000,89.213036,26.763911
36.120000,69.984509,20.995353
36.125000,61.749185,18.524756
36.130000,27.362962,8.208889
36.135000,10.017319,3.005196
36.140000,-19.410281,-5.823084
36.145000,-61.680674,-18.504202
36.150000,-95.488721,-28.646616
36.155000,-109.140388,-32.742116
36.160000,-121.256194,-36.376858
36.165000,-146.398444,-43.919533
36.170000,-149.188545,-44.756564
36.175000,-145.079019,-43.523706
36.180000,-150.157286,-45.047186
36.185000,-164.780242,-49.434073
36.190000,-142.061168,-42.618350
36.195000,-147.245363,-44.173609
36.200000,-139.205919,-41.761776
36.205000,-117.526468,-35.257940
36.210000,-112.890697,-33.867209
36.215000,-103.543311,-31.062993
36.220000,-73.588499,-22.076550
36.225000,-56.829071,-17.048721
36.230000,-53.528614,-16.058584
36.235000,-16.447617,-4.934285
36.240000,-4.820715,-1.446214
36.245000,19.185219,5.755566
36.250000,47.467037,14.240111
36.255000,74.119590,22.235877
36.260000,94.754896,28.426469
36.265000,126.709004,38.012701
36.270000,149.132983,44.739895
36.275000,167.403894,50.221168
36.280000,191.990252,57.597075
36.285000,217.826232,65.347870
36.290000,226.843353,68.053006
36.295000,218.406081,65.521824
36.300000,232.870312,69.861094
36.305000,251.959766,75.587930
36.310000,244.306890,73.292067
36.315000,250.248553,75.074566
36.320000,271.783094,81.534928
36.325000,269.063566,80.719070
36.330000,254.634079,76.390224
36.335000,264.595762,79.378729
36.340000,255.545559,76.663668
36.345000,240.160430,72.048129
36.350000,217.473897,65.242169
36.355000,188.716374,56.614912
36.360000,166.323554,49.897066
36.365000,148.693696,44.608109
36.370000,129.396279,38.818884
36.375000,98.994726,29.698418
36.380000,86.359758,25.907927
36.385000,44.958412,13.487524
36.390000,20.236953,6.071086
36.395000,-29.682189,-8.904657
36.400000,-54.762340,-16.428702
36.405000,-75.437784,-22.631335
36.410000,-86.908164,-26.072449
36.415000,-102.402500,-30.720750
36.420000,-105.719898,-31.715969
36.425000,-93.919573,-28.175872
36.430000,-100.258782,-30.077634
36.435000,-99.062553,-29.718766
36.440000,-96.144702,-28.843411
36.445000,-76.691527,-23.007458
36.450000,-70.455520,-21.136656
36.455000,-63.165445,-18.949633
36.460000,-61.346784,-18.404035
36.465000,-50.797512,-15.239254
36.470000,-25.072245,-7.521673
36.475000,-11.294243,-3.388273
36.480000,5.997363,1.799209
36.485000,46.086876,13.826063
36.490000,73.953699,22.186110
36.495000,94.414517,28.324355
36.500000,103.678404,31.103521
36.505000,126.088281,37.826484
36.510000,152.277651,45.683295
36.515000,174.592342,52.377703
36.520000,196.385475,58.915643
36.525000,246.426809,73.928043
36.530000,271.459998,81.437999
36.535000,286.423706,85.927112
36.540000,299.669241,89.900772
36.545000,305.228571,91.568571
36.550000,299.664938,89.899481
36.555000,298.090789,89.427237
36.560000,283.996270,85.198881
36.565000,300.142668,90.042800
36.570000,302.185244,90.655573
36.575000,306.425239,91.927572
36.580000,310.614740,93.184422
36.585000,317.257127,95.177138
36.590000,298.178340,89.453502
36.595000,288.531166,86.559350
36.600000,252.104979,75.631494
36.605000,240.511169,72.153351
36.610000,210.156707,63.047012
36.615000,183.742753,55.122826
36.620000,174.563725,52.369118
36.625000,160.661982,48.198594
36.630000,140.312385,42.093715
36.635000,121.644864,36.493459
36.640000,102.100319,30.630096
36.645000,60.927758,18.278327
36.650000,43.491880,13.047564
36.655000,5.559105,1.667731
36.660000,-14.960339,-4.488102
36.665000,-30.767752,-9.230326
36.670000,-54.348264,-16.304479
36.675000,-72.322028,-21.696608
36.680000,-65.738507,-19.721552
36.685000,-65.386323,-19.615897
36.690000,-73.819579,-22.145874
36.695000,-65.983727,-19.795118
36.700000,-50.861537,-15.258461
36.705000,-48.343982,-14.503194
36.710000,-29.136645,-8.740993
36.715000,-7.771955,-2.331586
36.720000,33.663626,10.099088
36.725000,49.583368,14.875010
36.730000,59.466858,17.840057
36.735000,83.054305,24.916292
36.740000,109.550992,32.865298
36.745000,122.105205,36.631562
36.750000,139.166716,41.750015
36.755000,189.479357,56.843807
36.760000,214.113170,64.233951
36.765000,238.761063,71.628319
36.770000,249.027113,74.708134
36.775000,287.569372,86.270812
36.780000,298.681072,89.604322
36.785000,327.762287,98.328686
36.790000,340.720715,102.216215
36.795000,356.636600,106.990980
36.800000,364.288796,109.286639
36.805000,365.019363,109.505809
36.810000,361.958360,108.587508
36.815000,357.849514,107.354854
36.820000,364.416567,109.324970
36.825000,356.485053,106.945516
36.830000,355.173213,106.551964
36.835000,336.906298,101.071889
36.840000,325.340420,97.602126
36.845000,309.759499,92.927850
36.850000,288.726665,86.618000
36.855000,270.037161,81.011148
36.860000,250.258720,75.077616
36.865000,216.266379,64.879914
36.870000,192.627264,57.788179
36.875000,183.921207,55.176362
36.880000,161.066548,48.319965
36.885000,144.205128,43.261538
36.890000,142.367894,42.710368
36.895000,117.509030,35.252709
36.900000,76.170347,22.851104
36.905000,61.766824,18.530047
36.910000,49.120653,14.736196
36.915000,36.225844,10.867753
36.920000,32.070100,9.621030
36.925000,37.245833,11.173750
36.930000,25.496551,7.648965
36.935000,17.281186,5.184356
36.940000,13.966122,4.189836
36.945000,17.331359,5.199408
36.950000,14.175213,4.252564
36.955000,19.736261,5.920878
36.960000,35.079068,10.523720
36.965000,48.090084,14.427025
36.970000,45.008193,13.502458
36.975000,73.594982,22.078495
36.980000,82.953401,24.886020
36.985000,116.987232,35.096170
36.990000,149.987570,44.996271
36.995000,199.484627,59.845388
37.000000,219.388204,65.816461
37.005000,254.343529,76.303059
37.010000,263.527227,79.058168
37.015000,282.920894,84.876268
37.020000,295.422865,88.626859
37.025000,323.870493,97.161148
37.030000,358.105609,107.431683
37.035000,382.436835,114.731050
37.040000,389.925114,116.977534
37.045000,392.182560,117.654768
37.050000,401.098153,120.329446
37.055000,397.840134,119.352040
37.060000,400.655037,120.196511
37.065000,422.115418,126.634625
37.070000,449.063791,134.719137
37.075000,445.824493,133.747348
37.080000,450.988026,135.296408
37.085000,448.894028,134.668209
37.090000,422.678365,126.803510
37.095000,395.770471,118.731141
37.100000,381.552746,114.465824
37.105000,352.345716,105.703715
37.110000,313.951281,94.185384
37.115000,284.733621,85.420086
37.120000,258.790815,77.637244
37.125000,223.183503,66.955051
37.130000,205.255421,61.576626
37.135000,182.603943,54.781183
37.140000,176.414399,52.924320
37.145000,163.638575,49.091572
37.150000,138.426944,41.528083
37.155000,121.944869,36.583461
37.160000,104.926528,31.477958
37.165000,90.135165,27.040549
37.170000,73.376723,22.013017
37.175000,73.949301,22.184790
37.180000,65.244777,19.573433
37.185000,61.584428,18.475328
37.190000,54.268876,16.280663
37.195000,57.079685,17.123906
37.200000,63.188017,18.956405
37.205000,70.878025,21.263407
37.210000,80.225500,24.067650
37.215000,97.339983,29.201995
37.220000,102.948843,30.884653
37.225000,128.768860,38.630658
37.230000,151.202778,45.360833
37.235000,187.538106,56.261432
37.240000,203.483717,61.045115
37.245000,261.098475,78.329543
37.250000,280.237176,84.071153
37.255000,303.404830,91.021449
37.260000,317.459486,95.237846
37.265000,357.024080,107.107224
37.270000,353.542418,106.062725
37.275000,384.550652,115.365196
37.280000,396.051718,118.815515
37.285000,421.843085,126.552926
37.290000,423.362737,127.008821
37.295000,446.599034,133.979710
37.300000,446.522347,133.956704
37.305000,453.842179,136.152654
37.310000,458.499361,137.549808
37.315000,452.676340,135.802902
37.320000,435.582792,130.674838
37.325000,437.787718,131.336315
37.330000,421.280219,126.384066
37.335000,411.894192,123.568257
37.340000,403.529631,121.058889
37.345000,387.022522,116.106757
37.350000,364.040228,109.212069
37.355000,362.189942,108.656983
37.360000,329.593421,98.878026
37.365000,307.735729,92.320719
37.370000,296.397198,88.919159
37.375000,275.489439,82.646832
37.380000,245.531878,73.659563
37.385000,219.739713,65.921914
37.390000,190.291341,57.087402
37.395000,157.240959,47.172288
37.400000,135.719906,40.715972
37.405000,121.366601,36.409980
37.410000,112.541064,33.762319
37.415000,115.701488,34.710446
37.420000,106.055709,31.816713
37.425000,88.988698,26.696609
37.430000,75.644256,22.693277
37.435000,84.826984,25.448095
37.440000,58.899083,17.669725
37.445000,66.669025,20.000707
37.450000,79.306523,23.791957
37.455000,92.068835,27.620651
37.460000,107.484729,32.245419
37.465000,146.770224,44.031067
37.470000,167.695114,50.308534
37.475000,176.982724,53.094817
37.480000,201.563730,60.469119
37.485000,203.905115,61.171535
37.490000,219.336176,65.800853
37.495000,239.746468,71.923940
37.500000,267.999448,80.399834
37.505000,294.105206,88.231562
37.510000,333.898910,100.169673
37.515000,365.272165,109.581650
37.520000,388.110245,116.433073
37.525000,398.368713,119.510614
37.530000,421.115799,126.334740
37.535000,434.098374,130.229512
37.540000,439.543568,131.863071
37.545000,446.355251,133.906575
37.550000,475.062686,142.518806
37.555000,466.937965,140.081390
37.560000,467.869362,140.360809
37.565000,461.089753,138.326926
37.570000,454.491698,136.347509
37.575000,443.279472,132.983842
37.580000,429.028647,128.708594
37.585000,410.794979,123.238494
37.590000,408.007010,122.402103
37.595000,387.674266,116.302280
37.600000,374.982645,112.494794
37.605000,360.320881,108.096264
37.610000,341.499655,102.449897
37.615000,314.996306,94.498892
37.620000,296.564380,88.969314
37.625000,260.355282,78.106585
37.630000,226.431176,67.929353
37.635000,192.136214,57.640864
37.640000,160.575168,48.172550
37.645000,153.339163,46.001749
37.650000,143.419398,43.025819
37.655000,126.297122,37.889137
37.660000,120.036304,36.010891
37.665000,112.407443,33.722233
37.670000,84.768764,25.430629
37.675000,70.994791,21.298437
37.680000,80.620514,24.186154
37.685000,66.812578,20.043773
37.690000,62.702098,18.810630
37.695000,69.559093,20.867728
37.700000,64.547348,19.364204
37.705000,68.828244,20.648473
37.710000,84.174985,25.252495
37.715000,95.469907,28.640972
37.720000,104.669370,31.400811
37.725000,133.249659,39.974898
37.730000,159.175595,47.752679
37.735000,184.517104,55.355131
37.740000,206.612145,61.983643
37.745000,242.715028,72.814508
37.750000,266.266238,79.879872
37.755000,288.694948,86.608484
37.760000,319.084470,95.725341
37.765000,342.087158,102.626147
37.770000,357.612913,107.283874
37.775000,372.518518,111.755555
37.780000,380.326458,114.097937
37.785000,403.239297,120.971789
37.790000,431.217845,129.365353
37.795000,430.551653,129.165496
37.800000,446.867332,134.060200
37.805000,454.893792,136.468137
37.810000,451.012163,135.303649
37.815000,443.985137,133.195541
37.820000,452.125729,135.637719
37.825000,443.114248,132.934274
37.830000,440.250927,132.075278
37.835000,419.125287,125.737586
37.840000,401.425712,120.427714
37.845000,383.828315,115.148495
37.850000,366.547390,109.964217
37.855000,333.334568,100.000370
37.860000,309.666971,92.900091
37.865000,285.814987,85.744496
37.870000,257.823158,77.346947
37.875000,233.711981,70.113594
37.880000,206.703708,62.011112
37.885000,178.571021,53.571306
37.890000,148.458246,44.537474
37.895000,132.680928,39.804279
37.900000,101.701959,30.510588
37.905000,91.585598,27.475680
37.910000,79.216862,23.765058
37.915000,58.095844,17.428753
37.920000,44.501087,13.350326
37.925000,32.356122,9.706837
37.930000,23.028214,6.908464
37.935000,15.341331,4.602399
37.940000,32.492661,9.747798
37.945000,36.941444,11.082433
37.950000,61.129324,18.338797
37.955000,72.750005,21.825002
37.960000,81.272646,24.381794
37.965000,85.372887,25.611866
37.970000,101.063476,30.319043
37.975000,118.319284,35.495785
37.980000,139.866536,41.959961
37.985000,160.955928,48.286778
37.990000,189.752289,56.925687
37.995000,210.547122,63.164137
38.000000,222.972104,66.891631
38.005000,239.024787,71.707436
38.010000,248.115473,74.434642
38.015000,265.012230,79.503669
38.020000,292.757323,87.827197
38.025000,314.365901,94.309770
38.030000,321.820653,96.546196
38.035000,357.062235,107.118671
38.040000,361.075632,108.322690
38.045000,379.209736,113.762921
38.050000,387.320323,116.196097
38.055000,400.100448,120.030134
38.060000,408.190489,122.457147
38.065000,415.159391,124.547817
38.070000,400.349559,120.104868
38.075000,391.845304,117.553591
38.080000,381.772587,114.531776
38.085000,367.673138,110.301941
38.090000,347.737452,104.321235
38.095000,335.347250,100.604175
38.100000,315.264169,94.579251
38.105000,294.160608,88.248182
38.110000,251.892645,75.567793
38.115000,249.051487,74.715446
38.120000,224.169604,67.250881
38.125000,188.216765,56.465029
38.130000,182.089954,54.626986
38.135000,171.160361,51.348108
38.140000,132.491521,39.747456
38.145000,97.214828,29.164448
38.150000,82.331428,24.699428
38.155000,60.304319,18.091296
38.160000,41.914840,12.574452
38.165000,13.966981,4.190094
38.170000,17.078410,5.123523
38.175000,15.347434,4.604230
38.180000,-10.806767,-3.242030
38.185000,-18.824679,-5.647404
38.190000,-12.905388,-3.871616
38.195000,-26.138454,-7.841536
38.200000,-24.629158,-7.388747
38.205000,-6.566496,-1.969949
38.210000,2.626699,0.788010
38.215000,17.066433,5.119930
38.220000,39.135267,11.740580
38.225000,53.684638,16.105391
38.230000,88.817441,26.645232
38.235000,108.872309,32.661693
38.240000,143.516065,43.054819
38.245000,161.110362,48.333108
38.250000,180.133771,54.040131
38.255000,197.446401,59.233920
38.260000,227.951689,68.385507
38.265000,238.149192,71.444757
38.270000,257.003971,77.101191
38.275000,290.366715,87.110014
38.280000,289.264088,86.779226
38.285000,314.710331,94.413099
38.290000,340.143677,102.043103
38.295000,351.418401,105.425520
38.300000,362.073893,108.622168
38.305000,389.415408,116.824622
38.310000,385.608545,115.682564
38.315000,380.634632,114.190389
38.320000,392.248178,117.674454
38.325000,385.913796,115.774139
38.330000,355.530210,106.659063
38.335000,336.275474,100.882642
38.340000,317.495424,95.248627
38.345000,282.285829,84.685749
38.350000,239.412105,71.823632
38.355000,230.764496,69.229349
38.360000,209.083157,62.724947
38.365000,186.417584,55.925275
38.370000,174.243654,52.273096
38.375000,155.022824,46.506847
38.380000,121.648050,36.494415
38.385000,97.276822,29.183047
38.390000,68.282569,20.484771
38.395000,33.048793,9.914638
38.400000,20.702580,6.210774
38.405000,0.590755,0.177227
38.410000,-9.788582,-2.936575
38.415000,-28.061922,-8.418576
38.420000,-38.931621,-11.679486
38.425000,-65.752455,-19.725736
38.430000,-73.934635,-22.180391
38.435000,-93.455210,-28.036563
38.440000,-78.699608,-23.609882
38.445000,-72.580944,-21.774283
38.450000,-52.903006,-15.870902
38.455000,-30.005422,-9.001627
38.460000,-2.881401,-0.864420
38.465000,5.954278,1.786283
38.470000,11.271326,3.381398
38.475000,14.830926,4.449278
38.480000,20.857473,6.257242
38.485000,28.971066,8.691320
38.490000,41.504925,12.451477
38.495000,68.098566,20.429570
38.500000,90.510813,27.153244
38.505000,125.952315,37.785695
38.510000,143.639553,43.091866
38.515000,166.266763,49.880029
38.520000,194.408803,58.322641
38.525000,214.740396,64.422119
38.530000,228.754620,68.626386
38.535000,260.555827,78.166748
38.540000,276.974860,83.092458
38.545000,275.607311,82.682193
38.550000,292.507130,87.752139
38.555000,276.812463,83.043739
38.560000,282.333380,84.700014
38.565000,284.072594,85.221778
38.570000,282.473335,84.742000
38.575000,271.930300,81.579090
38.580000,279.965487,83.989646
38.585000,267.735513,80.320654
38.590000,241.936891,72.581067
38.595000,224.960743,67.488223
38.600000,198.177172,59.453151
38.605000,176.758220,53.027466
38.610000,142.878546,42.863564
38.615000,144.717233,43.415170
38.620000,122.489951,36.746985
38.625000,106.450968,31.935290
38.630000,69.949561,20.984868
38.635000,49.593865,14.878159
38.640000,-4.648098,-1.394430
38.645000,-21.712143,-6.513643
38.650000,-38.693006,-11.607902
38.655000,-57.439570,-17.231871
38.660000,-88.848434,-26.654530
38.665000,-84.220246,-25.266074
38.670000,-88.813089,-26.643927
38.675000,-104.212382,-31.263715
38.680000,-103.521784,-31.056535
38.685000,-87.524277,-26.257283
38.690000,-101.099545,-30.329863
38.695000,-114.843570,-34.453071
38.700000,-115.345376,-34.603613
38.705000,-112.099440,-33.629832
38.710000,-114.684745,-34.405424
38.715000,-99.250172,-29.775052
38.720000,-86.603380,-25.981014
38.725000,-70.855805,-21.256741
38.730000,-59.571470,-17.871441
38.735000,-44.470620,-13.341186
38.740000,-13.358939,-4.007682
38.745000,12.243553,3.673066
38.750000,42.052018,12.615605
38.755000,81.518752,24.455626
38.760000,117.095321,35.128596
38.765000,129.598556,38.879567
38.770000,150.655318,45.196596
38.775000,182.589214,54.776764
38.780000,198.973838,59.692151
38.785000,204.784990,61.435497
38.790000,226.370397,67.911119
38.795000,242.276197,72.682859
38.800000,254.251517,76.275455
38.805000,250.400869,75.120261
38.810000,265.919157,79.775747
38.815000,266.680089,80.004027
38.820000,255.381148,76.614344
38.825000,248.005847,74.401754
38.830000,251.617321,75.485196
38.835000,222.077518,66.623256
38.840000,218.475563,65.542669
38.845000,199.574523,59.872357
38.850000,164.541849,49.362555
38.855000,133.315580,39.994674
38.860000,125.897347,37.769204
38.865000,90.736211,27.220863
38.870000,73.479182,22.043755
38.875000,65.261253,19.578376
38.880000,45.162312,13.548694
38.885000,24.700442,7.410132
38.890000,17.342890,5.202867
38.895000,-3.739105,-1.121731
38.900000,-55.634954,-16.690486
38.905000,-82.085221,-24.625566
38.910000,-118.715248,-35.614575
38.915000,-154.839714,-46.451914
38.920000,-168.182299,-50.454690
38.925000,-167.633488,-50.290046
38.930000,-179.756450,-53.926935
38.935000,-177.171929,-53.151579
38.940000,-179.860731,-53.958219
38.945000,-197.936263,-59.380879
38.950000,-175.255485,-52.576646
38.955000,-157.367029,-47.210109
38.960000,-143.752912,-43.125873
38.965000,-125.620261,-37.686078
38.970000,-96.717544,-29.015263
38.975000,-85.642575,-25.692773
38.980000,-57.065723,-17.119717
38.985000,-26.340138,-7.902041
38.990000,-1.547853,-0.464356
38.995000,28.489689,8.546907
39.000000,47.246457,14.173937
39.005000,74.169641,22.250892
39.010000,94.254901,28.276470
39.015000,110.978353,33.293506
39.020000,118.731669,35.619501
39.025000,139.239108,41.771732
39.030000,133.132618,39.939786
39.035000,155.657417,46.697225
39.040000,174.883933,52.465180
39.045000,197.748476,59.324543
39.050000,211.332424,63.399727
39.055000,252.504388,75.751316
39.060000,255.216113,76.564834
39.065000,243.063983,72.919195
39.070000,244.473488,73.342046
39.075000,230.581309,69.174393
39.080000,187.487690,56.246307
39.085000,167.102943,50.130883
39.090000,181.507208,54.452162
39.095000,177.378464,53.213539
39.100000,167.819235,50.345770
39.105000,156.984892,47.095468
39.110000,134.350536,40.305161
39.115000,99.583399,29.875020
39.120000,51.156254,15.346876
39.125000,11.000202,3.300061
39.130000,3.547037,1.064111
39.135000,-20.575633,-6.172690
39.140000,-40.015408,-12.004622
39.145000,-49.477234,-14.843170
39.150000,-44.462010,-13.338603
39.155000,-83.404117,-25.021235
39.160000,-98.900344,-29.670103
39.165000,-114.070318,-34.221095
39.170000,-119.996088,-35.998826
39.175000,-144.462384,-43.338715
39.180000,-138.829399,-41.648820
39.185000,-151.099275,-45.329782
39.190000,-174.513917,-52.354175
39.195000,-175.219926,-52.565978
39.200000,-154.236652,-46.270996
39.205000,-145.255018,-43.576505
39.210000,-137.766581,-41.329974
39.215000,-104.789902,-31.436971
39.220000,-86.247933,-25.874380
39.225000,-81.461243,-24.438373
39.230000,-86.504526,-25.951358
39.235000,-45.663273,-13.698982
39.240000,-21.476707,-6.443012
39.245000,1.923182,0.576954
39.250000,17.084212,5.125264
39.255000,50.197912,15.059374
39.260000,75.049663,22.514899
39.265000,98.487805,29.546342
39.270000,121.410237,36.423071
39.275000,154.597259,46.379178
39.280000,189.115461,56.734638
39.285000,194.229125,58.268737
39.290000,200.400572,60.120172
39.295000,201.958590,60.587577
39.300000,215.487445,64.646233
39.305000,215.570267,64.671080
39.310000,230.882476,69.264743
39.315000,239.394927,71.818478
39.320000,236.991524,71.097457
39.325000,243.634323,73.090297
39.330000,229.119616,68.735885
39.335000,213.383431,64.015029
39.340000,201.877143,60.563143
39.345000,201.713469,60.514041
39.350000,150.553661,45.166098
39.355000,146.639892,43.991968
39.360000,130.449304,39.134791
39.365000,109.812999,32.943900
39.370000,57.622860,17.286858
39.375000,45.164042,13.549213
39.380000,11.772844,3.531853
39.385000,-25.727454,-7.718236
39.390000,-49.925168,-14.977550
39.395000,-59.866084,-17.959825
39.400000,-65.394144,-19.618243
39.405000,-78.991167,-23.697350
39.410000,-103.742528,-31.122758
39.415000,-136.618667,-40.985600
39.420000,-146.533657,-43.960097
39.425000,-164.288373,-49.286512
39.430000,-166.545392,-49.963618
39.435000,-158.997876,-47.699363
39.440000,-143.257954,-42.977386
39.445000,-148.385449,-44.515635
39.450000,-166.725718,-50.017716
39.455000,-167.531507,-50.259452
39.460000,-149.716155,-44.914847
39.465000,-144.510472,-43.353142
39.470000,-122.201656,-36.660497
39.475000,-74.469600,-22.340880
39.480000,-34.478704,-10.343611
39.485000,-15.613095,-4.683929
39.490000,5.998092,1.799427
39.495000,32.634163,9.790249
39.500000,70.710853,21.213256
39.505000,80.660493,24.198148
39.510000,111.734090,33.520227
39.515000,151.875286,45.562586
39.520000,190.676627,57.202988
39.525000,189.482128,56.844638
39.530000,217.516536,65.254961
39.535000,237.282607,71.184782
39.540000,246.927135,74.078141
39.545000,259.222308,77.766692
39.550000,272.097560,81.629268
39.555000,270.852720,81.255816
39.560000,263.812113,79.143634
39.565000,266.732390,80.019717
39.570000,251.058378,75.317514
39.575000,253.232298,75.969690
39.580000,236.619754,70.985926
39.585000,228.540050,68.562015
39.590000,205.622013,61.686604
39.595000,193.553110,58.065933
39.600000,172.938087,51.881426
39.605000,159.841085,47.952325
39.610000,137.170857,41.151257
39.615000,100.458871,30.137661
39.620000,86.393112,25.917934
39.625000,56.133662,16.840098
39.630000,31.443443,9.433033
39.635000,2.779403,0.833821
39.640000,4.325277,1.297583
39.645000,-33.593517,-10.078055
39.650000,-44.888777,-13.466633
39.655000,-51.959824,-15.587947
39.660000,-48.466981,-14.540094
39.665000,-60.808176,-18.242453
39.670000,-59.801013,-17.940304
39.675000,-81.736113,-24.520834
39.680000,-86.154142,-25.846243
39.685000,-92.021995,-27.606599
39.690000,-93.874471,-28.162341
39.695000,-88.301837,-26.490551
39.700000,-70.892511,-21.267753
39.705000,-75.105111,-22.531533
39.710000,-62.883497,-18.865049
39.715000,-43.656475,-13.096943
39.720000,-40.179980,-12.053994
39.725000,-13.136891,-3.941067
39.730000,15.159711,4.547913
39.735000,37.342559,11.202768
39.740000,54.270121,16.281036
39.745000,97.135150,29.140545
39.750000,124.115524,37.234657
39.755000,155.334215,46.600265
39.760000,162.974753,48.892426
39.765000,192.285581,57.685674
39.770000,207.591185,62.277355
39.775000,212.697059,63.809118
39.780000,231.665512,69.499654
39.785000,250.019429,75.005829
39.790000,266.409206,79.922762
39.795000,292.670447,87.801134
39.800000,307.963154,92.388946
39.805000,316.972766,95.091830
39.810000,335.690411,100.707123
39.815000,334.822994,100.446898
39.820000,308.523322,92.556997
39.825000,312.218441,93.665532
39.830000,297.812640,89.343792
39.835000,289.099884,86.729965
39.840000,270.333389,81.100017
39.845000,273.704422,82.111327
39.850000,252.794898,75.838469
39.855000,237.032785,71.109835
39.860000,220.412722,66.123817
39.865000,199.023512,59.707054
39.870000,174.655224,52.396567
39.875000,150.338381,45.101514
39.880000,125.142787,37.542836
39.885000,86.558845,25.967654
39.890000,68.498186,20.549456
39.895000,48.731074,14.619322
39.900000,26.206023,7.861807
39.905000,10.131263,3.039379
39.910000,1.637304,0.491191
39.915000,-26.875411,-8.062623
39.920000,-44.763120,-13.428936
39.925000,-41.797968,-12.539390
39.930000,-57.028396,-17.108519
39.935000,-76.502238,-22.950671
39.940000,-65.005876,-19.501763
39.945000,-68.585821,-20.575746
39.950000,-56.650166,-16.995050
39.955000,-42.748711,-12.824613
39.960000,-15.472395,-4.641719
39.965000,-6.142011,-1.842603
39.970000,19.239439,5.771832
39.975000,20.311241,6.093372
39.980000,35.872544,10.761763
39.985000,59.284743,17.785423
39.990000,82.887993,24.866398
39.995000,117.107250,35.132175
40.000000,138.578557,41.573567
40.005000,171.314358,51.394307
40.010000,192.198291,57.659487
40.015000,212.748719,63.824616
40.020000,239.302196,71.790659
40.025000,254.299406,76.289822
40.030000,286.789039,86.036712
40.035000,299.437136,89.831141
40.040000,326.893847,98.068154
40.045000,344.827101,103.448130
40.050000,355.013012,106.503904
40.055000,340.184050,102.055215
40.060000,365.849742,109.754923
40.065000,367.624204,110.287261
40.070000,343.536964,103.061089
40.075000,354.871646,106.461494
40.080000,349.950805,104.985242
40.085000,329.630001,98.889000
40.090000,326.347541,97.904262
40.095000,311.554892,93.466468
40.100000,294.657814,88.397344
40.105000,291.570295,87.471089
40.110000,284.583085,85.374925
40.115000,245.467681,73.640304
40.120000,227.259387,68.177816
40.125000,197.789257,59.336777
40.130000,159.328950,47.798685
40.135000,117.025606,35.107682
40.140000,93.884005,28.165202
40.145000,56.320020,16.896006
40.150000,25.011281,7.503384
40.155000,6.068998,1.820699
40.160000,-5.869120,-1.760736
40.165000,-5.072273,-1.521682
40.170000,-6.683561,-2.005068
40.175000,-0.565892,-0.169768
40.180000,5.164158,1.549247
40.185000,7.847134,2.354140
40.190000,-1.512192,-0.453658
40.195000,6.432887,1.929866
40.200000,29.722576,8.916773
40.205000,32.217312,9.665194
40.210000,35.721201,10.716360
40.215000,39.681337,11.904401
40.220000,61.722841,18.516852
40.225000,65.363383,19.609015
40.230000,105.180783,31.554235
40.235000,130.146452,39.043936
40.240000,174.156943,52.247083
40.245000,203.759262,61.127778
40.250000,244.809421,73.442826
40.255000,245.656184,73.696855
40.260000,286.211083,85.863325
40.265000,304.835851,91.450755
40.270000,320.424389,96.127317
40.275000,327.278097,98.183429
40.280000,354.781231,106.434369
40.285000,357.994330,107.398299
40.290000,355.353672,106.606102
40.295000,373.228228,111.968468
40.300000,386.350978,115.905293
40.305000,389.198597,116.759579
40.310000,395.487128,118.646138
40.315000,432.680263,129.804079
40.320000,429.446789,128.834037
40.325000,420.603986,126.181196
40.330000,433.100912,129.930274
40.335000,416.190089,124.857027
40.340000,383.147063,114.944119
40.345000,359.554393,107.866318
40.350000,342.280104,102.684031
40.355000,314.299556,94.289867
40.360000,303.216572,90.964972
40.365000,275.692693,82.707808
40.370000,255.202965,76.560889
40.375000,233.511680,70.053504
40.380000,200.386662,60.115999
40.385000,171.736838,51.521051
40.390000,148.767846,44.630354
40.395000,122.141150,36.642345
40.400000,101.437149,30.431145
40.405000,78.032713,23.409814
40.410000,65.193556,19.558067
40.415000,55.349252,16.604776
40.420000,42.590682,12.777205
40.425000,29.001834,8.700550
40.430000,27.859333,8.357800
40.435000,20.967667,6.290300
40.440000,24.125993,7.237798
40.445000,33.588813,10.076644
40.450000,38.594360,11.578308
40.455000,63.459300,19.037790
40.460000,84.584036,25.375211
40.465000,100.043792,30.013138
40.470000,126.983964,38.095189
40.475000,156.352005,46.905602
40.480000,165.092094,49.527628
40.485000,182.124898,54.637470
40.490000,226.558757,67.967627
40.495000,252.216554,75.664966
40.500000,283.504582,85.051375
40.505000,308.173372,92.452011
40.510000,337.494649,101.248395
40.515000,358.844833,107.653450
40.520000,377.798117,113.339435
40.525000,399.863201,119.958960
40.530000,432.665312,129.799594
40.535000,450.796407,135.238922
40.540000,460.840800,138.252240
40.545000,471.998650,141.599595
40.550000,477.343142,143.202943
40.555000,469.513798,140.854140
40.560000,488.707983,146.612395
40.565000,479.381591,143.814477
40.570000,475.845466,142.753640
40.575000,477.049504,143.114851
40.580000,469.417800,140.825340
40.585000,437.301121,131.190336
40.590000,414.612637,124.383791
40.595000,397.222301,119.166690
40.600000,364.561029,109.368309
40.605000,351.813065,105.543920
40.610000,328.607797,98.582339
40.615000,306.599993,91.979998
40.620000,279.920339,83.976102
40.625000,257.376227,77.212868
40.630000,224.558980,67.367694
40.635000,208.546870,62.564061
40.640000,194.910632,58.473190
40.645000,175.986302,52.795891
40.650000,146.875816,44.062745
40.655000,135.870757,40.761227
40.660000,101.886987,30.566096
40.665000,83.706053,25.111816
40.670000,71.193311,21.357993
40.675000,66.932136,20.079641
40.680000,50.587382,15.176215
40.685000,52.270110,15.681033
40.690000,67.023991,20.107197
40.695000,68.044317,20.413295
40.700000,77.536904,23.261071
40.705000,100.893551,30.268065
40.710000,121.876240,36.562872
40.715000,129.185474,38.755642
40.720000,139.193633,41.758090
40.725000,151.965273,45.589582
40.730000,191.708849,57.512655
40.735000,211.081932,63.324580
40.740000,224.757908,67.427372
40.745000,260.347902,78.104371
40.750000,301.666622,90.499987
40.755000,291.986870,87.596061
40.760000,319.330126,95.799038
40.765000,345.384367,103.615310
40.770000,372.201688,111.660506
40.775000,387.217703,116.165311
40.780000,411.774064,123.532219
40.785000,420.200761,126.060228
40.790000,416.484332,124.945300
40.795000,431.027315,129.308195
40.800000,427.678130,128.303439
40.805000,434.977141,130.493142
40.810000,457.685888,137.305766
40.815000,473.300047,141.990014
40.820000,467.345911,140.203773
40.825000,470.827477,141.248243
40.830000,470.089892,141.026968
40.835000,445.395820,133.618746
40.840000,429.925447,128.977634
40.845000,418.401614,125.520484
40.850000,398.595609,119.578683
40.855000,361.651684,108.495505
40.860000,336.116003,100.834801
40.865000,320.238132,96.071440
40.870000,276.514702,82.954411
40.875000,259.466183,77.839855
40.880000,250.508298,75.152489
40.885000,244.593558,73.378068
40.890000,211.503944,63.451183
40.895000,202.313673,60.694102
40.900000,162.069709,48.620913
40.905000,133.455386,40.036616
40.910000,100.578975,30.173693
40.915000,93.717093,28.115128
40.920000,75.924249,22.777275
40.925000,78.635068,23.590520
40.930000,70.694885,21.208465
40.935000,63.104487,18.931346
40.940000,62.098390,18.629517
40.945000,69.734116,20.920235
40.950000,81.355500,24.406650
40.955000,102.710962,30.813289
40.960000,127.103792,38.131138
40.965000,125.399052,37.619715
40.970000,134.001782,40.200534
40.975000,146.900360,44.070108
40.980000,155.207924,46.562377
40.985000,176.527128,52.958139
40.990000,219.682899,65.904870
40.995000,247.206057,74.161817
41.000000,274.098556,82.229567
41.005000,313.458487,94.037546
41.010000,327.058949,98.117685
41.015000,342.408886,102.722666
41.020000,372.531018,111.759305
41.025000,396.018395,118.805519
41.030000,416.156952,124.847085
41.035000,438.439977,131.531993
41.040000,460.937076,138.281123
41.045000,461.465260,138.439578
41.050000,459.455925,137.836778
41.055000,454.285254,136.285576
41.060000,433.784128,130.135238
41.065000,430.697356,129.209207
41.070000,438.692783,131.607835
41.075000,439.746136,131.923841
41.080000,428.377881,128.513364
41.085000,444.451659,133.335498
41.090000,425.712622,127.713787
41.095000,408.058600,122.417580
41.100000,404.387701,121.316310
41.105000,389.869451,116.960835
41.110000,365.440410,109.632123
41.115000,345.095303,103.528591
41.120000,314.259429,94.277829
41.125000,273.915312,82.174594
41.130000,243.228067,72.968420
41.135000,219.064835,65.719450
41.140000,178.429535,53.528860
41.145000,151.110997,45.333299
41.150000,132.193693,39.658108
41.155000,105.225665,31.567700
41.160000,78.278785,23.483636
41.165000,69.899373,20.969812
41.170000,62.553240,18.765972
41.175000,54.214113,16.264234
41.180000,64.866497,19.459949
41.185000,65.676035,19.702811
41.190000,64.790815,19.437244
41.195000,65.784579,19.735374
41.200000,69.057433,20.717230
41.205000,77.248966,23.174690
41.210000,68.367219,20.510166
41.215000,90.726370,27.217911
41.220000,91.269036,27.380711
41.225000,110.977916,33.293375
41.230000,124.028831,37.208649
41.235000,166.204696,49.861409
41.240000,193.240520,57.972156
41.245000,234.045193,70.213558
41.250000,247.903703,74.371111
41.255000,271.450264,81.435079
41.260000,300.668457,90.200537
41.265000,316.081439,94.824432
41.270000,335.249523,100.574857
41.275000,351.298327,105.389498
41.280000,375.992377,112.797713
41.285000,379.306035,113.791810
41.290000,388.427384,116.528215
41.295000,396.034245,118.810273
41.300000,407.098922,122.129677
41.305000,401.682386,120.504716
41.310000,417.552081,125.265624
41.315000,428.399042,128.519713
41.320000,438.659220,131.597766
41.325000,449.450395,134.835119
41.330000,434.375465,130.312640
41.335000,415.286247,124.585874
41.340000,404.994939,121.498482
41.345000,393.530505,118.059151
41.350000,351.079889,105.323967
41.355000,324.893047,97.467914
41.360000,301.126503,90.337951
41.365000,262.272587,78.681776
41.370000,211.508763,63.452629
41.375000,199.190961,59.757288
41.380000,178.014348,53.404304
41.385000,131.459391,39.437817
41.390000,108.969366,32.690810
41.395000,93.798928,28.139679
41.400000,73.553189,22.065957
41.405000,66.398317,19.919495
41.410000,66.917879,20.075364
41.415000,49.516232,14.854870
41.420000,30.356798,9.107039
41.425000,2.642782,0.792835
41.430000,-15.157814,-4.547344
41.435000,-13.113908,-3.934173
41.440000,-7.368694,-2.210608
41.445000,15.497770,4.649331
41.450000,32.118990,9.635697
41.455000,30.039633,9.011890
41.460000,39.788639,11.936592
41.465000,56.444266,16.933280
41.470000,47.985888,14.395766
41.475000,55.114687,16.534406
41.480000,90.043663,27.013099
41.485000,110.817808,33.245342
41.490000,117.152940,35.145882
41.495000,147.075762,44.122729
41.500000,177.454906,53.236472
41.505000,191.243697,57.373109
41.510000,199.336387,59.800916
41.515000,231.752832,69.525849
41.520000,253.129656,75.938897
41.525000,274.040329,82.212099
41.530000,281.394684,84.418405
41.535000,320.884705,96.265412
41.540000,326.260517,97.878155
41.545000,339.047832,101.714350
41.550000,343.613231,103.083969
41.555000,371.557497,111.467249
41.560000,348.711108,104.613332
41.565000,355.514377,106.654313
41.570000,350.848824,105.254647
41.575000,359.178141,107.753442
41.580000,337.539540,101.261862
41.585000,330.879226,99.263768
41.590000,312.471927,93.741578
41.595000,311.579685,93.473905
41.600000,272.825573,81.847672
41.605000,261.077565,78.323269
41.610000,237.167756,71.150327
41.615000,216.317451,64.895235
41.620000,179.502103,53.850631
41.625000,165.626833,49.688050
41.630000,139.202388,41.760716
41.635000,120.526702,36.158011
41.640000,88.634015,26.590204
41.645000,58.124712,17.437414
41.650000,22.045578,6.613673
41.655000,-3.166059,-0.949818
41.660000,-29.506414,-8.851924
41.665000,-42.871086,-12.861326
41.670000,-48.839491,-14.651847
41.675000,-43.655638,-13.096691
41.680000,-44.738727,-13.421618
41.685000,-34.731329,-10.419399
41.690000,-52.133656,-15.640097
41.695000,-52.464364,-15.739309
41.700000,-50.461058,-15.138317
41.705000,-46.697836,-14.009351
41.710000,-54.140522,-16.242157
41.715000,-18.111789,-5.433537
41.720000,3.426480,1.027944
41.725000,29.676998,8.903099
41.730000,49.842738,14.952821
41.735000,86.289517,25.886855
41.740000,111.889931,33.566979
41.745000,140.586051,42.175815
41.750000,166.045478,49.813643
41.755000,191.728156,57.518447
41.760000,211.124016,63.337205
41.765000,228.125502,68.437651
41.770000,237.548333,71.264500
41.775000,244.480795,73.344238
41.780000,267.529669,80.258901
41.785000,277.607168,83.282150
41.790000,283.868474,85.160542
41.795000,295.837492,88.751248
41.800000,303.391949,91.017585
41.805000,300.779161,90.233748
41.810000,292.260497,87.678149
41.815000,303.350631,91.005189
41.820000,296.354577,88.906373
41.825000,292.426864,87.728059
41.830000,287.495427,86.248628
41.835000,291.771286,87.531386
41.840000,264.523617,79.357085
41.845000,261.610570,78.483171
41.850000,238.720114,71.616034
41.855000,220.350227,66.105068
41.860000,208.929932,62.678980
41.865000,184.588663,55.376599
41.870000,144.272158,43.281647
41.875000,115.349452,34.604836
41.880000,89.816551,26.944965
41.885000,47.575609,14.272683
41.890000,18.990499,5.697150
41.895000,4.567309,1.370193
41.900000,-4.414066,-1.324220
41.905000,-39.589475,-11.876842
41.910000,-46.213097,-13.863929
41.915000,-52.100664,-15.630199
41.920000,-54.533904,-16.360171
41.925000,-58.696593,-17.608978
41.930000,-63.395944,-19.018783
41.935000,-78.628751,-23.588625
41.940000,-87.806358,-26.341907
41.945000,-105.353893,-31.606168
41.950000,-112.821593,-33.846478
41.955000,-94.695476,-28.408643
41.960000,-80.848624,-24.254587
41.965000,-71.584722,-21.475416
41.970000,-62.561480,-18.768444
41.975000,-33.726194,-10.117858
41.980000,-10.268176,-3.080453
41.985000,9.622771,2.886831
41.990000,42.767626,12.830288
41.995000,71.418278,21.425483
42.000000,84.938629,25.481589
42.005000,87.457856,26.237357
42.010000,119.287340,35.786202
42.015000,138.286157,41.485847
42.020000,162.524794,48.757438
42.025000,163.371152,49.011346
42.030000,196.443782,58.933135
42.035000,216.147136,64.844141
42.040000,217.997239,65.399172
42.045000,239.715565,71.914670
42.050000,271.014889,81.304467
42.055000,269.028738,80.708622
42.060000,249.010714,74.703214
42.065000,274.128531,82.238559
42.070000,260.548321,78.164496
42.075000,254.407261,76.322178
42.080000,247.876442,74.362933
42.085000,240.995672,72.298702
42.090000,223.207148,66.962145
42.095000,195.941243,58.782373
42.100000,178.165398,53.449619
42.105000,145.496045,43.648814
42.110000,121.025388,36.307616
42.115000,78.639265,23.591779
42.120000,70.523539,21.157062
42.125000,24.452322,7.335696
42.130000,2.713443,0.814033
42.135000,-10.563180,-3.168954
42.140000,-22.318805,-6.695642
42.145000,-39.001235,-11.700371
42.150000,-33.448549,-10.034565
42.155000,-40.062842,-12.018853
42.160000,-57.708817,-17.312645
42.165000,-88.851351,-26.655405
42.170000,-125.115725,-37.534718
42.175000,-151.603987,-45.481196
42.180000,-164.575157,-49.372547
42.185000,-184.155903,-55.246771
42.190000,-177.951097,-53.385329
42.195000,-175.160792,-52.548238
42.200000,-158.887173,-47.666152
42.205000,-145.628538,-43.688561
42.210000,-126.141926,-37.842578
42.215000,-106.949403,-32.084821
42.220000,-81.622929,-24.486879
42.225000,-76.301612,-22.890484
42.230000,-60.923748,-18.277125
42.235000,-49.377984,-14.813395
42.240000,-18.795034,-5.638510
42.245000,10.473673,3.142102
42.250000,43.131118,12.939336
42.255000,73.358188,22.007456
42.260000,113.497008,34.049102
42.265000,147.389439,44.216832
42.270000,163.838110,49.151433
42.275000,171.677994,51.503398
42.280000,178.890076,53.667023
42.285000,198.282715,59.484814
42.290000,205.145684,61.543705
42.295000,221.153123,66.345937
42.300000,246.527947,73.958384
42.305000,261.812243,78.543673
42.310000,247.710310,74.313093
42.315000,233.720845,70.116253
42.320000,210.425049,63.127515
42.325000,194.405665,58.321699
42.330000,172.919967,51.875990
42.335000,172.597700,51.779310
42.340000,161.611014,48.483304
42.345000,143.006899,42.902070
42.350000,131.904901,39.571470
42.355000,126.652551,37.995765
42.360000,92.216011,27.664803
42.365000,70.439945,21.131984
42.370000,65.910704,19.773211
42.375000,32.718622,9.815587
42.380000,8.116724,2.435017
42.385000,-4.706888,-1.412066
42.390000,-21.716716,-6.515015
42.395000,-48.759425,-14.627827
42.400000,-69.236345,-20.770904
42.405000,-91.453643,-27.436093
42.410000,-104.289393,-31.286818
42.415000,-125.574059,-37.672218
42.420000,-142.741511,-42.822453
42.425000,-156.970659,-47.091198
42.430000,-170.183207,-51.054962
42.435000,-183.916435,-55.174931
42.440000,-184.409024,-55.322707
42.445000,-176.647551,-52.994265
42.450000,-165.117857,-49.535357
42.455000,-153.139898,-45.941969
42.460000,-135.419634,-40.625890
42.465000,-110.279674,-33.083902
42.470000,-85.211764,-25.563529
42.475000,-69.715865,-20.914759
42.480000,-45.305718,-13.591715
42.485000,-26.483225,-7.944967
42.490000,-15.433787,-4.630136
42.495000,-1.932415,-0.579724
42.500000,22.743726,6.823118
42.505000,34.073798,10.222139
42.510000,42.313758,12.694127
42.515000,68.509475,20.552842
42.520000,102.251423,30.675427
42.525000,121.324768,36.397430
42.530000,155.106709,46.532013
42.535000,188.346414,56.503924
42.540000,203.786392,61.135917
42.545000,200.634466,60.190340
42.550000,215.165938,64.549781
42.555000,216.759867,65.027960
42.560000,204.655433,61.396630
42.565000,204.285819,61.285746
42.570000,206.426691,61.928007
42.575000,182.965619,54.889686
42.580000,179.735719,53.920716
42.585000,185.878406,55.763522
42.590000,171.201454,51.360436
42.595000,158.038342,47.411503
42.600000,154.805235,46.441570
42.605000,120.484812,36.145444
42.610000,94.794382,28.438315
42.615000,66.255075,19.876523
42.620000,56.183322,16.854997
42.625000,48.824402,14.647321
42.630000,28.549625,8.564887
42.635000,4.384974,1.315492
42.640000,-13.433101,-4.029930
42.645000,-48.655336,-14.596601
42.650000,-89.165624,-26.749687
42.655000,-112.184578,-33.655373
42.660000,-110.901799,-33.270540
42.665000,-119.655895,-35.896768
42.670000,-147.812452,-44.343736
42.675000,-165.024375,-49.507313
42.680000,-169.566291,-50.869887
42.685000,-185.602395,-55.680719
42.690000,-189.155568,-56.746670
42.695000,-176.231962,-52.869589
42.700000,-168.438651,-50.531595
42.705000,-150.685660,-45.205698
42.710000,-135.202254,-40.560676
42.715000,-124.260704,-37.278211
42.720000,-107.831947,-32.349584
42.725000,-71.048916,-21.314675
42.730000,-51.523073,-15.456922
42.735000,-41.696219,-12.508866
42.740000,-16.588994,-4.976698
42.745000,2.361898,0.708569
42.750000,30.951460,9.285438
42.755000,60.610200,18.183060
42.760000,86.763649,26.029095
42.765000,112.097469,33.629241
42.770000,155.141353,46.542406
42.775000,152.743476,45.823043
42.780000,167.928225,50.378468
42.785000,206.239572,61.871872
42.790000,207.859521,62.357856
42.795000,209.523055,62.856917
42.800000,224.946596,67.483979
42.805000,232.361254,69.708376
42.810000,204.611212,61.383363
42.815000,204.667576,61.400273
42.820000,199.267705,59.780312
42.825000,205.835833,61.750750
42.830000,200.721024,60.216307
42.835000,211.307330,63.392199
42.840000,218.825067,65.647520
42.845000,211.950753,63.585226
42.850000,197.973342,59.392003
42.855000,166.864819,50.059446
42.860000,140.305941,42.091782
42.865000,133.051660,39.915498
42.870000,121.377549,36.413265
42.875000,97.760183,29.328055
42.880000,86.867489,26.060247
42.885000,71.900190,21.570057
42.890000,20.728336,6.218501
42.895000,-3.617696,-1.085309
42.900000,-33.475313,-10.042594
42.905000,-58.476913,-17.543074
42.910000,-65.561967,-19.668590
42.915000,-92.681747,-27.804524
42.920000,-116.480502,-34.944151
42.925000,-135.487764,-40.646329
42.930000,-145.399672,-43.619902
42.935000,-165.499685,-49.649905
42.940000,-151.123806,-45.337142
42.945000,-148.613165,-44.583949
42.950000,-134.040224,-40.212067
42.955000,-119.630838,-35.889251
42.960000,-115.280859,-34.584258
42.965000,-99.934139,-29.980242
42.970000,-94.143359,-28.243008
42.975000,-62.721277,-18.816383
42.980000,-50.003894,-15.001168
42.985000,-11.598840,-3.479652
42.990000,12.974810,3.892443
42.995000,47.073454,14.122036
43.000000,77.189045,23.156713
43.005000,114.214718,34.264415
43.010000,119.416920,35.825076
43.015000,151.432620,45.429786
43.020000,154.604953,46.381486
43.025000,169.561932,50.868580
43.030000,185.846796,55.754039
43.035000,207.884162,62.365249
43.040000,220.289992,66.086998
43.045000,253.800700,76.140210
43.050000,277.756237,83.326871
43.055000,284.677029,85.403109
43.060000,315.202626,94.560788
43.065000,326.501007,97.950302
43.070000,321.947744,96.584323
43.075000,294.397058,88.319118
43.080000,300.065531,90.019659
43.085000,272.543925,81.763177
43.090000,249.123624,74.737087
43.095000,235.761766,70.728530
43.100000,214.303229,64.290969
43.105000,180.722077,54.216623
43.110000,152.498915,45.749674
43.115000,116.246393,34.873918
43.120000,92.303677,27.691103
43.125000,92.015684,27.604705
43.130000,83.772972,25.131892
43.135000,67.266439,20.179932
43.140000,57.646025,17.293807
43.145000,42.375228,12.712568
43.150000,18.875600,5.662680
43.155000,-9.707061,-2.912118
43.160000,-29.131307,-8.739392
43.165000,-47.006386,-14.101916
43.170000,-53.094508,-15.928352
43.175000,-51.365600,-15.409680
43.180000,-64.032284,-19.209685
43.185000,-78.607304,-23.582191
43.190000,-67.964915,-20.389475
43.195000,-73.338812,-22.001644
43.200000,-85.583292,-25.674988
43.205000,-60.423879,-18.127164
43.210000,-30.378601,-9.113580
43.215000,-31.510588,-9.453176
43.220000,-28.224761,-8.467428
43.225000,-9.246522,-2.773957
43.230000,-5.987996,-1.796399
43.235000,19.619919,5.885976
43.240000,45.028872,13.508661
43.245000,83.632527,25.089758
43.250000,98.479671,29.543901
43.255000,130.994480,39.298344
43.260000,150.922848,45.276854
43.265000,190.821543,57.246463
43.270000,228.183961,68.455188
43.275000,260.768634,78.230590
43.280000,277.266671,83.180001
43.285000,314.739883,94.421965
43.290000,328.787288,98.636186
43.295000,336.190548,100.857164
43.300000,352.887752,105.866326
43.305000,378.742374,113.622712
43.310000,375.483672,112.645102
43.315000,379.132435,113.739730
43.320000,378.364315,113.509295
43.325000,361.553415,108.466024
43.330000,336.990683,101.097205
43.335000,317.127970,95.138391
43.340000,298.840945,89.652283
43.345000,276.816123,83.044837
43.350000,267.914519,80.374356
43.355000,252.910639,75.873192
43.360000,228.757679,68.627304
43.365000,192.304798,57.691440
43.370000,175.289054,52.586716
43.375000,153.578753,46.073626
43.380000,122.417781,36.725334
43.385000,106.258484,31.877545
43.390000,99.604570,29.881371
43.395000,71.913319,21.573996
43.400000,32.463492,9.739048
43.405000,11.620855,3.486257
43.410000,-13.218827,-3.965648
43.415000,-17.126064,-5.137819
43.420000,-35.542496,-10.662749
43.425000,-31.763069,-9.528921
43.430000,-36.137422,-10.841227
43.435000,-37.308530,-11.192559
43.440000,-46.352003,-13.905601
43.445000,-51.801593,-15.540478
43.450000,-64.334473,-19.300342
43.455000,-39.832762,-11.949829
43.460000,-22.424449,-6.727335
43.465000,-14.129915,-4.238975
43.470000,28.453233,8.535970
43.475000,79.301523,23.790457
43.480000,79.566569,23.869971
43.485000,101.759210,30.527763
43.490000,140.411226,42.123368
43.495000,153.081212,45.924364
43.500000,168.965697,50.689709
43.505000,219.466651,65.839995
43.510000,244.406452,73.321936
43.515000,250.945179,75.283554
43.520000,274.591935,82.377580
43.525000,288.769915,86.630974
43.530000,305.985792,91.795738
43.535000,312.594138,93.778241
43.540000,345.972932,103.791880
43.545000,351.451639,105.435492
43.550000,372.689691,111.806907
43.555000,363.822228,109.146668
43.560000,379.252387,113.775716
43.565000,380.443678,114.133103
43.570000,400.437507,120.131252
43.575000,405.277728,121.583318
43.580000,408.055075,122.416523
43.585000,400.346699,120.104010
43.590000,380.273846,114.082154
43.595000,360.031216,108.009365
43.600000,328.050842,98.415252
43.605000,317.339901,95.201970
43.610000,297.342461,89.202738
43.615000,281.722365,84.516709
43.620000,256.919661,77.075898
43.625000,241.432778,72.429833
43.630000,202.693105,60.807931
43.635000,173.046707,51.914012
43.640000,130.633437,39.190031
43.645000,102.667080,30.800124
43.650000,75.569652,22.670896
43.655000,69.672779,20.901834
43.660000,46.664056,13.999217
43.665000,69.020613,20.706184
43.670000,59.224178,17.767253
43.675000,62.357398,18.707219
43.680000,58.642778,17.592833
43.685000,46.299327,13.889798
43.690000,19.218756,5.765627
43.695000,36.008979,10.802694
43.700000,13.670407,4.101122
43.705000,21.617922,6.485377
43.710000,47.411360,14.223408
43.715000,61.393471,18.418041
43.720000,69.438099,20.831430
43.725000,94.096258,28.228877
43.730000,111.547370,33.464211
43.735000,137.251583,41.175475
43.740000,159.690220,47.907066
43.745000,188.988727,56.696618
43.750000,257.842756,77.352827
43.755000,284.881489,85.464447
43.760000,319.934023,95.980207
43.765000,350.186754,105.056026
43.770000,362.283737,108.685121
43.775000,358.258928,107.477679
43.780000,387.765393,116.329618
43.785000,402.790174,120.837052
43.790000,425.820224,127.746067
43.795000,442.617794,132.785338
43.800000,470.675894,141.202768
43.805000,452.296410,135.688923
43.810000,459.312165,137.793649
43.815000,457.212421,137.163726
43.820000,458.691929,137.607579
43.825000,424.024306,127.207292
43.830000,419.525943,125.857783
43.835000,401.515526,120.454658
43.840000,383.856411,115.156923
43.845000,355.464056,106.639217
43.850000,337.140731,101.142219
43.855000,330.138099,99.041430
43.860000,318.160782,95.448235
43.865000,289.589526,86.876858
43.870000,269.624547,80.887364
43.875000,247.851567,74.355470
43.880000,238.703559,71.611068
43.885000,210.256757,63.077027
43.890000,190.888880,57.266664
43.895000,182.349332,54.704799
43.900000,185.866827,55.760048
43.905000,156.586528,46.975958
43.910000,124.571084,37.371325
43.915000,110.161081,33.048324
43.920000,87.275544,26.182663
43.925000,57.407186,17.222156
43.930000,32.528806,9.758642
43.935000,38.140544,11.442163
43.940000,30.604117,9.181235
43.945000,40.156344,12.046903
43.950000,49.949850,14.984955
43.955000,58.043549,17.413065
43.960000,60.025882,18.007765
43.965000,80.042226,24.012668
43.970000,100.141251,30.042375
43.975000,123.494018,37.048205
43.980000,155.883904,46.765171
43.985000,166.181056,49.854317
43.990000,190.314829,57.094449
43.995000,204.193382,61.258015
44.000000,222.957429,66.887229
44.005000,239.113691,71.734107
44.010000,287.128131,86.138439
44.015000,309.967627,92.990288
44.020000,360.708306,108.212492
44.025000,390.546690,117.164007
44.030000,418.422045,125.526613
44.035000,438.980569,131.694171
44.040000,458.392929,137.517879
44.045000,450.493197,135.147959
44.050000,451.095990,135.328797
44.055000,458.989484,137.696845
44.060000,470.987449,141.296235
44.065000,478.829788,143.648936
44.070000,476.859378,143.057813
44.075000,484.747476,145.424243
44.080000,477.631815,143.289544
44.085000,449.600597,134.880179
44.090000,414.315121,124.294536
44.095000,389.219354,116.765806
44.100000,358.823849,107.647155
44.105000,339.148943,101.744683
44.110000,333.067093,99.920128
44.115000,318.709694,95.612908
44.120000,293.261431,87.978429
44.125000,274.980418,82.494125
44.130000,256.248538,76.874561
44.135000,219.174308,65.752292
44.140000,202.664059,60.799218
44.145000,197.489203,59.246761
44.150000,172.709573,51.812872
44.155000,143.501964,43.050589
44.160000,113.483281,34.044984
44.165000,106.657648,31.997294
44.170000,88.686657,26.605997
44.175000,77.864451,23.359335
44.180000,68.304051,20.491215
44.185000,71.800763,21.540229
44.190000,60.320776,18.096233
44.195000,57.390135,17.217040
44.200000,71.365838,21.409751
44.205000,74.544938,22.363481
44.210000,108.120741,32.436222
44.215000,123.866745,37.160023
44.220000,151.329900,45.398970
44.225000,153.978270,46.193481
44.230000,187.557160,56.267148
44.235000,208.369198,62.510759
44.240000,232.744626,69.823388
44.245000,235.942164,70.782649
44.250000,265.970196,79.791059
44.255000,292.367951,87.710385
44.260000,295.835913,88.750774
44.265000,307.015225,92.104568
44.270000,343.205397,102.961619
44.275000,359.213420,107.764026
44.280000,379.497471,113.849241
44.285000,398.239749,119.471925
44.290000,409.609704,122.882911
44.295000,413.332768,123.999830
44.300000,441.892670,132.567801
44.305000,435.471574,130.641472
44.310000,447.707340,134.312202
44.315000,464.101829,139.230549
44.320000,459.250141,137.775042
44.325000,449.462309,134.838693
44.330000,448.224409,134.467323
44.335000,439.395663,131.818699
44.340000,408.818255,122.645477
44.345000,384.848016,115.454405
44.350000,334.287507,100.286252
44.355000,309.756920,92.927076
44.360000,281.229231,84.368769
44.365000,276.219322,82.865797
44.370000,277.067682,83.120305
44.375000,271.631641,81.489492
44.380000,245.500341,73.650102
44.385000,225.834795,67.750439
44.390000,207.951255,62.385376
44.395000,166.260058,49.878017
44.400000,151.628431,45.488529
44.405000,131.968748,39.590625
44.410000,107.993581,32.398074
44.415000,87.007164,26.102149
44.420000,74.662034,22.398610
44.425000,51.321067,15.396320
44.430000,51.854071,15.556221
44.435000,50.646048,15.193814
44.440000,41.457539,12.437262
44.445000,49.312587,14.793776
44.450000,67.530647,20.259194
44.455000,67.906335,20.371900
44.460000,85.753416,25.726025
44.465000,105.349441,31.604832
44.470000,134.875299,40.462590
44.475000,159.773456,47.932037
44.480000,190.187348,57.056204
44.485000,204.528848,61.358654
44.490000,225.407798,67.622340
44.495000,232.816432,69.844930
44.500000,269.920346,80.976104
44.505000,285.683176,85.704953
44.510000,315.756440,94.726932
44.515000,348.896984,104.669095
44.520000,364.771564,109.431469
44.525000,355.839880,106.751964
44.530000,373.102076,111.930623
44.535000,377.170441,113.151132
44.540000,370.179160,111.053748
44.545000,388.324840,116.497452
44.550000,413.792545,124.137763
44.555000,428.252988,128.475896
44.560000,438.890954,131.667286
44.565000,448.511603,134.553481
44.570000,435.438243,130.631473
44.575000,423.645921,127.093776
44.580000,411.230577,123.369173
44.585000,389.398605,116.819581
44.590000,375.265681,112.579704
44.595000,369.018994,110.705698
44.600000,339.129647,101.738894
44.605000,305.776293,91.732888
44.610000,285.474626,85.642388
44.615000,251.548836,75.464651
44.620000,231.266469,69.379941
44.625000,212.418389,63.725517
44.630000,196.986746,59.096024
44.635000,175.397539,52.619262
44.640000,154.920403,46.476121
44.645000,143.967020,43.190106
44.650000,104.051698,31.215509
44.655000,90.801684,27.240505
44.660000,76.999323,23.099797
44.665000,65.147380,19.544214
44.670000,31.719520,9.515856
44.675000,34.704637,10.411391
44.680000,8.469492,2.540848
44.685000,-9.540903,-2.862271
44.690000,-11.924781,-3.577434
44.695000,-18.897459,-5.669238
44.700000,-5.132963,-1.539889
44.705000,21.568852,6.470656
44.710000,16.285846,4.885754
44.715000,18.554184,5.566255
44.720000,50.204689,15.061407
44.725000,63.561856,19.068557
44.730000,75.759590,22.727877
44.735000,128.401041,38.520312
44.740000,169.694927,50.908478
44.745000,198.123766,59.437130
44.750000,234.816836,70.445051
44.755000,258.204387,77.461316
44.760000,285.403782,85.621135
44.765000,289.323792,86.797138
44.770000,303.054896,90.916469
44.775000,299.164834,89.749450
44.780000,328.425159,98.527548
44.785000,356.360639,106.908192
44.790000,387.407138,116.222141
44.795000,389.117255,116.735176
44.800000,406.177344,121.853203
44.805000,400.466508,120.139953
44.810000,385.472858,115.641858
44.815000,388.800413,116.640124
44.820000,402.632909,120.789873
44.825000,375.031711,112.509513
44.830000,375.419519,112.625856
44.835000,356.692261,107.007678
44.840000,327.672038,98.301611
44.845000,313.104835,93.931450
44.850000,311.734825,93.520447
44.855000,267.550050,80.265015
44.860000,237.105963,71.131789
44.865000,217.064891,65.119467
44.870000,187.228015,56.168405
44.875000,175.210572,52.563171
44.880000,158.645185,47.593556
44.885000,139.732113,41.919634
44.890000,127.266283,38.179885
44.895000,92.516334,27.754900
44.900000,69.860035,20.958010
44.905000,52.641397,15.792419
44.910000,39.983143,11.994943
44.915000,9.241165,2.772349
44.920000,2.061940,0.618582
44.925000,-23.679610,-7.103883
44.930000,-38.352032,-11.505610
44.935000,-45.599522,-13.679857
44.940000,-50.040073,-15.012022
44.945000,-47.955811,-14.386743
44.950000,-38.435866,-11.530760
44.955000,-26.980156,-8.094047
44.960000,-16.521834,-4.956550
44.965000,0.487450,0.146235
44.970000,28.030229,8.409069
44.975000,45.497475,13.649242
44.980000,62.920311,18.876093
44.985000,83.746557,25.123967
44.990000,113.628915,34.088675
44.995000,121.653238,36.495972
45.000000,144.455484,43.336645
45.005000,171.090640,51.327192
45.010000,198.312206,59.493662
45.015000,218.892013,65.667604
45.020000,245.637669,73.691301
45.025000,253.835006,76.150502
45.030000,265.569688,79.670906
45.035000,259.294934,77.788480
45.040000,276.210793,82.863238
45.045000,292.493780,87.748134
45.050000,324.089808,97.226942
45.055000,338.890971,101.667291
45.060000,371.117860,111.335358
45.065000,363.286566,108.985970
45.070000,349.185895,104.755768
45.075000,319.099238,95.729771
45.080000,301.328593,90.398578
45.085000,274.190762,82.257229
45.090000,265.950600,79.785180
45.095000,261.870736,78.561221
45.100000,249.978117,74.993435
45.105000,236.895477,71.068643
45.110000,219.999201,65.999760
45.115000,181.478611,54.443583
45.120000,128.680234,38.604070
45.125000,100.238979,30.071694
45.130000,59.605206,17.881562
45.135000,29.103801,8.731140
45.140000,9.171261,2.751378
45.145000,-2.336062,-0.700819
45.150000,-19.960746,-5.988224
45.155000,-25.053810,-7.516143
45.160000,-48.255547,-14.476664
45.165000,-55.874211,-16.762263
45.170000,-80.967116,-24.290135
45.175000,-89.448585,-26.834576
45.180000,-97.527044,-29.258113
45.185000,-100.626135,-30.187841
45.190000,-121.530370,-36.459111
45.195000,-100.988896,-30.296669
45.200000,-101.681728,-30.504518
45.205000,-90.352868,-27.105860
45.210000,-66.842221,-20.052666
45.215000,-40.433193,-12.129958
45.220000,-29.393949,-8.818185
45.225000,2.186936,0.656081
45.230000,19.123073,5.736922
45.235000,27.233959,8.170188
45.240000,51.485675,15.445703
45.245000,79.573846,23.872154
45.250000,97.361615,29.208485
45.255000,119.928120,35.978436
45.260000,149.873575,44.962072
45.265000,170.480189,51.144057
45.270000,180.335216,54.100565
45.275000,187.528395,56.258518
45.280000,213.364879,64.009464
45.285000,225.683944,67.705183
45.290000,242.194358,72.658308
45.295000,248.826040,74.647812
45.300000,269.786631,80.935989
45.305000,259.510376,77.853113
45.310000,290.432748,87.129824
45.315000,279.606159,83.881848
45.320000,279.796333,83.938900
45.325000,278.867880,83.660364
45.330000,284.349630,85.304889
45.335000,230.911524,69.273457
45.340000,225.379414,67.613824
45.345000,221.965161,66.589548
45.350000,184.462709,55.338813
45.355000,158.747691,47.624307
45.360000,147.713402,44.314020
45.365000,112.973986,33.892196
45.370000,77.644130,23.293239
45.375000,57.779381,17.333814
45.380000,15.353938,4.606181
45.385000,11.825441,3.547632
45.390000,-8.584107,-2.575232
45.395000,-35.294795,-10.588438
45.400000,-46.865851,-14.059755
45.405000,-56.560170,-16.968051
45.410000,-81.762364,-24.528709
45.415000,-95.836388,-28.750916
45.420000,-100.004626,-30.001388
45.425000,-116.095171,-34.828551
45.430000,-121.225013,-36.367504
45.435000,-137.410383,-41.223115
45.440000,-136.884320,-41.065296
45.445000,-123.970989,-37.191297
45.450000,-124.625376,-37.387613
45.455000,-121.789803,-36.536941
45.460000,-111.501900,-33.450570
45.465000,-92.106362,-27.631909
45.470000,-85.767142,-25.730143
45.475000,-54.291882,-16.287565
45.480000,-40.090724,-12.027217
45.485000,-13.269884,-3.980965
45.490000,3.999450,1.199835
45.495000,22.532701,6.759810
45.500000,40.803256,12.240977
45.505000,60.222445,18.066734
45.510000,84.350245,25.305073
45.515000,110.140543,33.042163
45.520000,123.169860,36.950958
45.525000,141.695317,42.508595
45.530000,188.355431,56.506629
45.535000,199.695345,59.908603
45.540000,217.417519,65.225256
45.545000,238.475659,71.542698
45.550000,241.458973,72.437692
45.555000,227.538468,68.261540
45.560000,230.051909,69.015573
45.565000,235.106583,70.531975
45.570000,239.677610,71.903283
45.575000,233.737708,70.121313
45.580000,239.186536,71.755961
45.585000,228.710850,68.613255
45.590000,197.654368,59.296310
45.595000,176.905280,53.071584
45.600000,155.439125,46.631738
45.605000,113.399429,34.019829
45.610000,101.476335,30.442900
45.615000,68.136238,20.440871
45.620000,43.899449,13.169835
45.625000,13.547200,4.064160
45.630000,0.265020,0.079506
45.635000,-36.643495,-10.993049
45.640000,-49.939697,-14.981909
45.645000,-94.659469,-28.397841
45.650000,-105.035516,-31.510655
45.655000,-124.823208,-37.446962
45.660000,-147.917989,-44.375397
45.665000,-160.091423,-48.027427
45.670000,-147.370571,-44.211171
45.675000,-161.769355,-48.530807
45.680000,-166.011132,-49.803340
45.685000,-171.461751,-51.438525
45.690000,-168.204245,-50.461273
45.695000,-168.146883,-50.444065
45.700000,-136.889468,-41.066841
45.705000,-122.790126,-36.837038
45.710000,-98.431756,-29.529527
45.715000,-75.805535,-22.741661
45.720000,-71.762510,-21.528753
45.725000,-63.778568,-19.133570
45.730000,-54.250237,-16.275071
45.735000,-40.043314,-12.012994
45.740000,-18.834200,-5.650260
45.745000,15.356693,4.607008
45.750000,42.248736,12.674621
45.755000,60.021312,18.006394
45.760000,91.583569,27.475071
45.765000,102.532061,30.759618
45.770000,121.149028,36.344708
45.775000,116.727878,35.018363
45.780000,154.802600,46.440780
45.785000,171.407408,51.422222
45.790000,182.460911,54.738273
45.795000,186.004677,55.801403
45.800000,203.377379,61.013214
45.805000,213.194231,63.958269
45.810000,213.854392,64.156318
45.815000,218.969168,65.690750
45.820000,230.304019,69.091206
45.825000,230.999733,69.299920
45.830000,212.572105,63.771631
45.835000,207.133988,62.140196
45.840000,197.636954,59.291086
45.845000,183.512706,55.053812
45.850000,154.731763,46.419529
45.855000,132.255881,39.676764
45.860000,100.958800,30.287640
45.865000,75.387459,22.616238
45.870000,43.582964,13.074889
45.875000,23.013233,6.903970
45.880000,-5.174781,-1.552434
45.885000,-19.482859,-5.844858
45.890000,-48.411855,-14.523556
45.895000,-80.452776,-24.135833
45.900000,-91.835064,-27.550519
45.905000,-100.637870,-30.191361
45.910000,-127.215656,-38.164697
45.915000,-136.444094,-40.933228
45.920000,-145.142499,-43.542750
45.925000,-160.437345,-48.131204
45.930000,-165.410916,-49.623275
45.935000,-159.914734,-47.974420
45.940000,-159.512654,-47.853796
45.945000,-151.692400,-45.507720
45.950000,-156.374184,-46.912255
45.955000,-153.071540,-45.921462
45.960000,-143.390737,-43.017221
45.965000,-121.231575,-36.369472
45.970000,-85.780374,-25.734112
45.975000,-50.384084,-15.115225
45.980000,-23.828935,-7.148681
45.985000,-13.116187,-3.934856
45.990000,12.286220,3.685866
45.995000,28.307331,8.492199
46.000000,61.460232,18.438070
46.005000,84.683606,25.405082
46.010000,122.030504,36.609151
46.015000,148.441258,44.532377
46.020000,159.570735,47.871220
46.025000,175.552336,52.665701
46.030000,198.517132,59.555140
46.035000,206.457251,61.937175
46.040000,201.077547,60.323264
46.045000,222.223404,66.667021
46.050000,227.865840,68.359752
46.055000,230.870533,69.261160
46.060000,245.685741,73.705722
46.065000,249.208493,74.762548
46.070000,245.818040,73.745412
46.075000,247.927006,74.378102
46.080000,231.680149,69.504045
46.085000,212.858436,63.857531
46.090000,195.828623,58.748587
46.095000,182.924935,54.877481
46.100000,170.558131,51.167439
46.105000,142.009920,42.602976
46.110000,128.031529,38.409459
46.115000,120.575739,36.172722
46.120000,85.755546,25.726664
46.125000,43.157097,12.947129
46.130000,21.232913,6.369874
46.135000,-14.873217,-4.461965
46.140000,-43.881666,-13.164500
46.145000,-56.512532,-16.953760
46.150000,-73.255314,-21.976594
46.155000,-77.127429,-23.138229
46.160000,-85.948900,-25.784670
46.165000,-110.446988,-33.134096
46.170000,-115.632443,-34.689733
46.175000,-115.860978,-34.758293
46.180000,-133.616222,-40.084867
46.185000,-123.830922,-37.149277
46.190000,-110.337079,-33.101124
46.195000,-116.750347,-35.025104
46.200000,-104.052810,-31.215843
46.205000,-108.004844,-32.401453
46.210000,-121.494502,-36.448351
46.215000,-104.089544,-31.226863
46.220000,-89.076215,-26.722864
46.225000,-91.282735,-27.384820
46.230000,-38.053011,-11.415903
46.235000,1.785483,0.535645
46.240000,10.977581,3.293274
46.245000,33.223197,9.966959
46.250000,73.079267,21.923780
46.255000,101.134523,30.340357
46.260000,107.213379,32.164014
46.265000,143.840539,43.152162
46.270000,169.584417,50.875325
46.275000,171.423750,51.427125
46.280000,176.413121,52.923936
46.285000,197.590625,59.277187
46.290000,207.086646,62.125994
46.295000,235.661947,70.698584
46.300000,263.426986,79.028096
46.305000,277.956047,83.386814
46.310000,299.181741,89.754522
46.315000,307.041103,92.112331
46.320000,299.771287,89.931386
46.325000,281.341960,84.402588
46.330000,264.120881,79.236264
46.335000,254.934020,76.480206
46.340000,232.663754,69.799126
46.345000,205.412892,61.623868
46.350000,205.526402,61.657921
46.355000,200.058080,60.017424
46.360000,166.914928,50.074478
46.365000,143.315356,42.994607
46.370000,127.596675,38.279002
46.375000,96.209358,28.862807
46.380000,54.906202,16.471861
46.385000,40.611980,12.183594
46.390000,28.413272,8.523982
46.395000,2.764788,0.829436
46.400000,3.392707,1.017812
46.405000,0.915642,0.274693
46.410000,-13.557672,-4.067302
46.415000,-23.633353,-7.090006
46.420000,-12.219652,-3.665895
46.425000,-34.809524,-10.442857
46.430000,-56.250077,-16.875023
46.435000,-62.217598,-18.665279
46.440000,-68.597876,-20.579363
46.445000,-91.965124,-27.589537
46.450000,-91.213880,-27.364164
46.455000,-73.341808,-22.002542
46.460000,-63.133121,-18.939936
46.465000,-51.688704,-15.506611
46.470000,-22.526654,-6.757996
46.475000,-16.613982,-4.984195
46.480000,10.136381,3.040914
46.485000,34.443720,10.333116
46.490000,65.352361,19.605708
46.495000,66.053905,19.816172
46.500000,117.808076,35.342423
46.505000,123.985579,37.195674
46.510000,142.906178,42.871853
46.515000,170.766599,51.229980
46.520000,208.413000,62.523900
46.525000,214.388539,64.316562
46.530000,230.896115,69.268835
46.535000,252.533834,75.760150
46.540000,265.024890,79.507467
46.545000,288.281249,86.484375
46.550000,299.576151,89.872845
46.555000,326.118487,97.835546
46.560000,337.222851,101.166855
46.565000,331.402108,99.420632
46.570000,318.184470,95.455341
46.575000,330.653268,99.195980
46.580000,314.152387,94.245716
46.585000,309.397953,92.819386
46.590000,301.590763,90.477229
46.595000,302.932403,90.879721
46.600000,264.353751,79.306125
46.605000,254.990032,76.497010
46.610000,226.334680,67.900404
46.615000,201.243482,60.373044
46.620000,168.601270,50.580381
46.625000,143.649114,43.094734
46.630000,115.030931,34.509279
46.635000,85.768864,25.730659
46.640000,70.756741,21.227022
46.645000,46.017961,13.805388
46.650000,21.048934,6.314680
46.655000,0.544288,0.163286
46.660000,-13.157328,-3.947198
46.665000,-39.831720,-11.949516
46.670000,-39.655582,-11.896675
46.675000,-33.683585,-10.105076
46.680000,-29.277097,-8.783129
46.685000,-36.515590,-10.954677
46.690000,-31.431570,-9.429471
46.695000,-29.678901,-8.903670
46.700000,-36.707655,-11.012296
46.705000,-30.057744,-9.017323
46.710000,-10.136549,-3.040965
46.715000,4.956397,1.486919
46.720000,16.078887,4.823666
46.725000,39.348066,11.804420
46.730000,60.557794,18.167338
46.735000,74.156452,22.246936
46.740000,93.069766,27.920930
46.745000,129.128122,38.738437
46.750000,158.247557,47.474267
46.755000,166.073183,49.821955
46.760000,209.055783,62.716735
46.765000,238.008877,71.402663
46.770000,223.208451,66.962535
46.775000,250.578447,75.173534
46.780000,294.918290,88.475487
46.785000,308.331521,92.499456
46.790000,343.773567,103.132070
46.795000,383.651123,115.095337
46.800000,399.152309,119.745693
46.805000,391.293148,117.387945
46.810000,394.055709,118.216713
46.815000,393.670631,118.101189
46.820000,396.558232,118.967470
46.825000,387.971949,116.391585
46.830000,372.185112,111.655534
46.835000,356.916802,107.075041
46.840000,321.061016,96.318305
46.845000,307.088604,92.126581
46.850000,281.714568,84.514370
46.855000,279.957421,83.987226
46.860000,253.376254,76.012876
46.865000,255.519628,76.655888
46.870000,216.562831,64.968849
46.875000,199.439247,59.831774
46.880000,193.263077,57.978923
46.885000,179.203977,53.761193
46.890000,134.644281,40.393284
46.895000,127.015773,38.104732
46.900000,113.562591,34.068777
46.905000,81.399704,24.419911
46.910000,48.023826,14.407148
46.915000,42.848781,12.854634
46.920000,10.165790,3.049737
46.925000,9.069487,2.720846
46.930000,-2.468964,-0.740689
46.935000,7.254919,2.176476
46.940000,11.843899,3.553170
46.945000,36.576042,10.972813
46.950000,19.504412,5.851323
46.955000,41.973061,12.591918
46.960000,56.759378,17.027813
46.965000,53.310813,15.993244
46.970000,78.663780,23.599134
46.975000,120.414419,36.124326
46.980000,139.662980,41.898894
46.985000,169.576330,50.872899
46.990000,201.225989,60.367797
46.995000,223.183699,66.955110
47.000000,251.761326,75.528398
47.005000,274.275237,82.282571
47.010000,308.178799,92.453640
47.015000,333.885139,100.165542
47.020000,358.165301,107.449590
47.025000,372.984517,111.895355
47.030000,374.999808,112.499943
47.035000,367.554361,110.266308
47.040000,383.625396,115.087619
47.045000,389.177288,116.753186
47.050000,395.459513,118.637854
47.055000,412.559421,123.767826
47.060000,428.903362,128.671009
47.065000,434.542851,130.362855
47.070000,432.277215,129.683164
47.075000,427.895202,128.368561
47.080000,425.178954,127.553686
47.085000,413.968136,124.190441
47.090000,402.951818,120.885545
47.095000,382.277862,114.683359
47.100000,365.396535,109.618960
47.105000,337.037200,101.111160
47.110000,328.526404,98.557921
47.115000,303.155871,90.946761
47.120000,284.986334,85.495900
47.125000,248.317382,74.495215
47.130000,225.247891,67.574367
47.135000,189.595742,56.878723
47.140000,166.766342,50.029903
47.145000,137.642951,41.292885
47.150000,113.952268,34.185680
47.155000,98.346449,29.503935
47.160000,81.750815,24.525245
47.165000,71.870604,21.561181
47.170000,75.266520,22.579956
47.175000,73.412494,22.023748
47.180000,51.656379,15.496914
47.185000,46.790929,14.037279
47.190000,28.403892,8.521168
47.195000,12.061644,3.618493
47.200000,29.584751,8.875425
47.205000,59.777229,17.933169
47.210000,68.488927,20.546678
47.215000,93.450121,28.035036
47.220000,120.727764,36.218329
47.225000,118.515011,35.554503
47.230000,139.596798,41.879039
47.235000,165.218799,49.565640
47.240000,209.325158,62.797547
47.245000,226.810477,68.043143
47.250000,274.329348,82.298804
47.255000,290.671891,87.201567
47.260000,326.736621,98.020986
47.265000,328.699662,98.609899
47.270000,366.175402,109.852621
47.275000,376.375801,112.912740
47.280000,395.048428,118.514528
47.285000,403.384789,121.015437
47.290000,430.170170,129.051051
47.295000,440.083870,132.025161
47.300000,465.821816,139.746545
47.305000,485.586620,145.675986
47.310000,469.347919,140.804376
47.315000,462.762224,138.828667
47.320000,440.913802,132.274141
47.325000,419.417543,125.825263
47.330000,408.962098,122.688630
47.335000,407.552630,122.265789
47.340000,386.919043,116.075713
47.345000,387.073010,116.121903
47.350000,368.804723,110.641417
47.355000,355.557695,106.667308
47.360000,346.353412,103.906024
47.365000,336.404275,100.921283
47.370000,324.808555,97.442566
47.375000,298.317316,89.495195
47.380000,260.888020,78.266406
47.385000,225.991154,67.797346
47.390000,200.161732,60.048520
47.395000,171.975220,51.592566
47.400000,165.894047,49.768214
47.405000,146.475645,43.942693
47.410000,131.724578,39.517374
47.415000,108.988310,32.696493
47.420000,77.700926,23.310278
47.425000,58.685776,17.605733
47.430000,63.731044,19.119313
47.435000,47.494099,14.248230
47.440000,36.387238,10.916171
47.445000,61.968056,18.590417
47.450000,54.522491,16.356747
47.455000,55.679065,16.703720
47.460000,76.741222,23.022367
47.465000,115.193438,34.558032
47.470000,127.531620,38.259486
47.475000,161.147729,48.344319
47.480000,186.363223,55.908967
47.485000,219.589725,65.876917
47.490000,241.777229,72.533169
47.495000,274.797792,82.439338
47.500000,307.305927,92.191778
47.505000,320.537021,96.161106
47.510000,338.390274,101.517082
47.515000,355.857161,106.757148
47.520000,362.166309,108.649893
47.525000,375.140424,112.542127
47.530000,394.878396,118.463519
47.535000,423.643241,127.092972
47.540000,440.548860,132.164658
47.545000,457.290884,137.187265
47.550000,465.934978,139.780493
47.555000,481.823964,144.547189
47.560000,470.092469,141.027741
47.565000,482.303207,144.690962
47.570000,478.908116,143.672435
47.575000,476.061659,142.818498
47.580000,466.640860,139.992258
47.585000,472.590810,141.777243
47.590000,450.915425,135.274628
47.595000,432.671490,129.801447
47.600000,408.087525,122.426258
47.605000,368.653299,110.595990
47.610000,338.783993,101.635198
47.615000,306.294163,91.888249
47.620000,276.988449,83.096535
47.625000,272.351781,81.705534
47.630000,245.309698,73.592910
47.635000,219.107795,65.732339
47.640000,207.136183,62.140855
47.645000,194.315388,58.294616
47.650000,163.504748,49.051425
47.655000,148.574563,44.572369
47.660000,122.934057,36.880217
47.665000,103.102255,30.930676
47.670000,80.615598,24.184679
47.675000,74.798645,22.439593
47.680000,80.162175,24.048652
47.685000,85.903333,25.771000
47.690000,84.106509,25.231953
47.695000,87.067387,26.120216
47.700000,80.188132,24.056439
47.705000,81.810820,24.543246
47.710000,91.635537,27.490661
47.715000,98.586682,29.576005
47.720000,119.570870,35.871261
47.725000,126.197875,37.859362
47.730000,140.415829,42.124749
47.735000,166.651229,49.995369
47.740000,195.742409,58.722723
47.745000,210.172178,63.051653
47.750000,244.262151,73.278645
47.755000,272.368545,81.710564
47.760000,309.169603,92.750881
47.765000,318.220548,95.466164
47.770000,361.824190,108.547257
47.775000,377.717004,113.315101
47.780000,408.273473,122.482042
47.785000,406.485389,121.945617
47.790000,430.131402,129.039421
47.795000,435.434280,130.630284
47.800000,457.198068,137.159420
47.805000,457.161684,137.148505
47.810000,454.529316,136.358795
47.815000,473.534900,142.060470
47.820000,473.502611,142.050783
47.825000,461.224792,138.367438
47.830000,451.271405,135.381422
47.835000,448.132171,134.439651
47.840000,416.783924,125.035177
47.845000,397.256608,119.176982
47.850000,368.370880,110.511264
47.855000,349.016814,104.705044
47.860000,316.975704,95.092711
47.865000,302.176374,90.652912
47.870000,281.642937,84.492881
47.875000,262.841628,78.852488
47.880000,241.191349,72.357405
47.885000,233.298798,69.989639
47.890000,195.814224,58.744267
47.895000,150.440076,45.132023
47.900000,137.520923,41.256277
47.905000,117.130681,35.139204
47.910000,86.249496,25.874849
47.915000,84.779352,25.433805
47.920000,81.241766,24.372530
47.925000,48.630784,14.589235
47.930000,40.293567,12.088070
47.935000,37.511973,11.253592
47.940000,40.045248,12.013574
47.945000,40.337891,12.101367
47.950000,58.334780,17.500434
47.955000,67.456908,20.237072
47.960000,81.136507,24.340952
47.965000,68.729708,20.618912
47.970000,86.143864,25.843159
47.975000,103.649619,31.094886
47.980000,131.715421,39.514626
47.985000,170.792801,51.237840
47.990000,196.107986,58.832396
47.995000,211.195466,63.358640
48.000000,231.237528,69.371258
48.005000,238.899223,71.669767
48.010000,237.926693,71.378008
48.015000,270.258978,81.077694
48.020000,308.489269,92.546781
48.025000,325.086776,97.526033
48.030000,336.440232,100.932070
48.035000,343.466520,103.039956
48.040000,365.682415,109.704725
48.045000,378.723781,113.617134
48.050000,385.133973,115.540192
48.055000,389.666539,116.899962
48.060000,407.618597,122.285579
48.065000,406.537816,121.961345
48.070000,399.905570,119.971671
48.075000,406.492208,121.947662
48.080000,414.755197,124.426559
48.085000,403.228812,120.968643
48.090000,374.280958,112.284287
48.095000,363.226313,108.967894
48.100000,341.298694,102.389608
48.105000,304.716278,91.414883
48.110000,274.601900,82.380570
48.115000,241.781631,72.534489
48.120000,200.939116,60.281735
48.125000,183.614635,55.084390
48.130000,156.278544,46.883563
48.135000,143.321948,42.996584
48.140000,147.469933,44.240980
48.145000,126.582313,37.974694
48.150000,86.278243,25.883473
48.155000,69.157765,20.747329
48.160000,39.199954,11.759986
48.165000,-3.642512,-1.092753
48.170000,-29.848954,-8.954686
48.175000,-32.986192,-9.895858
48.180000,-34.930216,-10.479065
48.185000,-31.638084,-9.491425
48.190000,-32.069059,-9.620718
48.195000,-5.023892,-1.507167
48.200000,10.702520,3.210756
48.205000,27.424399,8.227320
48.210000,28.368717,8.510615
48.215000,65.554545,19.666363
48.220000,63.915430,19.174629
48.225000,88.199803,26.459941
48.230000,109.744969,32.923491
48.235000,129.393498,38.818049
48.240000,134.611106,40.383332
48.245000,175.890318,52.767096
48.250000,193.326124,57.997837
48.255000,207.458335,62.237501
48.260000,239.823554,71.947066
48.265000,267.816364,80.344909
48.270000,268.258432,80.477529
48.275000,278.723349,83.617005
48.280000,292.912074,87.873622
48.285000,303.914862,91.174459
48.290000,319.698391,95.909517
48.295000,329.191695,98.757508
48.300000,344.728828,103.418649
48.305000,356.009291,106.802787
48.310000,367.567388,110.270217
48.315000,369.823984,110.947195
48.320000,383.195837,114.958751
48.325000,375.035255,112.510577
48.330000,369.444234,110.833270
48.335000,348.663761,104.599128
48.340000,330.207121,99.062136
48.345000,294.683287,88.404986
48.350000,267.194212,80.158264
48.355000,245.193332,73.558000
48.360000,222.362156,66.708647
48.365000,196.358519,58.907556
48.370000,169.307464,50.792239
48.375000,156.046891,46.814067
48.380000,119.227496,35.768249
48.385000,97.016677,29.105003
48.390000,68.247868,20.474360
48.395000,60.339798,18.101939
48.400000,23.981945,7.194584
48.405000,0.114168,0.034250
48.410000,-36.584217,-10.975265
48.415000,-54.740652,-16.422196
48.420000,-85.007392,-25.502218
48.425000,-88.016075,-26.404822
48.430000,-75.801075,-22.740323
48.435000,-82.689683,-24.806905
48.440000,-91.683421,-27.505026
48.445000,-77.592249,-23.277675
48.450000,-66.838545,-20.051563
48.455000,-67.803107,-20.340932
48.460000,-36.361953,-10.908586
48.465000,-8.298575,-2.489572
48.470000,9.935145,2.980544
48.475000,31.481408,9.444422
48.480000,54.060735,16.218221
48.485000,63.143747,18.943124
48.490000,78.096783,23.429035
48.495000,98.756577,29.626973
48.500000,103.045136,30.913541
48.505000,120.028008,36.008402
48.510000,149.363616,44.809085
48.515000,170.346495,51.103948
48.520000,195.895827,58.768748
48.525000,219.428233,65.828470
48.530000,231.044460,69.313338
48.535000,245.658121,73.697436
48.540000,265.301238,79.590371
48.545000,287.754152,86.326246
48.550000,301.163113,90.348934
48.555000,327.073372,98.122012
48.560000,338.910940,101.673282
48.565000,320.307223,96.092167
48.570000,302.210935,90.663280
48.575000,286.018160,85.805448
48.580000,252.942563,75.882769
48.585000,227.192782,68.157835
48.590000,243.081541,72.924462
48.595000,209.145280,62.743584
48.600000,190.660544,57.198163
48.605000,188.670336,56.601101
48.610000,178.972027,53.691608
48.615000,125.956006,37.786802
48.620000,112.111497,33.633449
48.625000,86.906563,26.071969
48.630000,49.982540,14.994762
48.635000,25.053863,7.516159
48.640000,9.337629,2.801289
48.645000,-16.019302,-4.805791
48.650000,-22.263289,-6.678987
48.655000,-55.821229,-16.746369
48.660000,-82.997131,-24.899139
48.665000,-90.262840,-27.078852
48.670000,-110.741419,-33.222426
48.675000,-137.730638,-41.319192
48.680000,-140.627772,-42.188332
48.685000,-140.422773,-42.126832
48.690000,-150.118974,-45.035692
48.695000,-131.481910,-39.444573
48.700000,-112.810106,-33.843032
48.705000,-93.477808,-28.043342
48.710000,-86.555775,-25.966733
48.715000,-65.532531,-19.659759
48.720000,-55.065555,-16.519666
48.725000,-54.591280,-16.377384
48.730000,-25.959940,-7.787982
48.735000,0.815016,0.244505
48.740000,28.137581,8.441274
48.745000,40.553969,12.166191
48.750000,81.686887,24.506066
48.755000,114.299029,34.289709
48.760000,141.323356,42.397007
48.765000,146.378301,43.913490
48.770000,179.599079,53.879724
48.775000,192.492978,57.747894
48.780000,195.860168,58.758050
48.785000,205.448678,61.634603
48.790000,235.152942,70.545882
48.795000,242.467836,72.740351
48.800000,253.312000,75.993600
48.805000,251.522149,75.456645
48.810000,256.637566,76.991270
48.815000,259.962929,77.988879
48.820000,255.906769,76.772031
48.825000,252.498983,75.749695
48.830000,240.969449,72.290835
48.835000,224.397761,67.319328
48.840000,199.033547,59.710064
48.845000,195.203475,58.561042
48.850000,163.640325,49.092098
48.855000,158.785904,47.635771
48.860000,126.606749,37.982025
48.865000,102.731414,30.819424
48.870000,74.757263,22.427179
48.875000,60.884838,18.265451
48.880000,17.240599,5.172180
48.885000,-6.066228,-1.819868
48.890000,-22.166081,-6.649824
48.895000,-63.014047,-18.904214
48.900000,-85.707336,-25.712201
48.905000,-101.662779,-30.498834
48.910000,-109.605760,-32.881728
48.915000,-113.278582,-33.983575
48.920000,-103.182450,-30.954735
48.925000,-110.832518,-33.249756
48.930000,-124.496966,-37.349090
48.935000,-125.459090,-37.637727
48.940000,-144.212922,-43.263876
48.945000,-154.872671,-46.461801
48.950000,-145.068694,-43.520608
48.955000,-139.040598,-41.712179
48.960000,-127.396252,-38.218876
48.965000,-112.473488,-33.742046
48.970000,-100.961443,-30.288433
48.975000,-78.864112,-23.659234
48.980000,-54.414706,-16.324412
48.985000,-34.427500,-10.328250
48.990000,-11.297516,-3.389255
48.995000,1.342793,0.402838
49.000000,0.513648,0.154095
49.005000,27.632909,8.289873
49.010000,58.111371,17.433411
49.015000,88.670941,26.601282
49.020000,133.615559,40.084668
49.025000,168.025932,50.407780
49.030000,177.129072,53.138722
49.035000,189.406365,56.821909
49.040000,192.081027,57.624308
49.045000,208.581134,62.574340
49.050000,226.519946,67.955984
49.055000,268.423577,80.527073
49.060000,275.327113,82.598134
49.065000,285.859393,85.757818
49.070000,264.665224,79.399567
49.075000,247.959398,74.387820
49.080000,210.400059,63.120018
49.085000,199.637193,59.891158
49.090000,168.424181,50.527254
49.095000,157.678864,47.303659
49.100000,130.880777,39.264233
49.105000,115.733900,34.720170
49.110000,89.312410,26.793723
49.115000,70.402501,21.120750
49.120000,49.136969,14.741091
49.125000,22.482977,6.744893
49.130000,12.443205,3.732962
49.135000,-21.236891,-6.371067
49.140000,-32.417703,-9.725311
49.145000,-39.654041,-11.896212
49.150000,-72.538156,-21.761447
49.155000,-111.292925,-33.387877
49.160000,-124.961718,-37.488515
49.165000,-138.456096,-41.536829
49.170000,-171.826865,-51.548060
49.175000,-158.231604,-47.469481
49.180000,-162.341985,-48.702596
49.185000,-159.225771,-47.767731
49.190000,-178.533332,-53.560000
49.195000,-164.614731,-49.384419
49.200000,-185.680071,-55.704021
49.205000,-185.799554,-55.739866
49.210000,-163.408288,-49.022486
49.215000,-137.303487,-41.191046
49.220000,-134.081416,-40.224425
49.225000,-72.413501,-21.724050
49.230000,-27.185481,-8.155644
49.235000,-9.927552,-2.978266
49.240000,9.266766,2.780030
49.245000,46.427921,13.928376
49.250000,57.873169,17.361951
49.255000,61.079360,18.323808
49.260000,81.587433,24.476230
49.265000,107.602792,32.280838
49.270000,135.954808,40.786442
49.275000,163.891339,49.167402
49.280000,191.726431,57.517929
49.285000,199.406612,59.821984
49.290000,217.482401,65.244720
49.295000,224.704430,67.411329
49.300000,220.229052,66.068715
49.305000,231.060691,69.318207
49.310000,244.401108,73.320333
49.315000,246.590676,73.977203
49.320000,247.900698,74.370209
49.325000,247.274254,74.182276
49.330000,232.053930,69.616179
49.335000,200.915910,60.274773
49.340000,189.677325,56.903198
49.345000,160.635079,48.190524
49.350000,136.865347,41.059604
49.355000,120.910842,36.273253
49.360000,100.126911,30.038073
49.365000,66.823734,20.047120
49.370000,24.015718,7.204715
49.375000,-1.079419,-0.323826
49.380000,-30.670449,-9.201135
49.385000,-27.023291,-8.106987
49.390000,-43.608323,-13.082497
49.395000,-46.350984,-13.905295
49.400000,-62.467436,-18.740231
49.405000,-68.048352,-20.414506
49.410000,-105.976591,-31.792977
49.415000,-125.780656,-37.734197
49.420000,-138.528562,-41.558568
49.425000,-128.232606,-38.469782
49.430000,-139.323918,-41.797175
49.435000,-151.853291,-45.555987
49.440000,-142.892278,-42.867683
49.445000,-115.078581,-34.523574
49.450000,-136.460701,-40.938210
49.455000,-98.702020,-29.610606
49.460000,-70.420540,-21.126162
49.465000,-53.386008,-16.015802
49.470000,-61.423789,-18.427137
49.475000,-35.833894,-10.750168
49.480000,-52.652745,-15.795824
49.485000,-37.462749,-11.238825
49.490000,-38.755992,-11.626798
49.495000,0.587559,0.176268
49.500000,19.083013,5.724904
49.505000,57.965633,17.389690
49.510000,94.698221,28.409466
49.515000,131.532447,39.459734
49.520000,145.938798,43.781639
49.525000,176.499544,52.949863
49.530000,189.434675,56.830403
49.535000,205.033949,61.510185
49.540000,226.270218,67.881065
49.545000,230.307009,69.092103
49.550000,230.397523,69.119257
49.555000,234.474590,70.342377
49.560000,238.962000,71.688600
49.565000,250.693382,75.208015
49.570000,268.818548,80.645564
49.575000,276.603025,82.980908
49.580000,282.930799,84.879240
49.585000,271.637431,81.491229
49.590000,255.389599,76.616880
49.595000,227.946981,68.384094
49.600000,210.060637,63.018191
49.605000,179.524277,53.857283
49.610000,156.563930,46.969179
49.615000,140.064785,42.019436
49.620000,105.288919,31.586676
49.625000,77.853852,23.356155
49.630000,51.107588,15.332276
49.635000,35.272707,10.581812
49.640000,11.584228,3.475268
49.645000,-2.949558,-0.884867
49.650000,-46.198679,-13.859604
49.655000,-54.697723,-16.409317
49.660000,-73.831508,-22.149453
49.665000,-116.604720,-34.981416
49.670000,-127.221606,-38.166482
49.675000,-113.206264,-33.961879
49.680000,-142.740166,-42.822050
49.685000,-144.470676,-43.341203
49.690000,-125.979620,-37.793886
49.695000,-117.917478,-35.375243
49.700000,-118.951957,-35.685587
49.705000,-95.527791,-28.658337
49.710000,-93.300596,-27.990179
49.715000,-77.253079,-23.175924
49.720000,-69.222155,-20.766647
49.725000,-28.000136,-8.400041
49.730000,3.205174,0.961552
49.735000,14.101358,4.230407
49.740000,48.963129,14.688939
49.745000,84.082927,25.224878
49.750000,93.456104,28.036831
49.755000,117.235795,35.170739
49.760000,145.815786,43.744736
49.765000,158.329067,47.498720
49.770000,160.352819,48.105846
49.775000,178.646561,53.593968
49.780000,209.414907,62.824472
49.785000,253.254040,75.976212
49.790000,264.634067,79.390220
49.795000,290.137962,87.041388
49.800000,316.656946,94.997084
49.805000,312.282028,93.684608
49.810000,307.757418,92.327225
49.815000,316.847055,95.054117
49.820000,313.835455,94.150637
49.825000,307.491891,92.247567
49.830000,282.138167,84.641450
49.835000,281.503149,84.450945
49.840000,249.540004,74.862001
49.845000,237.133433,71.140030
49.850000,206.691219,62.007366
49.855000,210.199492,63.059847
49.860000,182.592659,54.777798
49.865000,175.829892,52.748967
49.870000,161.978473,48.593542
49.875000,147.459767,44.237930
49.880000,116.812915,35.043875
49.885000,71.107026,21.332108
49.890000,26.116932,7.835080
49.895000,-19.199969,-5.759991
49.900000,-43.613509,-13.084053
49.905000,-63.162977,-18.948893
49.910000,-64.506929,-19.352079
49.915000,-57.094804,-17.128441
49.920000,-50.889260,-15.266778
49.925000,-66.962751,-20.088825
49.930000,-82.734055,-24.820216
49.935000,-99.438178,-29.831454
49.940000,-90.062285,-27.018686
49.945000,-76.273883,-22.882165
49.950000,-71.881613,-21.564484
49.955000,-51.283536,-15.385061
49.960000,-18.569425,-5.570827
49.965000,0.471609,0.141483
49.970000,6.182915,1.854875
49.975000,39.402990,11.820897
49.980000,73.672427,22.101728
49.985000,79.331683,23.799505
49.990000,84.906558,25.471967
49.995000,115.392750,34.617825
50.000000,134.098069,40.229421
50.005000,168.271131,50.481339
50.010000,215.813910,64.744173
50.015000,248.583655,74.575096
50.020000,264.732982,79.419895
50.025000,300.320513,90.096154
50.030000,308.429390,92.528817
50.035000,315.187925,94.556378
50.040000,325.795640,97.738692
50.045000,334.814120,100.444236
50.050000,337.285942,101.185783
50.055000,346.594009,103.978203
50.060000,363.521667,109.056500
50.065000,373.112228,111.933668
50.070000,390.186517,117.055955
50.075000,380.777153,114.233146
50.080000,361.476435,108.442930
50.085000,352.183688,105.655106
50.090000,337.447095,101.234128
50.095000,307.829231,92.348769
50.100000,298.684879,89.605464
50.105000,289.445052,86.833516
50.110000,263.663796,79.099139
50.115000,238.004338,71.401301
50.120000,216.755723,65.026717
50.125000,191.929922,57.578977
50.130000,175.168040,52.550412
50.135000,146.903403,44.071021
50.140000,117.624919,35.287476
50.145000,103.124788,30.937436
50.150000,69.374223,20.812267
50.155000,38.859344,11.657803
50.160000,19.013567,5.704070
50.165000,18.890739,5.667222
50.170000,5.885299,1.765590
50.175000,16.751403,5.025421
50.180000,28.841478,8.652443
50.185000,27.432144,8.229643
50.190000,13.530587,4.059176
50.195000,20.701143,6.210343
50.200000,18.501882,5.550565
50.205000,10.783723,3.235117
50.210000,20.716021,6.214806
50.215000,48.108833,14.432650
50.220000,63.077009,18.923103
50.225000,66.182617,19.854785
50.230000,85.256310,25.576893
50.235000,116.800622,35.040187
50.240000,146.882347,44.064704
50.245000,167.173290,50.151987
50.250000,204.566197,61.369859
50.255000,242.172865,72.651859
50.260000,259.981539,77.994462
50.265000,275.915512,82.774654
50.270000,308.369925,92.510977
50.275000,343.377608,103.013282
50.280000,354.201863,106.260559
50.285000,368.185614,110.455684
50.290000,391.450346,117.435104
50.295000,396.961821,119.088546
50.300000,396.686058,119.005817
50.305000,420.502556,126.150767
50.310000,441.156790,132.347037
50.315000,424.864242,127.459273
50.320000,422.252889,126.675867
50.325000,419.221147,125.766344
50.330000,387.970078,116.391023
50.335000,353.530395,106.059118
50.340000,355.157157,106.547147
50.345000,349.318131,104.795439
50.350000,334.927860,100.478358
50.355000,317.499877,95.249963
50.360000,313.355932,94.006779
50.365000,288.976045,86.692813
50.370000,250.058801,75.017640
50.375000,221.063669,66.319101
50.380000,195.541457,58.662437
50.385000,175.736631,52.720989
50.390000,149.554946,44.866484
50.395000,125.536007,37.660802
50.400000,102.790361,30.837108
50.405000,103.563382,31.069015
50.410000,73.336072,22.000821
50.415000,58.451726,17.535518
50.420000,52.700723,15.810217
50.425000,59.708312,17.912493
50.430000,39.038792,11.711638
50.435000,41.090101,12.327030
50.440000,30.846535,9.253960
50.445000,37.936900,11.381070
50.450000,41.448865,12.434659
50.455000,57.540870,17.262261
50.460000,63.018066,18.905420
50.465000,101.185367,30.355610
50.470000,119.079346,35.723804
50.475000,123.526205,37.057861
50.480000,140.904587,42.271376
50.485000,170.133117,51.039935
50.490000,176.963269,53.088981
50.495000,199.105584,59.731675
50.500000,232.815300,69.844590
50.505000,253.326023,75.997807
50.510000,269.622140,80.886642
50.515000,303.262665,90.978800
50.520000,327.528258,98.258477
50.525000,360.003068,108.000920
50.530000,388.540468,116.562140
50.535000,425.606392,127.681918
50.540000,438.137073,131.441122
50.545000,465.866470,139.759941
50.550000,463.067165,138.920149
50.555000,457.220900,137.166270
50.560000,458.672803,137.601841
50.565000,435.198262,130.559479
50.570000,418.805296,125.641589
50.575000,417.573726,125.272118
50.580000,413.623201,124.086960
50.585000,409.576164,122.872849
50.590000,423.626591,127.087977
50.595000,410.911455,123.273436
50.600000,386.950577,116.085173
50.605000,378.715838,113.614751
50.610000,340.435544,102.130663
50.615000,307.759587,92.327876
50.620000,288.768194,86.630458
50.625000,272.368118,81.710435
50.630000,255.489044,76.646713
50.635000,235.052081,70.515624
50.640000,199.456282,59.836885
50.645000,176.396978,52.919094
50.650000,161.039988,48.311996
50.655000,123.869584,37.160875
50.660000,121.709982,36.512995
50.665000,137.561946,41.268584
50.670000,114.847098,34.454129
50.675000,91.564019,27.469206
50.680000,76.652302,22.995691
50.685000,65.416901,19.625070
50.690000,56.938648,17.081594
50.695000,70.877970,21.263391
50.700000,71.184857,21.355457
50.705000,84.741778,25.422533
50.710000,80.789562,24.236869
50.715000,76.545218,22.963565
50.720000,77.852799,23.355840
50.725000,94.561481,28.368444
50.730000,120.781292,36.234388
50.735000,159.029395,47.708819
50.740000,201.584411,60.475323
50.745000,237.391085,71.217325
50.750000,270.144495,81.043349
50.755000,296.792681,89.037804
50.760000,322.821795,96.846539
50.765000,339.244876,101.773463
50.770000,362.705920,108.811776
50.775000,387.050977,116.115293
50.780000,402.273627,120.682088
50.785000,415.143903,124.543171
50.790000,423.232219,126.969666
50.795000,443.647204,133.094161
50.800000,442.600914,132.780274
50.805000,457.032042,137.109613
50.810000,448.715444,134.614633
50.815000,470.413201,141.123960
50.820000,465.783941,139.735182
50.825000,465.750053,139.725016
50.830000,449.002334,134.700700
50.835000,438.832202,131.649660
50.840000,411.121595,123.336478
50.845000,390.128022,117.038406
50.850000,398.488493,119.546548
50.855000,369.686375,110.905913
50.860000,366.425954,109.927786
50.865000,338.156874,101.447062
50.870000,312.291117,93.687335
50.875000,273.320847,81.996254
50.880000,263.890148,79.167044
50.885000,232.371125,69.711338
50.890000,211.542343,63.462703
50.895000,186.350066,55.905020
50.900000,159.024627,47.707388
50.905000,144.919033,43.475710
50.910000,112.000375,33.600113
50.915000,94.642916,28.392875
50.920000,72.170507,21.651152
50.925000,53.543013,16.062904
50.930000,30.658191,9.197457
50.935000,48.422240,14.526672
50.940000,69.897051,20.969115
50.945000,94.227529,28.268259
50.950000,98.415592,29.524678
50.955000,114.595361,34.378608
50.960000,108.053744,32.416123
50.965000,108.559908,32.567972
50.970000,124.776579,37.432974
50.975000,158.419716,47.525915
50.980000,185.867712,55.760314
50.985000,216.409017,64.922705
50.990000,220.108245,66.032473
50.995000,217.682874,65.304862
51.000000,236.759260,71.027778
51.005000,259.033013,77.709904
51.010000,294.999546,88.499864
51.015000,331.845857,99.553757
51.020000,371.102953,111.330886
51.025000,394.827535,118.448260
51.030000,417.789987,125.336996
51.035000,423.544569,127.063371
51.040000,431.745505,129.523651
51.045000,451.694939,135.508482
51.050000,461.773912,138.532174
51.055000,461.967915,138.590374
51.060000,454.772170,136.431651
51.065000,463.238163,138.971449
51.070000,436.578851,130.973655
51.075000,409.964287,122.989286
51.080000,395.122910,118.536873
51.085000,389.387801,116.816340
51.090000,378.830114,113.649034
51.095000,387.083436,116.125031
51.100000,383.402593,115.020778
51.105000,378.289687,113.486906
51.110000,353.750264,106.125079
51.115000,330.897730,99.269319
51.120000,283.386369,85.015911
51.125000,259.055293,77.716588
51.130000,216.100633,64.830190
51.135000,193.939642,58.181893
51.140000,168.008557,50.402567
51.145000,139.585000,41.875500
51.150000,117.659192,35.297758
51.155000,93.592532,28.077760
51.160000,78.429512,23.528854
51.165000,61.399183,18.419755
51.170000,61.074951,18.322485
51.175000,47.144323,14.143297
51.180000,37.419803,11.225941
51.185000,37.127287,11.138186
51.190000,27.674644,8.302393
51.195000,36.808931,11.042679
51.200000,33.689261,10.106778
51.205000,62.909906,18.872972
51.210000,61.380386,18.414116
51.215000,90.425628,27.127688
51.220000,99.543618,29.863085
51.225000,134.326133,40.297840
51.230000,142.356757,42.707027
51.235000,178.272812,53.481843
51.240000,191.917979,57.575394
51.245000,229.904480,68.971344
51.250000,255.210436,76.563131
51.255000,286.245836,85.873751
51.260000,318.234430,95.470329
51.265000,335.541012,100.662303
51.270000,357.699696,107.309909
51.275000,373.146056,111.943817
51.280000,373.928126,112.178438
51.285000,380.494651,114.148395
51.290000,398.454077,119.536223
51.295000,412.860510,123.858153
51.300000,416.618745,124.985624
51.305000,434.532381,130.359714
51.310000,434.798983,130.439695
51.315000,419.949255,125.984777
51.320000,406.227521,121.868256
51.325000,394.956400,118.486920
51.330000,395.949341,118.784802
51.335000,394.681283,118.404385
51.340000,394.565934,118.369780
51.345000,359.269926,107.780978
51.350000,348.633461,104.590038
51.355000,316.384215,94.915265
51.360000,284.956728,85.487018
51.365000,257.758098,77.327429
51.370000,235.371768,70.611530
51.375000,206.687098,62.006129
51.380000,171.612004,51.483601
51.385000,154.595079,46.378524
51.390000,126.358439,37.907532
51.395000,107.065376,32.119613
51.400000,85.652857,25.695857
51.405000,62.727387,18.818216
51.410000,26.341425,7.902427
51.415000,15.268049,4.580415
51.420000,3.501443,1.050433
51.425000,-8.435486,-2.530646
51.430000,4.658419,1.397526
51.435000,7.701123,2.310337
51.440000,-3.188391,-0.956517
51.445000,-0.586238,-0.175871
51.450000,12.807064,3.842119
51.455000,5.494003,1.648201
51.460000,13.662896,4.098869
51.465000,38.113104,11.433931
51.470000,62.111938,18.633582
51.475000,72.818441,21.845532
51.480000,97.143529,29.143059
51.485000,111.091457,33.327437
51.490000,137.097065,41.129119
51.495000,148.753125,44.625938
51.500000,188.429607,56.528882
51.505000,213.412125,64.023637
51.510000,242.211880,72.663564
51.515000,268.529244,80.558773
51.520000,297.082763,89.124829
51.525000,303.709786,91.112936
51.530000,321.704828,96.511449
51.535000,333.691984,100.107595
51.540000,333.337023,100.001107
51.545000,339.299938,101.789982
51.550000,355.997487,106.799246
51.555000,356.424552,106.927365
51.560000,361.085732,108.325719
51.565000,363.852183,109.155655
51.570000,371.045348,111.313604
51.575000,370.644317,111.193295
51.580000,357.850401,107.355120
51.585000,352.455715,105.736714
51.590000,341.234784,102.370435
51.595000,314.719880,94.415964
51.600000,282.149149,84.644745
51.605000,256.984632,77.095390
51.610000,235.460931,70.638279
51.615000,211.278579,63.383574
51.620000,179.792977,53.937893
51.625000,162.516623,48.754987
51.630000,153.705793,46.111738
51.635000,130.606405,39.181922
51.640000,91.865346,27.559604
51.645000,73.957374,22.187212
51.650000,34.282365,10.284710
51.655000,11.958803,3.587641
51.660000,-4.792736,-1.437821
51.665000,-24.373851,-7.312155
51.670000,-35.215228,-10.564568
51.675000,-42.342593,-12.702778
51.680000,-46.667858,-14.000357
51.685000,-62.373341,-18.712002
51.690000,-58.312586,-17.493776
51.695000,-58.051888,-17.415567
51.700000,-60.384945,-18.115484
51.705000,-66.814855,-20.044456
51.710000,-55.164864,-16.549459
51.715000,-35.050688,-10.515207
51.720000,-15.107685,-4.532306
51.725000,-0.816629,-0.244989
51.730000,44.623576,13.387073
51.735000,76.201336,22.860401
51.740000,108.773882,32.632165
51.745000,119.459828,35.837948
51.750000,138.169778,41.450934
51.755000,136.065000,40.819500
51.760000,147.401544,44.220463
51.765000,182.559156,54.767747
51.770000,225.443270,67.632981
51.775000,258.900079,77.670024
51.780000,294.092866,88.227860
51.785000,322.094050,96.628215
51.790000,317.628070,95.288421
51.795000,327.895316,98.368595
51.800000,343.041979,102.912594
51.805000,332.952657,99.885797
51.810000,315.386938,94.616082
51.815000,313.165392,93.949618
51.820000,307.139704,92.141911
51.825000,286.025162,85.807549
51.830000,267.879296,80.363789
51.835000,268.812035,80.643611
51.840000,231.756339,69.526902
51.845000,220.240379,66.072114
51.850000,207.309581,62.192874
51.855000,204.212253,61.263676
51.860000,191.140653,57.342196
51.865000,176.556126,52.966838
51.870000,127.332146,38.199644
51.875000,123.158307,36.947492
51.880000,88.728314,26.618494
51.885000,46.762574,14.028772
51.890000,35.567841,10.670352
51.895000,29.049463,8.714839
51.900000,-0.680798,-0.204240
51.905000,-17.827343,-5.348203
51.910000,-37.733405,-11.320021
51.915000,-55.664305,-16.699292
51.920000,-74.934513,-22.480354
51.925000,-85.312125,-25.593637
51.930000,-92.345149,-27.703545
51.935000,-78.854026,-23.656208
51.940000,-86.562262,-25.968678
51.945000,-82.524982,-24.757495
51.950000,-73.603698,-22.081109
51.955000,-55.902964,-16.770889
51.960000,-56.937906,-17.081372
51.965000,-43.335963,-13.000789
51.970000,-37.273890,-11.182167
51.975000,-34.514099,-10.354230
51.980000,-22.243855,-6.673156
51.985000,-5.212250,-1.563675
51.990000,13.056204,3.916861
51.995000,36.592345,10.977703
52.000000,66.256058,19.876817
52.005000,94.701540,28.410462
52.010000,109.059196,32.717759
52.015000,140.977693,42.293308
52.020000,155.156808,46.547042
52.025000,166.630476,49.989143
52.030000,207.250305,62.175091
52.035000,235.537714,70.661314
52.040000,249.588591,74.876577
52.045000,269.705323,80.911597
52.050000,272.813862,81.844158
52.055000,234.034007,70.210202
52.060000,235.479184,70.643755
52.065000,235.213370,70.564011
52.070000,248.143091,74.442927
52.075000,237.594050,71.278215
52.080000,246.305810,73.891743
52.085000,244.722607,73.416782
52.090000,215.415434,64.624630
52.095000,190.732175,57.219653
52.100000,170.811743,51.243523
52.105000,149.544737,44.863421
52.110000,127.155378,38.146613
52.115000,118.493908,35.548172
52.120000,90.043245,27.012974
52.125000,71.738814,21.521644
52.130000,44.035796,13.210739
52.135000,15.832402,4.749721
52.140000,-10.232882,-3.069865
52.145000,-37.152846,-11.145854
52.150000,-50.189380,-15.056814
52.155000,-65.863694,-19.759108
52.160000,-106.384459,-31.915338
52.165000,-119.832492,-35.949748
52.170000,-137.057053,-41.117116
52.175000,-146.086724,-43.826017
52.180000,-151.231844,-45.369553
52.185000,-139.076638,-41.722991
52.190000,-129.624979,-38.887494
52.195000,-129.598498,-38.879549
52.200000,-131.366962,-39.410089
52.205000,-139.295998,-41.788799
52.210000,-129.854979,-38.956494
52.215000,-125.457098,-37.637129
52.220000,-102.351633,-30.705490
52.225000,-90.138266,-27.041480
52.230000,-62.017063,-18.605119
52.235000,-43.899897,-13.169969
52.240000,-16.387465,-4.916239
52.245000,7.171234,2.151370
52.250000,51.157648,15.347294
52.255000,78.237079,23.471124
52.260000,90.787710,27.236313
52.265000,107.821992,32.346598
52.270000,120.576158,36.172847
52.275000,139.720460,41.916138
52.280000,168.455977,50.536793
52.285000,200.182273,60.054682
52.290000,219.551362,65.865409
52.295000,231.089342,69.326803
52.300000,213.582646,64.074794
52.305000,203.138893,60.941668
52.310000,204.015295,61.204589
52.315000,187.609195,56.282759
52.320000,196.658343,58.997503
52.325000,211.009716,63.302915
52.330000,211.214167,63.364250
52.335000,213.539405,64.061822
52.340000,217.453906,65.236172
52.345000,196.189399,58.856820
52.350000,174.820579,52.446174
52.355000,152.960686,45.888206
52.360000,108.696114,32.608834
52.365000,88.758915,26.627675
52.370000,74.189753,22.256926
52.375000,46.146423,13.843927
52.380000,10.686704,3.206011
52.385000,25.475135,7.642540
52.390000,-2.627668,-0.788301
52.395000,-25.259843,-7.577953
52.400000,-30.104739,-9.031422
52.405000,-36.405849,-10.921755
52.410000,-83.211699,-24.963510
52.415000,-99.273063,-29.781919
52.420000,-126.712576,-38.013773
52.425000,-144.979626,-43.493888
52.430000,-172.006623,-51.601987
52.435000,-173.542492,-52.062748
52.440000,-174.861884,-52.458565
52.445000,-177.116447,-53.134934
52.450000,-161.109833,-48.332950
52.455000,-148.766127,-44.629838
52.460000,-131.647594,-39.494278
52.465000,-125.838934,-37.751680
52.470000,-93.375639,-28.012692
52.475000,-95.166747,-28.550024
52.480000,-44.158503,-13.247551
52.485000,-21.558552,-6.467565
52.490000,21.480355,6.444106
52.495000,50.030585,15.009175
52.500000,86.216387,25.864916
52.505000,92.151152,27.645346
52.510000,106.472686,31.941806
52.515000,120.582116,36.174635
52.520000,138.280308,41.484092
52.525000,152.625459,45.787638
52.530000,159.553988,47.866196
52.535000,176.287689,52.886307
52.540000,191.129304,57.338791
52.545000,198.172635,59.451791
52.550000,211.633898,63.490169
52.555000,228.127469,68.438241
52.560000,225.477998,67.643399
52.565000,213.269191,63.980757
52.570000,208.067305,62.420191
52.575000,196.761783,59.028535
52.580000,186.716624,56.014987
52.585000,192.428516,57.728555
52.590000,176.371832,52.911550
52.595000,148.698786,44.609636
52.600000,137.566700,41.270010
52.605000,114.996213,34.498864
52.610000,82.364640,24.709392
52.615000,88.535168,26.560550
52.620000,92.892643,27.867793
52.625000,67.310872,20.193262
52.630000,54.028612,16.208584
52.635000,31.611097,9.483329
52.640000,-5.013506,-1.504052
52.645000,-44.436949,-13.331085
52.650000,-75.991534,-22.797460
52.655000,-106.601453,-31.980436
52.660000,-111.472540,-33.441762
52.665000,-120.972185,-36.291655
52.670000,-132.671110,-39.801333
52.675000,-126.171282,-37.851385
52.680000,-129.507622,-38.852287
52.685000,-136.401428,-40.920428
52.690000,-151.372230,-45.411669
52.695000,-134.987524,-40.496257
52.700000,-138.754255,-41.626277
52.705000,-130.117183,-39.035155
52.710000,-126.567689,-37.970307
52.715000,-107.441393,-32.232418
52.720000,-102.398636,-30.719591
52.725000,-92.887245,-27.866173
52.730000,-54.934107,-16.480232
52.735000,-34.760448,-10.428135
52.740000,-26.588879,-7.976664
52.745000,-15.263623,-4.579087
52.750000,-1.463714,-0.439114
52.755000,5.192738,1.557822
52.760000,44.792474,13.437742
52.765000,70.735387,21.220616
52.770000,110.009184,33.002755
52.775000,139.705972,41.911792
52.780000,173.730406,52.119122
52.785000,183.350921,55.005276
52.790000,214.773439,64.432032
52.795000,241.215747,72.364724
52.800000,279.694808,83.908442
52.805000,285.970409,85.791123
52.810000,281.992986,84.597896
52.815000,269.088599,80.726580
52.820000,246.906102,74.071831
52.825000,213.380180,64.014054
52.830000,211.178148,63.353444
52.835000,202.941014,60.882304
52.840000,200.811765,60.243530
52.845000,194.507536,58.352261
52.850000,206.870543,62.061163
52.855000,166.891835,50.067550
52.860000,156.173017,46.851905
52.865000,134.446388,40.333916
52.870000,107.638526,32.291558
52.875000,50.915924,15.274777
52.880000,38.789062,11.636719
52.885000,-0.978701,-0.293610
52.890000,-30.381329,-9.114399
52.895000,-49.228645,-14.768593
52.900000,-53.089750,-15.926925
52.905000,-69.970335,-20.991101
52.910000,-85.769168,-25.730750
52.915000,-94.601597,-28.380479
52.920000,-105.461071,-31.638321
52.925000,-114.459588,-34.337876
52.930000,-123.536846,-37.061054
52.935000,-122.429589,-36.728877
52.940000,-113.022358,-33.906707
52.945000,-117.168002,-35.150401
52.950000,-122.138254,-36.641476
52.955000,-117.972341,-35.391702
52.960000,-93.194122,-27.958237
52.965000,-91.734850,-27.520455
52.970000,-72.992694,-21.897808
52.975000,-43.758375,-13.127513
52.980000,-19.970892,-5.991268
52.985000,-7.521067,-2.256320
52.990000,24.071884,7.221565
52.995000,40.665350,12.199605
53.000000,81.836073,24.550822
53.005000,111.260979,33.378294
53.010000,131.214694,39.364408
53.015000,164.772625,49.431787
53.020000,206.295124,61.888537
53.025000,228.221686,68.466506
53.030000,234.037368,70.211210
53.035000,272.935572,81.880672
53.040000,277.736652,83.320996
53.045000,270.150908,81.045273
53.050000,274.448898,82.334669
53.055000,288.873541,86.662062
53.060000,270.995252,81.298576
53.065000,269.832896,80.949869
53.070000,268.623839,80.587152
53.075000,261.983536,78.595061
53.080000,254.444704,76.333411
53.085000,249.471636,74.841491
53.090000,249.142234,74.742670
53.095000,249.251654,74.775496
53.100000,220.664721,66.199416
53.105000,194.430562,58.329169
53.110000,174.456730,52.337019
53.115000,148.723738,44.617121
53.120000,120.010677,36.003203
53.125000,92.879822,27.863947
53.130000,84.293813,25.288144
53.135000,61.666140,18.499842
53.140000,29.853392,8.956018
53.145000,30.157447,9.047234
53.150000,8.564522,2.569357
53.155000,-15.683069,-4.704921
53.160000,-46.925466,-14.077640
53.165000,-62.881286,-18.864386
53.170000,-86.246306,-25.873892
53.175000,-75.143589,-22.543077
53.180000,-92.418250,-27.725475
53.185000,-72.972165,-21.891650
53.190000,-62.959829,-18.887949
53.195000,-64.580953,-19.374286
53.200000,-46.239099,-13.871730
53.205000,-25.424020,-7.627206
53.210000,-26.366532,-7.909960
53.215000,-13.449293,-4.034788
53.220000,-9.475472,-2.842642
53.225000,3.558725,1.067618
53.230000,34.005951,10.201785
53.235000,61.806793,18.542038
53.240000,88.360416,26.508125
53.245000,133.902294,40.170688
53.250000,163.169543,48.950863
53.255000,176.143418,52.843025
53.260000,194.592041,58.377612
53.265000,197.782826,59.334848
53.270000,214.780010,64.434003
53.275000,208.252006,62.475602
53.280000,232.368944,69.710683
53.285000,264.697998,79.409399
53.290000,293.699808,88.109942
53.295000,301.577527,90.473258
53.300000,334.690533,100.407160
53.305000,341.847339,102.554202
53.310000,344.659565,103.397869
53.315000,357.269131,107.180739
53.320000,352.284111,105.685233
53.325000,329.751847,98.925554
53.330000,343.857936,103.157381
53.335000,329.670606,98.901182
53.340000,299.611968,89.883590
53.345000,292.196546,87.658964
53.350000,276.844308,83.053292
53.355000,226.067578,67.820274
53.360000,202.404087,60.721226
53.365000,188.064323,56.419297
53.370000,166.504436,49.951331
53.375000,151.721757,45.516527
53.380000,123.627457,37.088237
53.385000,91.128757,27.338627
53.390000,75.032717,22.509815
53.395000,49.896469,14.968941
53.400000,35.399337,10.619801
53.405000,33.948962,10.184689
53.410000,18.584191,5.575257
53.415000,2.858929,0.857679
53.420000,-12.807889,-3.842367
53.425000,-28.817707,-8.645312
53.430000,-26.332120,-7.899636
53.435000,0.641546,0.192464
53.440000,-3.238802,-0.971641
53.445000,15.094612,4.528384
53.450000,22.779348,6.833804
53.455000,29.517726,8.855318
53.460000,4.321582,1.296475
53.465000,17.553916,5.266175
53.470000,32.490349,9.747105
53.475000,54.325774,16.297732
53.480000,63.909346,19.172804
53.485000,115.509952,34.652986
53.490000,152.762132,45.828639
53.495000,176.697615,53.009284
53.500000,197.111079,59.133324
53.505000,226.520095,67.956029
53.510000,246.617216,73.985165
53.515000,272.196692,81.659008
53.520000,307.744132,92.323240
53.525000,328.013092,98.403928
53.530000,343.708481,103.112544
53.535000,354.293317,106.287995
53.540000,368.496684,110.549005
53.545000,371.130750,111.339225
53.550000,387.739661,116.321898
53.555000,406.630836,121.989251
53.560000,420.420761,126.126228
53.565000,412.344335,123.703301
53.570000,399.846285,119.953886
53.575000,387.086236,116.125871
53.580000,375.893288,112.767986
53.585000,364.936960,109.481088
53.590000,349.149055,104.744716
53.595000,338.093019,101.427906
53.600000,336.045154,100.813546
53.605000,310.996965,93.299089
53.610000,287.852618,86.355785
53.615000,265.368930,79.610679
53.620000,238.032619,71.409786
53.625000,190.248561,57.074568
53.630000,165.567210,49.670163
53.635000,133.294290,39.988287
53.640000,119.924872,35.977462
53.645000,95.775187,28.732556
53.650000,84.574645,25.372393
53.655000,75.929098,22.778730
53.660000,65.472221,19.641666
53.665000,48.729739,14.618922
53.670000,53.805516,16.141655
53.675000,35.255194,10.576558
53.680000,21.168790,6.350637
53.685000,11.971690,3.591507
53.690000,19.847167,5.954150
53.695000,16.070185,4.821056
53.700000,40.851479,12.255444
53.705000,68.238920,20.471676
53.710000,86.156096,25.846829
53.715000,91.336514,27.400954
53.720000,113.678440,34.103532
53.725000,127.619162,38.285748
53.730000,146.017659,43.805298
53.735000,179.159768,53.747930
53.740000,211.442569,63.432771
53.745000,233.978998,70.193699
53.750000,259.231807,77.769542
53.755000,271.932551,81.579765
53.760000,287.730135,86.319040
53.765000,290.800833,87.240250
53.770000,316.861198,95.058359
53.775000,348.264106,104.479232
53.780000,371.187536,111.356261
53.785000,388.061819,116.418546
53.790000,417.271034,125.181310
53.795000,428.975143,128.692543
53.800000,434.974599,130.492380
53.805000,456.665367,136.999610
53.810000,457.588317,137.276495
53.815000,460.948932,138.284680
53.820000,462.272478,138.681743
53.825000,454.674451,136.402335
53.830000,429.539394,128.861818
53.835000,416.737568,125.021270
53.840000,394.830974,118.449292
53.845000,378.407067,113.522120
53.850000,370.866640,111.259992
53.855000,346.864155,104.059247
53.860000,336.926443,101.077933
53.865000,322.705823,96.811747
53.870000,301.084071,90.325221
53.875000,266.785887,80.035766
53.880000,251.232114,75.369634
53.885000,230.566283,69.169885
53.890000,193.569460,58.070838
53.895000,163.586953,49.076086
53.900000,126.621984,37.986595
53.905000,88.220460,26.466138
53.910000,57.615292,17.284588
53.915000,40.336566,12.100970
53.920000,32.473327,9.741998
53.925000,46.094450,13.828335
53.930000,53.852747,16.155824
53.935000,56.736148,17.020844
53.940000,67.794858,20.338457
53.945000,65.175173,19.552552
53.950000,64.913044,19.473913
53.955000,79.911039,23.973312
53.960000,89.822226,26.946668
53.965000,100.533513,30.160054
53.970000,116.044302,34.813291
53.975000,141.179421,42.353826
53.980000,156.537933,46.961380
53.985000,195.106273,58.531882
53.990000,223.771349,67.131405
53.995000,264.058540,79.217562
54.000000,273.354939,82.006482
54.005000,296.555380,88.966614
54.010000,313.691397,94.107419
54.015000,343.798465,103.139540
54.020000,354.520885,106.356265
54.025000,402.127517,120.638255
54.030000,427.951551,128.385465
54.035000,443.896806,133.169042
54.040000,450.388827,135.116648
54.045000,477.368199,143.210460
54.050000,477.308594,143.192578
54.055000,486.540245,145.962074
54.060000,474.391523,142.317457
54.065000,482.127763,144.638329
54.070000,462.071919,138.621576
54.075000,452.279311,135.683793
54.080000,447.247171,134.174151
54.085000,442.482848,132.744855
54.090000,426.705741,128.011722
54.095000,420.497128,126.149138
54.100000,399.433435,119.830030
54.105000,368.356853,110.507056
54.110000,343.261586,102.978476
54.115000,312.357101,93.707130
54.120000,270.500746,81.150224
54.125000,252.157471,75.647241
54.130000,230.654925,69.196477
54.135000,204.801561,61.440468
54.140000,186.310456,55.893137
54.145000,163.471221,49.041366
54.150000,107.947281,32.384184
54.155000,97.491272,29.247382
54.160000,99.498218,29.849465
54.165000,72.932721,21.879816
54.170000,65.432084,19.629625
54.175000,84.233847,25.270154
54.180000,65.170381,19.551114
54.185000,45.699666,13.709900
54.190000,53.373599,16.012080
54.195000,60.295990,18.088797
54.200000,60.376327,18.112898
54.205000,74.309498,22.292849
54.210000,91.327466,27.398240
54.215000,104.003757,31.201127
54.220000,123.208044,36.962413
54.225000,133.541874,40.062562
54.230000,164.516489,49.354947
54.235000,175.001174,52.500352
54.240000,204.170627,61.251188
54.245000,231.206077,69.361823
54.250000,272.750314,81.825094
54.255000,288.124869,86.437461
54.260000,336.683314,101.004994
54.265000,352.009387,105.602816
54.270000,371.235223,111.370567
54.275000,390.062709,117.018813
54.280000,403.107802,120.932341
54.285000,405.160080,121.548024
54.290000,438.992999,131.697900
54.295000,445.666563,133.699969
54.300000,449.620241,134.886072
54.305000,457.337363,137.201209
54.310000,463.235165,138.970550
54.315000,453.904468,136.171340
54.320000,454.483621,136.345086
54.325000,454.724707,136.417412
54.330000,448.428513,134.528554
54.335000,441.517582,132.455275
54.340000,436.052158,130.815647
54.345000,413.383645,124.015094
54.350000,403.856693,121.157008
54.355000,377.578343,113.273503
54.360000,355.926065,106.777820
54.365000,321.946214,96.583864
54.370000,301.235426,90.370628
54.375000,246.851888,74.055567
54.380000,237.812226,71.343668
54.385000,201.316859,60.395058
54.390000,169.388302,50.816491
54.395000,157.044772,47.113432
54.400000,151.638485,45.491545
54.405000,134.098250,40.229475
54.410000,135.882199,40.764660
54.415000,132.559137,39.767741
54.420000,113.463430,34.039029
54.425000,109.170971,32.751291
54.430000,76.692661,23.007798
54.435000,60.934185,18.280256
54.440000,55.896346,16.768904
54.445000,52.706657,15.811997
54.450000,54.317404,16.295221
54.455000,61.839876,18.551963
54.460000,79.169922,23.750977
54.465000,102.416294,30.724888
54.470000,112.434369,33.730311
54.475000,130.297718,39.089315
54.480000,174.836691,52.451007
54.485000,193.067271,57.920181
54.490000,197.830156,59.349047
54.495000,224.300279,67.290084
54.500000,254.336766,76.301030
54.505000,281.012456,84.303737
54.510000,293.021324,87.906397
54.515000,324.727812,97.418344
54.520000,348.442528,104.532758
54.525000,359.882167,107.964650
54.530000,366.374345,109.912303
54.535000,391.154357,117.346307
54.540000,399.431522,119.829457
54.545000,433.704430,130.111329
54.550000,443.207338,132.962202
54.555000,444.795508,133.438652
54.560000,456.329695,136.898908
54.565000,461.109664,138.332899
54.570000,438.836453,131.650936
54.575000,440.604368,132.181310
54.580000,423.791477,127.137443
54.585000,408.014440,122.404332
54.590000,400.529977,120.158993
54.595000,389.392106,116.817632
54.600000,360.257726,108.077318
54.605000,346.376421,103.912926
54.610000,303.239343,90.971803
54.615000,269.289959,80.786988
54.620000,240.802128,72.240638
54.625000,223.177595,66.953279
54.630000,198.434521,59.530356
54.635000,183.433848,55.030154
54.640000,153.050976,45.915293
54.645000,126.780147,38.034044
54.650000,98.864986,29.659496
54.655000,87.080383,26.124115
54.660000,72.138830,21.641649
54.665000,59.145939,17.743782
54.670000,45.640486,13.692146
54.675000,30.575025,9.172508
54.680000,11.944653,3.583396
54.685000,-9.695628,-2.908689
54.690000,-19.289121,-5.786736
54.695000,-25.700925,-7.710278
54.700000,-12.892760,-3.867828
54.705000,-3.366199,-1.009860
54.710000,26.416032,7.924810
54.715000,62.029735,18.608921
54.720000,79.452099,23.835630
54.725000,103.180879,30.954264
54.730000,127.061365,38.118409
54.735000,141.978280,42.593484
54.740000,167.446449,50.233935
54.745000,188.080035,56.424010
54.750000,194.172210,58.251663
54.755000,213.534512,64.060354
54.760000,246.045054,73.813516
54.765000,255.611190,76.683357
54.770000,271.705047,81.511514
54.775000,298.437061,89.531118
54.780000,317.734905,95.320471
54.785000,350.807017,105.242105
54.790000,376.903589,113.071077
54.795000,405.821098,121.746329
54.800000,407.748814,122.324644
54.805000,416.308478,124.892543
54.810000,389.051065,116.715319
54.815000,378.726909,113.618073
54.820000,376.436035,112.930810
54.825000,374.577348,112.373204
54.830000,363.525664,109.057699
54.835000,356.959942,107.087982
54.840000,335.000694,100.500208
54.845000,325.951383,97.785415
54.850000,313.271260,93.981378
54.855000,286.575355,85.972606
54.860000,259.304357,77.791307
54.865000,240.234120,72.070236
54.870000,206.815728,62.044718
54.875000,182.782672,54.834802
54.880000,170.680080,51.204024
54.885000,154.607977,46.382393
54.890000,119.371676,35.811503
54.895000,107.089120,32.126736
54.900000,87.209384,26.162815
54.905000,61.665801,18.499740
54.910000,50.267888,15.080366
54.915000,31.468417,9.440525
54.920000,-0.729545,-0.218863
54.925000,-24.303640,-7.291092
54.930000,-28.845081,-8.653524
54.935000,-52.994623,-15.898387
54.940000,-44.907826,-13.472348
54.945000,-27.957579,-8.387274
54.950000,-13.688342,-4.106503
54.955000,-18.004725,-5.401418
54.960000,17.124856,5.137457
54.965000,22.807669,6.842301
54.970000,30.458080,9.137424
54.975000,41.766758,12.530028
54.980000,68.906074,20.671822
54.985000,73.477594,22.043278
54.990000,100.122444,30.036733
54.995000,121.764431,36.529329
55.000000,137.100175,41.130053
55.005000,161.189055,48.356716
55.010000,184.380593,55.314178
55.015000,221.006773,66.302032
55.020000,237.383866,71.215160
55.025000,262.543410,78.763023
55.030000,279.722033,83.916610
55.035000,308.038563,92.411569
55.040000,298.051473,89.415442
55.045000,313.490216,94.047065
55.050000,331.845023,99.553507
55.055000,322.601799,96.780540
55.060000,307.937491,92.381247
55.065000,328.219777,98.465933
55.070000,316.483597,94.945079
55.075000,299.141077,89.742323
55.080000,313.524333,94.057300
55.085000,299.811995,89.943598
55.090000,272.047671,81.614301
55.095000,242.009141,72.602742
55.100000,217.937194,65.381158
55.105000,172.365342,51.709603
55.110000,169.486167,50.845850
55.115000,160.893164,48.267949
55.120000,143.387836,43.016351
55.125000,141.353929,42.406179
55.130000,130.966258,39.289877
55.135000,90.248487,27.074546
55.140000,62.045086,18.613526
55.145000,51.202664,15.360799
55.150000,7.369284,2.210785
55.155000,-33.018927,-9.905678
55.160000,-57.048210,-17.114463
55.165000,-79.312826,-23.793848
55.170000,-98.309415,-29.492825
55.175000,-108.433032,-32.529909
55.180000,-94.193781,-28.258134
55.185000,-99.634681,-29.890404
55.190000,-93.630057,-28.089017
55.195000,-92.534828,-27.760449
55.200000,-80.652317,-24.195695
55.205000,-88.984763,-26.695429
55.210000,-69.605690,-20.881707
55.215000,-69.088534,-20.726560
55.220000,-62.899699,-18.869910
55.225000,-45.599610,-13.679883
55.230000,-16.994493,-5.098348
55.235000,11.307305,3.392192
55.240000,42.582159,12.774648
55.245000,72.002723,21.600817
55.250000,91.371848,27.411555
55.255000,96.241747,28.872524
55.260000,104.536369,31.360911
55.265000,135.416732,40.625020
55.270000,177.093997,53.128199
55.275000,208.163469,62.449041
55.280000,248.510773,74.553232
55.285000,278.193897,83.458169
55.290000,285.589625,85.676887
55.295000,271.093560,81.328068
55.300000,266.477675,79.943302
55.305000,278.732475,83.619742
55.310000,285.609046,85.682714
55.315000,282.722513,84.816754
55.320000,289.869106,86.960732
55.325000,286.539300,85.961790
55.330000,262.728116,78.818435
55.335000,233.085137,69.925541
55.340000,200.306679,60.092004
55.345000,185.830829,55.749249
55.350000,165.045770,49.513731
55.355000,145.544879,43.663464
55.360000,142.781714,42.834514
55.365000,137.896676,41.369003
55.370000,105.632095,31.689628
55.375000,87.854594,26.356378
55.380000,51.737878,15.521363
55.385000,20.985131,6.295539
55.390000,-6.339317,-1.901795
55.395000,-25.888421,-7.766526
55.400000,-47.995024,-14.398507
55.405000,-44.782352,-13.434705
55.410000,-74.764732,-22.429420
55.415000,-100.223578,-30.067074
55.420000,-94.877871,-28.463361
55.425000,-109.306642,-32.791993
55.430000,-116.027989,-34.808397
55.435000,-121.629711,-36.488913
55.440000,-111.599089,-33.479727
55.445000,-130.998088,-39.299426
55.450000,-120.617960,-36.185388
55.455000,-126.119109,-37.835733
55.460000,-114.714495,-34.414348
55.465000,-91.398324,-27.419497
55.470000,-67.169682,-20.150904
55.475000,-69.606859,-20.882058
55.480000,-48.783706,-14.635112
55.485000,-28.718557,-8.615567
55.490000,-27.445462,-8.233639
55.495000,-10.764768,-3.229430
55.500000,25.909120,7.772736
55.505000,52.437263,15.731179
55.510000,77.429610,23.228883
55.515000,95.563443,28.669033
55.520000,118.026469,35.407941
55.525000,149.355935,44.806781
55.530000,157.000122,47.100036
55.535000,184.770403,55.431121
55.540000,217.320535,65.196161
55.545000,229.518337,68.855501
55.550000,233.662401,70.098720
55.555000,244.214783,73.264435
55.560000,238.718864,71.615659
55.565000,226.421470,67.926441
55.570000,229.969909,68.990973
55.575000,231.607434,69.482230
55.580000,222.387094,66.716128
55.585000,222.442266,66.732680
55.590000,198.327528,59.498258
55.595000,169.913659,50.974098
55.600000,131.158310,39.347493
55.605000,128.532752,38.559826
55.610000,91.140208,27.342062
55.615000,89.930818,26.979245
55.620000,55.556320,16.666896
55.625000,38.994340,11.698302
55.630000,4.322615,1.296784
55.635000,-16.369064,-4.910719
55.640000,-68.519782,-20.555935
55.645000,-73.957809,-22.187343
55.650000,-90.010713,-27.003214
55.655000,-103.731848,-31.119555
55.660000,-117.828707,-35.348612
55.665000,-124.734159,-37.420248
55.670000,-140.254425,-42.076328
55.675000,-149.097579,-44.729274
55.680000,-172.701022,-51.810307
55.685000,-174.839545,-52.451863
55.690000,-165.519113,-49.655734
55.695000,-160.269483,-48.080845
55.700000,-155.467136,-46.640141
55.705000,-145.629301,-43.688790
55.710000,-115.470814,-34.641244
55.715000,-95.941296,-28.782389
55.720000,-76.995893,-23.098768
55.725000,-69.829247,-20.948774
55.730000,-42.705476,-12.811643
55.735000,-45.159841,-13.547952
55.740000,-34.329536,-10.298861
55.745000,-24.806419,-7.441926
55.750000,8.277223,2.483167
55.755000,31.974181,9.592254
55.760000,37.621315,11.286394
55.765000,55.869837,16.760951
55.770000,88.209342,26.462803
55.775000,106.446072,31.933822
55.780000,131.235051,39.370515
55.785000,159.419291,47.825787
55.790000,195.941986,58.782596
55.795000,207.959752,62.387926
55.800000,213.622499,64.086750
55.805000,213.814091,64.144227
55.810000,234.686754,70.406026
55.815000,234.369641,70.310892
55.820000,240.758215,72.227464
55.825000,233.044105,69.913231
55.830000,222.646969,66.794091
55.835000,193.366200,58.009860
55.840000,169.726965,50.918090
55.845000,142.270159,42.681048
55.850000,124.723016,37.416905
55.855000,111.532797,33.459839
55.860000,101.558670,30.467601
55.865000,88.234139,26.470242
55.870000,67.832680,20.349804
55.875000,55.154810,16.546443
55.880000,25.387722,7.616317
55.885000,5.144230,1.543269
55.890000,-20.677025,-6.203107
55.895000,-38.421197,-11.526359
55.900000,-68.607296,-20.582189
55.905000,-98.631684,-29.589505
55.910000,-134.949898,-40.484970
55.915000,-137.909347,-41.372804
55.920000,-152.609280,-45.782784
55.925000,-157.582565,-47.274769
55.930000,-155.054806,-46.516442
55.935000,-150.102654,-45.030796
55.940000,-142.566875,-42.770062
55.945000,-151.249868,-45.374960
55.950000,-148.811751,-44.643525
55.955000,-138.389473,-41.516842
55.960000,-131.406972,-39.422092
55.965000,-149.519457,-44.855837
55.970000,-128.709314,-38.612794
55.975000,-111.312116,-33.393635
55.980000,-93.276464,-27.982939
55.985000,-54.683036,-16.404911
55.990000,-29.727606,-8.918282
55.995000,4.141028,1.242308
56.000000,44.051317,13.215395
56.005000,80.501153,24.150346
56.010000,89.917578,26.975273
56.015000,99.981894,29.994568
56.020000,126.617394,37.985218
56.025000,140.443448,42.133035
56.030000,148.371623,44.511487
56.035000,185.338575,55.601572
56.040000,220.916567,66.274970
56.045000,227.551799,68.265540
56.050000,224.962959,67.488888
56.055000,238.901131,71.670339
56.060000,228.825351,68.647605
56.065000,228.507156,68.552147
56.070000,233.617663,70.085299
56.075000,237.884916,71.365475
56.080000,214.624608,64.387382
56.085000,212.010944,63.603283
56.090000,208.490040,62.547012
56.095000,176.531280,52.959384
56.100000,152.859789,45.857937
56.105000,144.597545,43.379264
56.110000,114.903315,34.470994
56.115000,85.882859,25.764858
56.120000,73.645630,22.093689
56.125000,48.374985,14.512495
56.130000,40.119594,12.035878
56.135000,12.352800,3.705840
56.140000,-16.223149,-4.866945
56.145000,-27.775182,-8.332555
56.150000,-25.339380,-7.601814
56.155000,-60.397130,-18.119139
56.160000,-72.744435,-21.823331
56.165000,-91.121724,-27.336517
56.170000,-109.163674,-32.749102
56.175000,-135.426176,-40.627853
56.180000,-148.059357,-44.417807
56.185000,-145.770148,-43.731044
56.190000,-125.522763,-37.656829
56.195000,-125.322797,-37.596839
56.200000,-102.079777,-30.623933
56.205000,-76.062425,-22.818728
56.210000,-62.952211,-18.885663
56.215000,-58.674166,-17.602250
56.220000,-41.816696,-12.545009
56.225000,-29.633718,-8.890115
56.230000,-10.069447,-3.020834
56.235000,18.343294,5.502988
56.240000,45.056142,13.516843
56.245000,72.246334,21.673900
56.250000,98.092052,29.427616
56.255000,115.768955,34.730686
56.260000,122.443577,36.733073
56.265000,159.175483,47.752645
56.270000,181.262090,54.378627
56.275000,190.062464,57.018739
56.280000,213.451128,64.035338
56.285000,239.884231,71.965269
56.290000,228.051297,68.415389
56.295000,234.876913,70.463074
56.300000,237.116173,71.134852
56.305000,243.986545,73.195964
56.310000,249.118165,74.735449
56.315000,272.715467,81.814640
56.320000,270.970689,81.291207
56.325000,280.009693,84.002908
56.330000,267.659323,80.297797
56.335000,254.308999,76.292700
56.340000,220.218298,66.065489
56.345000,212.835268,63.850580
56.350000,192.788768,57.836630
56.355000,170.248127,51.074438
56.360000,153.172184,45.951655
56.365000,138.097732,41.429320
56.370000,100.665599,30.199680
56.375000,77.189665,23.156899
56.380000,67.473215,20.241965
56.385000,39.951509,11.985453
56.390000,8.961910,2.688573
56.395000,-11.904848,-3.571454
56.400000,-19.738722,-5.921617
56.405000,-54.307135,-16.292140
56.410000,-58.842116,-17.652635
56.415000,-63.115751,-18.934725
56.420000,-63.368258,-19.010478
56.425000,-86.829159,-26.048748
56.430000,-98.186928,-29.456078
56.435000,-113.110659,-33.933198
56.440000,-93.275013,-27.982504
56.445000,-96.070779,-28.821234
56.450000,-83.420890,-25.026267
56.455000,-63.205925,-18.961778
56.460000,-47.821351,-14.346405
56.465000,-46.327861,-13.898358
56.470000,-23.235188,-6.970557
56.475000,10.412716,3.123815
56.480000,35.248296,10.574489
56.485000,58.656147,17.596844
56.490000,75.739888,22.721967
56.495000,87.191095,26.157329
56.500000,82.704715,24.811415
56.505000,114.283117,34.284935
56.510000,126.588540,37.976562
56.515000,168.109545,50.432863
56.520000,209.301306,62.790392
56.525000,242.118352,72.635506
56.530000,248.030155,74.409046
56.535000,281.441905,84.432572
56.540000,286.235473,85.870642
56.545000,301.587125,90.476138
56.550000,308.367862,92.510359
56.555000,321.935543,96.580663
56.560000,325.547754,97.664326
56.565000,324.268432,97.280530
56.570000,308.226275,92.467882
56.575000,295.315103,88.594531
56.580000,277.093263,83.127979
56.585000,261.130653,78.339196
56.590000,247.910126,74.373038
56.595000,244.822780,73.446834
56.600000,258.784054,77.635216
56.605000,265.531096,79.659329
56.610000,252.497314,75.749194
56.615000,246.559871,73.967961
56.620000,214.098605,64.229581
56.625000,167.473459,50.242038
56.630000,148.329613,44.498884
56.635000,113.092648,33.927794
56.640000,71.996447,21.598934
56.645000,49.226961,14.768088
56.650000,45.041477,13.512443
56.655000,3.561720,1.068516
56.660000,2.284875,0.685463
56.665000,-11.286004,-3.385801
56.670000,-29.933800,-8.980140
56.675000,-47.835555,-14.350666
56.680000,-46.848962,-14.054688
56.685000,-64.358198,-19.307460
56.690000,-66.892287,-20.067686
56.695000,-59.169850,-17.750955
56.700000,-45.971127,-13.791338
56.705000,-33.246581,-9.973974
56.710000,-8.864330,-2.659299
56.715000,17.873809,5.362143
56.720000,38.730524,11.619157
56.725000,55.324703,16.597411
56.730000,69.129104,20.738731
56.735000,80.421590,24.126477
56.740000,95.889111,28.766733
56.745000,127.178277,38.153483
56.750000,150.268040,45.080412
56.755000,189.750960,56.925288
56.760000,212.690652,63.807196
56.765000,241.559697,72.467909
56.770000,266.872117,80.061635
56.775000,280.773935,84.232180
56.780000,294.772201,88.431660
56.785000,323.306498,96.991949
56.790000,331.896562,99.568969
56.795000,350.910142,105.273043
56.800000,357.845582,107.353675
56.805000,371.197178,111.359153
56.810000,375.402386,112.620716
56.815000,378.011892,113.403568
56.820000,359.911832,107.973550
56.825000,359.962532,107.988760
56.830000,337.021449,101.106435
56.835000,331.463097,99.438929
56.840000,310.354357,93.106307
56.845000,311.224300,93.367290
56.850000,305.516989,91.655097
56.855000,303.251402,90.975421
56.860000,271.576738,81.473021
56.865000,245.152802,73.545841
56.870000,206.630304,61.989091
56.875000,174.595382,52.378615
56.880000,141.903287,42.570986
56.885000,121.988556,36.596567
56.890000,117.005681,35.101704
56.895000,101.500598,30.450180
56.900000,70.280721,21.084216
56.905000,63.971451,19.191435
56.910000,42.969062,12.890718
56.915000,31.998651,9.599595
56.920000,28.341610,8.502483
56.925000,26.232027,7.869608
56.930000,6.574957,1.972487
56.935000,26.459308,7.937792
56.940000,23.099243,6.929773
56.945000,26.970825,8.091247
56.950000,42.788712,12.836613
56.955000,54.815710,16.444713
56.960000,60.573857,18.172157
56.965000,76.706808,23.012042
56.970000,84.827600,25.448280
56.975000,110.498171,33.149451
56.980000,132.918339,39.875502
56.985000,154.828942,46.448682
56.990000,171.942448,51.582735
56.995000,199.357385,59.807215
57.000000,227.358713,68.207614
57.005000,258.449093,77.534728
57.010000,282.807688,84.842306
57.015000,313.029923,93.908977
57.020000,331.628432,99.488530
57.025000,347.538881,104.261664
57.030000,371.932103,111.579631
57.035000,387.602129,116.280639
57.040000,417.806473,125.341942
57.045000,433.275350,129.982605
57.050000,449.477815,134.843344
57.055000,437.241902,131.172571
57.060000,442.381803,132.714541
57.065000,424.254739,127.276422
57.070000,429.604026,128.881208
57.075000,419.154260,125.746278
57.080000,411.119110,123.335733
57.085000,392.375430,117.712629
57.090000,383.400153,115.020046
57.095000,349.819544,104.945863
57.100000,319.263890,95.779167
57.105000,299.507925,89.852377
57.110000,289.747455,86.924237
57.115000,281.212064,84.363619
57.120000,265.636068,79.690820
57.125000,246.410059,73.923018
57.130000,230.691441,69.207432
57.135000,196.322268,58.896680
57.140000,159.868371,47.960511
57.145000,148.089093,44.426728
57.150000,131.719064,39.515719
57.155000,110.667904,33.200371
57.160000,93.749034,28.124710
57.165000,93.637347,28.091204
57.170000,70.604379,21.181314
57.175000,61.142527,18.342758
57.180000,47.969194,14.390758
57.185000,45.282144,13.584643
57.190000,34.908266,10.472480
57.195000,40.425853,12.127756
57.200000,50.575674,15.172702
57.205000,69.217895,20.765368
57.210000,75.609735,22.682921
57.215000,71.757725,21.527317
57.220000,100.630694,30.189208
57.225000,111.619562,33.485869
57.230000,144.657969,43.397391
57.235000,179.091718,53.727515
57.240000,215.848598,64.754579
57.245000,237.549769,71.264931
57.250000,265.629015,79.688704
57.255000,279.479263,83.843779
57.260000,297.108332,89.132500
57.265000,332.687702,99.806311
57.270000,360.183498,108.055049
57.275000,379.826345,113.947904
57.280000,413.787485,124.136246
57.285000,434.308026,130.292408
57.290000,446.402077,133.920623
57.295000,437.110001,131.133000
57.300000,435.605527,130.681658
57.305000,444.802338,133.440701
57.310000,464.276047,139.282814
57.315000,471.845910,141.553773
57.320000,468.582354,140.574706
57.325000,479.878631,143.963589
57.330000,457.552783,137.265835
57.335000,435.055285,130.516585
57.340000,413.835771,124.150731
57.345000,403.194242,120.958273
57.350000,381.072927,114.321878
57.355000,347.713990,104.314197
57.360000,321.858882,96.557665
57.365000,298.849610,89.654883
57.370000,275.544373,82.663312
57.375000,249.809079,74.942724
57.380000,230.659005,69.197702
57.385000,209.141677,62.742503
57.390000,189.872475,56.961742
57.395000,175.506505,52.651952
57.400000,159.881821,47.964546
57.405000,132.667900,39.800370
57.410000,112.647520,33.794256
57.415000,97.245947,29.173784
57.420000,76.549786,22.964936
57.425000,60.844086,18.253226
57.430000,58.509843,17.552953
57.435000,69.056971,20.717091
57.440000,59.035394,17.710618
57.445000,63.351607,19.005482
57.450000,78.099900,23.429970
57.455000,103.968370,31.190511
57.460000,109.442989,32.832897
57.465000,135.737489,40.721247
57.470000,160.508167,48.152450
57.475000,173.949713,52.184914
57.480000,182.894308,54.868292
57.485000,197.641460,59.292438
57.490000,208.935004,62.680501
57.495000,234.866541,70.459962
57.500000,260.058300,78.017490
57.505000,289.328416,86.798525
57.510000,322.875708,96.862712
57.515000,351.066094,105.319828
57.520000,359.868244,107.960473
57.525000,375.601798,112.680539
57.530000,385.253105,115.575931
57.535000,382.300262,114.690078
57.540000,398.246962,119.474089
57.545000,411.614584,123.484375
57.550000,416.827209,125.048163
57.555000,423.291136,126.987341
57.560000,448.521570,134.556471
57.565000,445.063594,133.519078
57.570000,459.328880,137.798664
57.575000,462.454165,138.736250
57.580000,458.160605,137.448182
57.585000,443.419545,133.025864
57.590000,435.716850,130.715055
57.595000,411.257043,123.377113
57.600000,384.125537,115.237661
57.605000,362.527574,108.758272
57.610000,325.610445,97.683134
57.615000,294.649338,88.394802
57.620000,269.550275,80.865083
57.625000,264.353810,79.306143
57.630000,253.953456,76.186037
57.635000,243.848278,73.154483
57.640000,229.354021,68.806206
57.645000,207.414714,62.224414
57.650000,196.192874,58.857862
57.655000,177.431465,53.229440
57.660000,175.638580,52.691574
57.665000,155.949269,46.784781
57.670000,144.951606,43.485482
57.675000,121.597863,36.479359
57.680000,104.273028,31.281908
57.685000,82.072854,24.621856
57.690000,70.733558,21.220067
57.695000,77.688138,23.306441
57.700000,76.186104,22.855831
57.705000,89.966144,26.989843
57.710000,97.379894,29.213968
57.715000,105.387465,31.616239
57.720000,118.616787,35.585036
57.725000,145.735145,43.720543
57.730000,149.761181,44.928354
57.735000,166.003195,49.800958
57.740000,201.187605,60.356282
57.745000,219.369870,65.810961
57.750000,221.011707,66.303512
57.755000,269.831430,80.949429
57.760000,309.815775,92.944733
57.765000,330.640012,99.192004
57.770000,340.300564,102.090169
57.775000,377.440386,113.232116
57.780000,398.047894,119.414368
57.785000,413.203335,123.961001
57.790000,441.540926,132.462278
57.795000,460.005241,138.001572
57.800000,467.607660,140.282298
57.805000,445.375363,133.612609
57.810000,457.103497,137.131049
57.815000,451.794779,135.538434
57.820000,438.695951,131.608785
57.825000,415.159669,124.547901
57.830000,421.090297,126.327089
57.835000,393.598909,118.079673
57.840000,371.118990,111.335697
57.845000,375.008664,112.502599
57.850000,385.805470,115.741641
57.855000,362.990772,108.897232
57.860000,324.024484,97.207345
57.865000,300.634588,90.190376
57.870000,259.823176,77.946953
57.875000,211.528464,63.458539
57.880000,185.391204,55.617361
57.885000,173.029077,51.908723
57.890000,141.127706,42.338312
57.895000,127.893496,38.368049
57.900000,105.798170,31.739451
57.905000,87.275152,26.182546
57.910000,68.693685,20.608105
57.915000,64.755468,19.426640
57.920000,49.906779,14.972034
57.925000,52.345914,15.703774
57.930000,39.940503,11.982151
57.935000,37.790620,11.337186
57.940000,29.297000,8.789100
57.945000,34.868186,10.460456
57.950000,20.082496,6.024749
57.955000,50.882506,15.264752
57.960000,56.765530,17.029659
57.965000,75.960571,22.788171
57.970000,87.337908,26.201372
57.975000,116.080765,34.824230
57.980000,118.273375,35.482013
57.985000,141.452665,42.435800
57.990000,160.212003,48.063601
57.995000,176.734196,53.020259
58.000000,197.390728,59.217218
58.005000,208.956199,62.686860
58.010000,251.190562,75.357169
58.015000,266.888320,80.066496
58.020000,291.104287,87.331286
58.025000,320.289051,96.086715
58.030000,359.459182,107.837755
58.035000,347.726765,104.318029
58.040000,359.802987,107.940896
58.045000,380.512613,114.153784
58.050000,389.933121,116.979936
58.055000,372.445628,111.733688
58.060000,373.741418,112.122425
58.065000,377.443137,113.232941
58.070000,378.269160,113.480748
58.075000,367.968838,110.390651
58.080000,374.991726,112.497518
58.085000,375.423065,112.626920
58.090000,367.059344,110.117803
58.095000,347.769924,104.330977
58.100000,326.781084,98.034325
58.105000,300.462804,90.138841
58.110000,270.258049,81.077415
58.115000,240.789477,72.236843
58.120000,213.906015,64.171805
58.125000,186.815137,56.044541
58.130000,152.824932,45.847480
58.135000,139.646522,41.893957
58.140000,123.867773,37.160332
58.145000,96.269228,28.880768
58.150000,69.840724,20.952217
58.155000,62.568851,18.770655
58.160000,59.013019,17.703906
58.165000,32.221977,9.666593
58.170000,6.765794,2.029738
58.175000,-3.733421,-1.120026
58.180000,-25.710320,-7.713096
58.185000,-60.041966,-18.012590
58.190000,-64.024784,-19.207435
58.195000,-42.866801,-12.860040
58.200000,-24.612135,-7.383640
58.205000,2.835286,0.850586
58.210000,29.912118,8.973635
58.215000,49.204373,14.761312
58.220000,67.179257,20.153777
58.225000,73.648396,22.094519
58.230000,79.115364,23.734609
58.235000,85.366371,25.609911
58.240000,121.763641,36.529092
58.245000,144.717411,43.415223
58.250000,169.841320,50.952396
58.255000,194.073913,58.222174
58.260000,227.281266,68.184380
58.265000,241.831572,72.549471
58.270000,262.097935,78.629380
58.275000,286.409575,85.922872
58.280000,310.315547,93.094664
58.285000,314.091065,94.227320
58.290000,323.698688,97.109607
58.295000,313.562656,94.068797
58.300000,335.399968,100.619990
58.305000,348.462642,104.538793
58.310000,368.194899,110.458470
58.315000,378.353500,113.506050
58.320000,404.437720,121.331316
58.325000,390.304864,117.091459
58.330000,356.024561,106.807368
58.335000,335.408616,100.622585
58.340000,291.788864,87.536659
58.345000,250.910387,75.273116
58.350000,212.952712,63.885814
58.355000,203.271167,60.981350
58.360000,184.168879,55.250664
58.365000,170.544915,51.163475
58.370000,148.980391,44.694117
58.375000,134.955646,40.486694
58.380000,107.559678,32.267903
58.385000,77.203581,23.161074
58.390000,40.370009,12.111003
58.395000,15.242072,4.572621
58.400000,-2.998804,-0.899641
58.405000,-20.166484,-6.049945
58.410000,-48.923703,-14.677111
58.415000,-47.768800,-14.330640
58.420000,-55.341094,-16.602328
58.425000,-79.841621,-23.952486
58.430000,-83.882077,-25.164623
58.435000,-82.702312,-24.810694
58.440000,-84.287771,-25.286331
58.445000,-85.256437,-25.576931
58.450000,-54.522400,-16.356720
58.455000,-54.346998,-16.304099
58.460000,-41.512750,-12.453825
58.465000,-19.480619,-5.844186
58.470000,-6.285031,-1.885509
58.475000,-4.294339,-1.288302
58.480000,0.355982,0.106795
58.485000,28.943180,8.682954
58.490000,45.861376,13.758413
58.495000,62.896092,18.868828
58.500000,96.189489,28.856847
58.505000,136.298419,40.889526
58.510000,155.945228,46.783568
58.515000,168.406439,50.521932
58.520000,187.384423,56.215327
58.525000,192.128319,57.638496
58.530000,200.147794,60.044338
58.535000,221.774759,66.532428
58.540000,252.947941,75.884382
58.545000,271.923403,81.577021
58.550000,271.798426,81.539528
58.555000,286.032794,85.809838
58.560000,275.738415,82.721525
58.565000,269.087651,80.726295
58.570000,271.426960,81.428088
58.575000,273.618011,82.085403
58.580000,267.090172,80.127052
58.585000,270.781659,81.234498
58.590000,267.302185,80.190656
58.595000,243.490506,73.047152
58.600000,232.324894,69.697468
58.605000,207.635066,62.290520
58.610000,167.136315,50.140894
58.615000,138.889688,41.666907
58.620000,120.554053,36.166216
58.625000,89.860458,26.958138
58.630000,68.563962,20.569189
58.635000,50.088391,15.026517
58.640000,6.569428,1.970828
58.645000,-6.043485,-1.813045
58.650000,-22.121369,-6.636411
58.655000,-43.141189,-12.942357
58.660000,-52.241456,-15.672437
58.665000,-49.220891,-14.766267
58.670000,-78.038651,-23.411595
58.675000,-90.694480,-27.208344
58.680000,-102.544341,-30.763302
58.685000,-109.155825,-32.746748
58.690000,-122.364245,-36.709273
58.695000,-99.029559,-29.708868
58.700000,-101.212942,-30.363883
58.705000,-86.116100,-25.834830
58.710000,-76.329373,-22.898812
58.715000,-63.065665,-18.919700
58.720000,-58.702742,-17.610823
58.725000,-38.002474,-11.400742
58.730000,-25.050864,-7.515259
58.735000,-6.844566,-2.053370
58.740000,12.895091,3.868527
58.745000,38.837153,11.651146
58.750000,68.768583,20.630575
58.755000,104.189690,31.256907
58.760000,117.253579,35.176074
58.765000,148.531811,44.559543
58.770000,154.762039,46.428612
58.775000,170.893177,51.267953
58.780000,191.823752,57.547126
58.785000,221.129721,66.338916
58.790000,231.580530,69.474159
58.795000,258.057382,77.417215
58.800000,273.973769,82.192131
58.805000,284.098054,85.229416
58.810000,269.597873,80.879362
58.815000,272.921894,81.876568
58.820000,256.791598,77.037479
58.825000,234.781249,70.434375
58.830000,210.996884,63.299065
58.835000,203.816515,61.144954
58.840000,167.910323,50.373097
58.845000,146.180894,43.854268
58.850000,131.094593,39.328378
58.855000,123.267341,36.980202
58.860000,103.448235,31.034470
58.865000,87.466931,26.240079
58.870000,53.591501,16.077450
58.875000,27.206767,8.162030
58.880000,-15.297876,-4.589363
58.885000,-33.589065,-10.076720
58.890000,-60.262778,-18.078833
58.895000,-73.824650,-22.147395
58.900000,-110.906060,-33.271818
58.905000,-127.532935,-38.259880
58.910000,-158.996730,-47.699019
58.915000,-184.686627,-55.405988
58.920000,-181.918917,-54.575675
58.925000,-169.486372,-50.845912
58.930000,-174.758882,-52.427665
58.935000,-163.030940,-48.909282
58.940000,-149.812106,-44.943632
58.945000,-147.820002,-44.346001
58.950000,-154.453334,-46.336000
58.955000,-133.168269,-39.950481
58.960000,-122.498007,-36.749402
58.965000,-114.630211,-34.389063
58.970000,-99.487371,-29.846211
58.975000,-56.367172,-16.910152
58.980000,-52.881899,-15.864570
58.985000,-23.814328,-7.144298
58.990000,12.759961,3.827988
58.995000,25.096494,7.528948
59.000000,13.372552,4.011766
59.005000,50.025820,15.007746
59.010000,62.274478,18.682343
59.015000,90.577681,27.173304
59.020000,108.946065,32.683820
59.025000,143.237404,42.971221
59.030000,161.350391,48.405117
59.035000,178.735383,53.620615
59.040000,186.980193,56.094058
59.045000,197.806784,59.342035
59.050000,215.756269,64.726881
59.055000,219.058391,65.717517
59.060000,221.386591,66.415977
59.065000,222.881154,66.864346
59.070000,219.844832,65.953450
59.075000,222.953260,66.885978
59.080000,202.341118,60.702335
59.085000,192.510452,57.753136
59.090000,192.575769,57.772731
59.095000,183.189190,54.956757
59.100000,140.037216,42.011165
59.105000,116.233685,34.870106
59.110000,91.761446,27.528434
59.115000,68.570671,20.571201
59.120000,47.414785,14.224435
59.125000,32.897305,9.869191
59.130000,21.832001,6.549600
59.135000,10.441472,3.132442
59.140000,-33.866911,-10.160073
59.145000,-46.914751,-14.074425
59.150000,-59.448900,-17.834670
59.155000,-81.858588,-24.557576
59.160000,-128.516566,-38.554970
59.165000,-135.610139,-40.683042
59.170000,-147.999330,-44.399799
59.175000,-166.310774,-49.893232
59.180000,-157.559004,-47.267701
59.185000,-141.067134,-42.320140
59.190000,-150.757270,-45.227181
59.195000,-153.968276,-46.190483
59.200000,-143.075191,-42.922557
59.205000,-145.600840,-43.680252
59.210000,-135.779650,-40.733895
59.215000,-102.246631,-30.673989
59.220000,-94.174718,-28.252415
59.225000,-75.994372,-22.798312
59.230000,-71.387257,-21.416177
59.235000,-53.160013,-15.948004
59.240000,-37.955705,-11.386712
59.245000,-13.928191,-4.178457
59.250000,6.636889,1.991067
59.255000,40.272181,12.081654
59.260000,73.627419,22.088226
59.265000,102.269007,30.680702
59.270000,136.702853,41.010856
59.275000,170.024519,51.007356
59.280000,192.940991,57.882297
59.285000,203.952241,61.185672
59.290000,200.004290,60.001287
59.295000,203.380253,61.014076
59.300000,198.228495,59.468549
59.305000,188.454441,56.536332
59.310000,209.612299,62.883690
59.315000,207.868083,62.360425
59.320000,210.725197,63.217559
59.325000,215.728253,64.718476
59.330000,219.593929,65.878179
59.335000,215.449301,64.634790
59.340000,216.074371,64.822311
59.345000,190.183614,57.055084
59.350000,180.966002,54.289801
59.355000,155.573703,46.672111
59.360000,100.726656,30.217997
59.365000,68.946902,20.684070
59.370000,45.695093,13.708528
59.375000,7.186050,2.155815
59.380000,-8.238022,-2.471407
59.385000,-33.166123,-9.949837
59.390000,-45.625488,-13.687646
59.395000,-44.600514,-13.380154
59.400000,-71.485611,-21.445683
59.405000,-94.151096,-28.245329
59.410000,-92.892812,-27.867844
59.415000,-100.217943,-30.065383
59.420000,-135.303242,-40.590973
59.425000,-146.039181,-43.811754
59.430000,-158.862921,-47.658876
59.435000,-158.213001,-47.463900
59.440000,-160.125302,-48.037591
59.445000,-168.559138,-50.567741
59.450000,-171.294561,-51.388368
59.455000,-163.326827,-48.998048
59.460000,-171.700315,-51.510095
59.465000,-160.318542,-48.095563
59.470000,-123.177258,-36.953177
59.475000,-69.952940,-20.985882
59.480000,-31.636509,-9.490953
59.485000,4.886489,1.465947
59.490000,35.676580,10.702974
59.495000,51.975745,15.592723
59.500000,50.457391,15.137217
59.505000,70.015502,21.004651
59.510000,101.998532,30.599560
59.515000,103.844205,31.153262
59.520000,141.773039,42.531912
59.525000,182.007265,54.602179
59.530000,197.736740,59.321022
59.535000,209.400983,62.820295
59.540000,235.816203,70.744861
59.545000,242.046635,72.613990
59.550000,251.617171,75.485151
59.555000,256.157751,76.847325
59.560000,267.138905,80.141671
59.565000,277.201150,83.160345
59.570000,281.540561,84.462168
59.575000,253.515538,76.054661
59.580000,236.458537,70.937561
59.585000,222.332408,66.699722
59.590000,196.540917,58.962275
59.595000,167.177224,50.153167
59.600000,158.436305,47.530892
59.605000,142.278068,42.683420
59.610000,112.432633,33.729790
59.615000,88.278821,26.483646
59.620000,64.738928,19.421678
59.625000,50.629622,15.188887
59.630000,27.722465,8.316740
59.635000,15.390267,4.617080
59.640000,-19.817841,-5.945352
59.645000,-15.950857,-4.785257
59.650000,-51.216569,-15.364971
59.655000,-55.324944,-16.597483
59.660000,-73.334344,-22.000303
59.665000,-69.152988,-20.745896
59.670000,-94.667164,-28.400149
59.675000,-92.814844,-27.844453
59.680000,-117.205632,-35.161690
59.685000,-124.037582,-37.211275
59.690000,-113.756399,-34.126920
59.695000,-120.204641,-36.061392
59.700000,-125.941047,-37.782314
59.705000,-106.309156,-31.892747
59.710000,-93.405556,-28.021667
59.715000,-84.526431,-25.357929
59.720000,-52.874783,-15.862435
59.725000,-14.187977,-4.256393
59.730000,17.034130,5.110239
59.735000,21.803216,6.540965
59.740000,62.373139,18.711942
59.745000,79.449842,23.834952
59.750000,108.009406,32.402822
59.755000,127.138703,38.141611
59.760000,167.892416,50.367725
59.765000,175.143608,52.543082
59.770000,211.332426,63.399728
59.775000,238.904449,71.671335
59.780000,267.157083,80.147125
59.785000,302.815132,90.844540
59.790000,314.927363,94.478209
59.795000,319.475291,95.842587
59.800000,313.712336,94.113701
59.805000,326.551933,97.965580
59.810000,314.892602,94.467780
59.815000,327.169259,98.150778
59.820000,334.941624,100.482487
59.825000,316.591054,94.977316
59.830000,315.584596,94.675379
59.835000,306.881293,92.064388
59.840000,282.631271,84.789381
59.845000,236.833593,71.050078
59.850000,233.017392,69.905218
59.855000,176.421656,52.926497
59.860000,152.917617,45.875285
59.865000,131.350291,39.405087
59.870000,138.327639,41.498292
59.875000,114.169120,34.250736
59.880000,117.760300,35.328090
59.885000,103.015566,30.904670
59.890000,98.505924,29.551777
59.895000,59.975239,17.992572
59.900000,48.787563,14.636269
59.905000,9.364761,2.809428
59.910000,-25.307440,-7.592232
59.915000,-58.049316,-17.414795
59.920000,-67.184478,-20.155343
59.925000,-91.468525,-27.440558
59.930000,-87.528432,-26.258530
59.935000,-74.731353,-22.419406
59.940000,-75.097054,-22.529116
59.945000,-71.889224,-21.566767
59.950000,-61.851014,-18.555304
59.955000,-36.770643,-11.031193
59.960000,-14.690634,-4.407190
59.965000,6.629800,1.988940
59.970000,25.293201,7.587960
59.975000,66.725020,20.017506
59.980000,81.677139,24.503142
59.985000,85.476243,25.642873
59.990000,108.884640,32.665392
59.995000,135.692887,40.707866
